#-----------------------------------------------------------
# Vivado v2025.2 (64-bit)
# SW Build 6299465 on Fri Nov 14 19:35:11 GMT 2025
# IP Build 6300035 on Fri Nov 14 10:48:45 MST 2025
# SharedData Build 6298862 on Thu Nov 13 04:50:51 MST 2025
# Start of session at: Wed Jun 10 11:48:49 2026
# Process ID         : 7984
# Current directory  : C:/Users/iruiz/AppData/Roaming/Xilinx/Vivado
# Command line       : vivado.exe -gui_launcher_event rodinguilauncherevent13800
# Log file           : C:/Users/iruiz/AppData/Roaming/Xilinx/Vivado/vivado.log
# Journal file       : C:/Users/iruiz/AppData/Roaming/Xilinx/Vivado\vivado.jou
# Running On         : DESKTOP-VRSFIRI
# Platform           : Windows Server 2016 or Windows 10
# Operating System   : 19045
# Processor Detail   : AMD Ryzen 7 3800X 8-Core Processor             
# CPU Frequency      : 4200 MHz
# CPU Physical cores : 8
# CPU Logical cores  : 16
# Host memory        : 17060 MB
# Swap memory        : 4831 MB
# Total Virtual      : 21892 MB
# Available Virtual  : 13858 MB
#-----------------------------------------------------------
start_gui
WARNING: [Board 49-26] cannot add Board Part xilinx.com:emb-plus-vpr-4616:part0:1.0 available at D:/AMDDesignTools/2025.2/data/xhub/boards\XilinxBoardStore\boards\Xilinx\emb-plus-vpr-4616\1.0\board.xml as part xcve2302-sfva784-2mp-e-s specified in board_part file is either invalid or not available
WARNING: [Board 49-26] cannot add Board Part xilinx.com:emb-plus-vpr-4616:part0:1.1 available at D:/AMDDesignTools/2025.2/data/xhub/boards\XilinxBoardStore\boards\Xilinx\emb-plus-vpr-4616\1.1\board.xml as part xcve2302-sfva784-2mp-e-s specified in board_part file is either invalid or not available
WARNING: [Board 49-26] cannot add Board Part xilinx.com:k24c:part0:1.0 available at D:/AMDDesignTools/2025.2/data/xhub/boards\XilinxBoardStore\boards\Xilinx\k24c\1.0\board.xml as part xck24-ubva530-2lv-c specified in board_part file is either invalid or not available
WARNING: [Board 49-26] cannot add Board Part xilinx.com:k24c:part0:1.1 available at D:/AMDDesignTools/2025.2/data/xhub/boards\XilinxBoardStore\boards\Xilinx\k24c\1.1\board.xml as part xck24-ubva530-2lv-c specified in board_part file is either invalid or not available
WARNING: [Board 49-26] cannot add Board Part xilinx.com:k24i:part0:1.0 available at D:/AMDDesignTools/2025.2/data/xhub/boards\XilinxBoardStore\boards\Xilinx\k24i\1.0\board.xml as part xck24-ubva530-2lvi-i specified in board_part file is either invalid or not available
WARNING: [Board 49-26] cannot add Board Part xilinx.com:k26c:part0:1.2 available at D:/AMDDesignTools/2025.2/data/xhub/boards\XilinxBoardStore\boards\Xilinx\k26c\1.2\board.xml as part xck26-sfvc784-2lv-c specified in board_part file is either invalid or not available
WARNING: [Board 49-26] cannot add Board Part xilinx.com:k26c:part0:1.3 available at D:/AMDDesignTools/2025.2/data/xhub/boards\XilinxBoardStore\boards\Xilinx\k26c\1.3\board.xml as part xck26-sfvc784-2lv-c specified in board_part file is either invalid or not available
WARNING: [Board 49-26] cannot add Board Part xilinx.com:k26c:part0:1.4 available at D:/AMDDesignTools/2025.2/data/xhub/boards\XilinxBoardStore\boards\Xilinx\k26c\1.4\board.xml as part xck26-sfvc784-2lv-c specified in board_part file is either invalid or not available
WARNING: [Board 49-26] cannot add Board Part xilinx.com:k26i:part0:1.2 available at D:/AMDDesignTools/2025.2/data/xhub/boards\XilinxBoardStore\boards\Xilinx\k26i\1.2\board.xml as part xck26-sfvc784-2lvi-i specified in board_part file is either invalid or not available
WARNING: [Board 49-26] cannot add Board Part xilinx.com:k26i:part0:1.3 available at D:/AMDDesignTools/2025.2/data/xhub/boards\XilinxBoardStore\boards\Xilinx\k26i\1.3\board.xml as part xck26-sfvc784-2lvi-i specified in board_part file is either invalid or not available
WARNING: [Board 49-26] cannot add Board Part xilinx.com:k26i:part0:1.4 available at D:/AMDDesignTools/2025.2/data/xhub/boards\XilinxBoardStore\boards\Xilinx\k26i\1.4\board.xml as part xck26-sfvc784-2lvi-i specified in board_part file is either invalid or not available
WARNING: [Board 49-26] cannot add Board Part xilinx.com:kc705:part0:1.6 available at D:/AMDDesignTools/2025.2/data/xhub/boards\XilinxBoardStore\boards\Xilinx\kc705\1.6\board.xml as part xc7k325tffg900-2 specified in board_part file is either invalid or not available
WARNING: [Board 49-26] cannot add Board Part xilinx.com:kc705:part0:1.7 available at D:/AMDDesignTools/2025.2/data/xhub/boards\XilinxBoardStore\boards\Xilinx\kc705\1.7\board.xml as part xc7k325tffg900-2 specified in board_part file is either invalid or not available
WARNING: [Board 49-26] cannot add Board Part xilinx.com:kcu105:part0:1.6 available at D:/AMDDesignTools/2025.2/data/xhub/boards\XilinxBoardStore\boards\Xilinx\kcu105\1.6\board.xml as part xcku040-ffva1156-2-e specified in board_part file is either invalid or not available
WARNING: [Board 49-26] cannot add Board Part xilinx.com:kcu105:part0:1.7 available at D:/AMDDesignTools/2025.2/data/xhub/boards\XilinxBoardStore\boards\Xilinx\kcu105\1.7\board.xml as part xcku040-ffva1156-2-e specified in board_part file is either invalid or not available
WARNING: [Board 49-26] cannot add Board Part xilinx.com:kcu116:part0:1.4 available at D:/AMDDesignTools/2025.2/data/xhub/boards\XilinxBoardStore\boards\Xilinx\kcu116\1.4\board.xml as part xcku5p-ffvb676-2-e specified in board_part file is either invalid or not available
WARNING: [Board 49-26] cannot add Board Part xilinx.com:kcu116:part0:1.5 available at D:/AMDDesignTools/2025.2/data/xhub/boards\XilinxBoardStore\boards\Xilinx\kcu116\1.5\board.xml as part xcku5p-ffvb676-2-e specified in board_part file is either invalid or not available
WARNING: [Board 49-26] cannot add Board Part xilinx.com:kcu1500:part0:1.2 available at D:/AMDDesignTools/2025.2/data/xhub/boards\XilinxBoardStore\boards\Xilinx\kcu1500\1.2\board.xml as part xcku115-flvb2104-2-e specified in board_part file is either invalid or not available
WARNING: [Board 49-26] cannot add Board Part xilinx.com:kd240_som:part0:1.0 available at D:/AMDDesignTools/2025.2/data/xhub/boards\XilinxBoardStore\boards\Xilinx\kd240_som\1.0\board.xml as part xck24-ubva530-2lv-c specified in board_part file is either invalid or not available
WARNING: [Board 49-26] cannot add Board Part xilinx.com:kd240_som:part0:1.1 available at D:/AMDDesignTools/2025.2/data/xhub/boards\XilinxBoardStore\boards\Xilinx\kd240_som\1.1\board.xml as part xck24-ubva530-2lv-c specified in board_part file is either invalid or not available
WARNING: [Board 49-26] cannot add Board Part xilinx.com:kr260_som:part0:1.0 available at D:/AMDDesignTools/2025.2/data/xhub/boards\XilinxBoardStore\boards\Xilinx\kr260_som\1.0\board.xml as part xck26-sfvc784-2lv-c specified in board_part file is either invalid or not available
WARNING: [Board 49-26] cannot add Board Part xilinx.com:kr260_som:part0:1.1 available at D:/AMDDesignTools/2025.2/data/xhub/boards\XilinxBoardStore\boards\Xilinx\kr260_som\1.1\board.xml as part xck26-sfvc784-2lv-c specified in board_part file is either invalid or not available
WARNING: [Board 49-26] cannot add Board Part xilinx.com:kv260_som:part0:1.2 available at D:/AMDDesignTools/2025.2/data/xhub/boards\XilinxBoardStore\boards\Xilinx\kv260_som\1.2\board.xml as part xck26-sfvc784-2lv-c specified in board_part file is either invalid or not available
WARNING: [Board 49-26] cannot add Board Part xilinx.com:kv260_som:part0:1.3 available at D:/AMDDesignTools/2025.2/data/xhub/boards\XilinxBoardStore\boards\Xilinx\kv260_som\1.3\board.xml as part xck26-sfvc784-2lv-c specified in board_part file is either invalid or not available
WARNING: [Board 49-26] cannot add Board Part xilinx.com:kv260_som:part0:1.4 available at D:/AMDDesignTools/2025.2/data/xhub/boards\XilinxBoardStore\boards\Xilinx\kv260_som\1.4\board.xml as part xck26-sfvc784-2lv-c specified in board_part file is either invalid or not available
WARNING: [Board 49-26] cannot add Board Part xilinx.com:scu35:part0:1.0 available at D:/AMDDesignTools/2025.2/data/xhub/boards\XilinxBoardStore\boards\Xilinx\scu35\1.0\board.xml as part xcsu35p-sbvb625-2-e specified in board_part file is either invalid or not available
WARNING: [Board 49-26] cannot add Board Part xilinx.com:sp701:part0:1.0 available at D:/AMDDesignTools/2025.2/data/xhub/boards\XilinxBoardStore\boards\Xilinx\sp701\1.0\board.xml as part xc7s100fgga676-2 specified in board_part file is either invalid or not available
WARNING: [Board 49-26] cannot add Board Part xilinx.com:sp701:part0:1.1 available at D:/AMDDesignTools/2025.2/data/xhub/boards\XilinxBoardStore\boards\Xilinx\sp701\1.1\board.xml as part xc7s100fgga676-2 specified in board_part file is either invalid or not available
WARNING: [Board 49-26] cannot add Board Part xilinx.com:v80:part0:1.0 available at D:/AMDDesignTools/2025.2/data/xhub/boards\XilinxBoardStore\boards\Xilinx\v80\1.0\board.xml as part xcv80-lsva4737-2mhp-e-s specified in board_part file is either invalid or not available
WARNING: [Board 49-26] cannot add Board Part xilinx.com:vc707:part0:1.4 available at D:/AMDDesignTools/2025.2/data/xhub/boards\XilinxBoardStore\boards\Xilinx\vc707\1.4\board.xml as part xc7vx485tffg1761-2 specified in board_part file is either invalid or not available
WARNING: [Board 49-26] cannot add Board Part xilinx.com:vc707:part0:1.5 available at D:/AMDDesignTools/2025.2/data/xhub/boards\XilinxBoardStore\boards\Xilinx\vc707\1.5\board.xml as part xc7vx485tffg1761-2 specified in board_part file is either invalid or not available
WARNING: [Board 49-26] cannot add Board Part xilinx.com:vc709:part0:1.8 available at D:/AMDDesignTools/2025.2/data/xhub/boards\XilinxBoardStore\boards\Xilinx\vc709\1.8\board.xml as part xc7vx690tffg1761-2 specified in board_part file is either invalid or not available
WARNING: [Board 49-26] cannot add Board Part xilinx.com:vck190:part0:2.2 available at D:/AMDDesignTools/2025.2/data/xhub/boards\XilinxBoardStore\boards\Xilinx\vck190\production\2.2\board.xml as part xcvc1902-vsva2197-2mp-e-s specified in board_part file is either invalid or not available
WARNING: [Board 49-26] cannot add Board Part xilinx.com:vck190:part0:3.0 available at D:/AMDDesignTools/2025.2/data/xhub/boards\XilinxBoardStore\boards\Xilinx\vck190\production\3.0\board.xml as part xcvc1902-vsva2197-2mp-e-s specified in board_part file is either invalid or not available
WARNING: [Board 49-26] cannot add Board Part xilinx.com:vck190:part0:3.1 available at D:/AMDDesignTools/2025.2/data/xhub/boards\XilinxBoardStore\boards\Xilinx\vck190\production\3.1\board.xml as part xcvc1902-vsva2197-2mp-e-s specified in board_part file is either invalid or not available
WARNING: [Board 49-26] cannot add Board Part xilinx.com:vck190:part0:3.2 available at D:/AMDDesignTools/2025.2/data/xhub/boards\XilinxBoardStore\boards\Xilinx\vck190\production\3.2\board.xml as part xcvc1902-vsva2197-2mp-e-s specified in board_part file is either invalid or not available
WARNING: [Board 49-26] cannot add Board Part xilinx.com:vck190:part0:3.3 available at D:/AMDDesignTools/2025.2/data/xhub/boards\XilinxBoardStore\boards\Xilinx\vck190\production\3.3\board.xml as part xcvc1902-vsva2197-2mp-e-s specified in board_part file is either invalid or not available
WARNING: [Board 49-26] cannot add Board Part xilinx.com:vck190:part0:3.4 available at D:/AMDDesignTools/2025.2/data/xhub/boards\XilinxBoardStore\boards\Xilinx\vck190\production\3.4\board.xml as part xcvc1902-vsva2197-2mp-e-s specified in board_part file is either invalid or not available
WARNING: [Board 49-26] cannot add Board Part xilinx.com:vck190_newl:part0:1.0 available at D:/AMDDesignTools/2025.2/data/xhub/boards\XilinxBoardStore\boards\Xilinx\vck190_newl\production\1.0\board.xml as part xcvc1902-vsva2197-2mp-e-s specified in board_part file is either invalid or not available
WARNING: [Board 49-26] cannot add Board Part xilinx.com:vck190_newl:part0:1.1 available at D:/AMDDesignTools/2025.2/data/xhub/boards\XilinxBoardStore\boards\Xilinx\vck190_newl\production\1.1\board.xml as part xcvc1902-vsva2197-2mp-e-s specified in board_part file is either invalid or not available
WARNING: [Board 49-26] cannot add Board Part xilinx.com:vck190_newl:part0:1.2 available at D:/AMDDesignTools/2025.2/data/xhub/boards\XilinxBoardStore\boards\Xilinx\vck190_newl\production\1.2\board.xml as part xcvc1902-vsva2197-2mp-e-s specified in board_part file is either invalid or not available
WARNING: [Board 49-26] cannot add Board Part xilinx.com:vck190_newl:part0:1.3 available at D:/AMDDesignTools/2025.2/data/xhub/boards\XilinxBoardStore\boards\Xilinx\vck190_newl\production\1.3\board.xml as part xcvc1902-vsva2197-2mp-e-s specified in board_part file is either invalid or not available
WARNING: [Board 49-26] cannot add Board Part xilinx.com:vcu108:part0:1.6 available at D:/AMDDesignTools/2025.2/data/xhub/boards\XilinxBoardStore\boards\Xilinx\vcu108\1.6\board.xml as part xcvu095-ffva2104-2-e specified in board_part file is either invalid or not available
WARNING: [Board 49-26] cannot add Board Part xilinx.com:vcu108:part0:1.7 available at D:/AMDDesignTools/2025.2/data/xhub/boards\XilinxBoardStore\boards\Xilinx\vcu108\1.7\board.xml as part xcvu095-ffva2104-2-e specified in board_part file is either invalid or not available
WARNING: [Board 49-26] cannot add Board Part xilinx.com:vcu110:part0:1.4 available at D:/AMDDesignTools/2025.2/data/xhub/boards\XilinxBoardStore\boards\Xilinx\vcu110\1.4\board.xml as part xcvu190-flgc2104-2-e specified in board_part file is either invalid or not available
WARNING: [Board 49-26] cannot add Board Part xilinx.com:vcu118:part0:2.0 available at D:/AMDDesignTools/2025.2/data/xhub/boards\XilinxBoardStore\boards\Xilinx\vcu118\2.0\board.xml as part xcvu9p-flga2104-2l-e specified in board_part file is either invalid or not available
WARNING: [Board 49-26] cannot add Board Part xilinx.com:vcu118:part0:2.3 available at D:/AMDDesignTools/2025.2/data/xhub/boards\XilinxBoardStore\boards\Xilinx\vcu118\2.3\board.xml as part xcvu9p-flga2104-2l-e specified in board_part file is either invalid or not available
WARNING: [Board 49-26] cannot add Board Part xilinx.com:vcu118:part0:2.4 available at D:/AMDDesignTools/2025.2/data/xhub/boards\XilinxBoardStore\boards\Xilinx\vcu118\2.4\board.xml as part xcvu9p-flga2104-2l-e specified in board_part file is either invalid or not available
WARNING: [Board 49-26] cannot add Board Part xilinx.com:vcu128:part0:1.0 available at D:/AMDDesignTools/2025.2/data/xhub/boards\XilinxBoardStore\boards\Xilinx\vcu128\production\1.0\board.xml as part xcvu37p-fsvh2892-2l-e specified in board_part file is either invalid or not available
WARNING: [Board 49-26] cannot add Board Part xilinx.com:vcu129:part0:1.0 available at D:/AMDDesignTools/2025.2/data/xhub/boards\XilinxBoardStore\boards\Xilinx\vcu129\production\1.0\board.xml as part xcvu29p-fsga2577-2l-e specified in board_part file is either invalid or not available
WARNING: [Board 49-26] cannot add Board Part xilinx.com:vcu1525:part0:1.3 available at D:/AMDDesignTools/2025.2/data/xhub/boards\XilinxBoardStore\boards\Xilinx\vcu1525\1.3\board.xml as part xcvu9p-fsgd2104-2l-e specified in board_part file is either invalid or not available
WARNING: [Board 49-26] cannot add Board Part xilinx.com:vek280:part0:1.0 available at D:/AMDDesignTools/2025.2/data/xhub/boards\XilinxBoardStore\boards\Xilinx\vek280\production\1.0\board.xml as part xcve2802-vsvh1760-2mp-e-s specified in board_part file is either invalid or not available
WARNING: [Board 49-26] cannot add Board Part xilinx.com:vek280:part0:1.1 available at D:/AMDDesignTools/2025.2/data/xhub/boards\XilinxBoardStore\boards\Xilinx\vek280\production\1.1\board.xml as part xcve2802-vsvh1760-2mp-e-s specified in board_part file is either invalid or not available
WARNING: [Board 49-26] cannot add Board Part xilinx.com:vek280:part0:1.2 available at D:/AMDDesignTools/2025.2/data/xhub/boards\XilinxBoardStore\boards\Xilinx\vek280\production\1.2\board.xml as part xcve2802-vsvh1760-2mp-e-s specified in board_part file is either invalid or not available
WARNING: [Board 49-26] cannot add Board Part xilinx.com:vek385:part0:1.0 available at D:/AMDDesignTools/2025.2/data/xhub/boards\XilinxBoardStore\boards\Xilinx\vek385\1.0\board.xml as part xc2ve3858-ssva2112-2mp-e-s specified in board_part file is either invalid or not available
WARNING: [Board 49-26] cannot add Board Part xilinx.com:vek385:part0:1.1 available at D:/AMDDesignTools/2025.2/data/xhub/boards\XilinxBoardStore\boards\Xilinx\vek385\1.1\board.xml as part xc2ve3858-ssva2112-2mp-e-s specified in board_part file is either invalid or not available
WARNING: [Board 49-26] cannot add Board Part xilinx.com:vek385_1:part0:1.0 available at D:/AMDDesignTools/2025.2/data/xhub/boards\XilinxBoardStore\boards\Xilinx\vek385_2\1.0\board.xml as part xc2ve3858-ssva2112-2mp-e-s specified in board_part file is either invalid or not available
WARNING: [Board 49-26] cannot add Board Part xilinx.com:vermeo_t1_mpsoc:part0:1.0 available at D:/AMDDesignTools/2025.2/data/xhub/boards\XilinxBoardStore\boards\Xilinx\vermeo_t1_mpsoc\1.0\board.xml as part xczu19eg-ffvd1760-2l-e specified in board_part file is either invalid or not available
WARNING: [Board 49-26] cannot add Board Part xilinx.com:vermeo_t1_rfsoc:part0:1.0 available at D:/AMDDesignTools/2025.2/data/xhub/boards\XilinxBoardStore\boards\Xilinx\vermeo_t1_rfsoc\1.0\board.xml as part xczu21dr-ffvd1156-2l-e specified in board_part file is either invalid or not available
WARNING: [Board 49-26] cannot add Board Part xilinx.com:vhk158:part0:1.0 available at D:/AMDDesignTools/2025.2/data/xhub/boards\XilinxBoardStore\boards\Xilinx\vhk158\production\1.0\board.xml as part xcvh1582-vsva3697-2mp-e-s specified in board_part file is either invalid or not available
WARNING: [Board 49-26] cannot add Board Part xilinx.com:vhk158:part0:1.1 available at D:/AMDDesignTools/2025.2/data/xhub/boards\XilinxBoardStore\boards\Xilinx\vhk158\production\1.1\board.xml as part xcvh1582-vsva3697-2mp-e-s specified in board_part file is either invalid or not available
WARNING: [Board 49-26] cannot add Board Part xilinx.com:vhk158:part0:1.2 available at D:/AMDDesignTools/2025.2/data/xhub/boards\XilinxBoardStore\boards\Xilinx\vhk158\production\1.2\board.xml as part xcvh1582-vsva3697-2mp-e-s specified in board_part file is either invalid or not available
WARNING: [Board 49-26] cannot add Board Part xilinx.com:vmk180:part0:2.2 available at D:/AMDDesignTools/2025.2/data/xhub/boards\XilinxBoardStore\boards\Xilinx\vmk180\production\2.2\board.xml as part xcvm1802-vsva2197-2mp-e-s specified in board_part file is either invalid or not available
WARNING: [Board 49-26] cannot add Board Part xilinx.com:vmk180:part0:3.0 available at D:/AMDDesignTools/2025.2/data/xhub/boards\XilinxBoardStore\boards\Xilinx\vmk180\production\3.0\board.xml as part xcvm1802-vsva2197-2mp-e-s specified in board_part file is either invalid or not available
WARNING: [Board 49-26] cannot add Board Part xilinx.com:vmk180:part0:3.1 available at D:/AMDDesignTools/2025.2/data/xhub/boards\XilinxBoardStore\boards\Xilinx\vmk180\production\3.1\board.xml as part xcvm1802-vsva2197-2mp-e-s specified in board_part file is either invalid or not available
WARNING: [Board 49-26] cannot add Board Part xilinx.com:vmk180:part0:3.2 available at D:/AMDDesignTools/2025.2/data/xhub/boards\XilinxBoardStore\boards\Xilinx\vmk180\production\3.2\board.xml as part xcvm1802-vsva2197-2mp-e-s specified in board_part file is either invalid or not available
WARNING: [Board 49-26] cannot add Board Part xilinx.com:vmk180:part0:3.3 available at D:/AMDDesignTools/2025.2/data/xhub/boards\XilinxBoardStore\boards\Xilinx\vmk180\production\3.3\board.xml as part xcvm1802-vsva2197-2mp-e-s specified in board_part file is either invalid or not available
WARNING: [Board 49-26] cannot add Board Part xilinx.com:vmk180_newl:part0:1.0 available at D:/AMDDesignTools/2025.2/data/xhub/boards\XilinxBoardStore\boards\Xilinx\vmk180_newl\production\1.0\board.xml as part xcvm1802-vsva2197-2mp-e-s specified in board_part file is either invalid or not available
WARNING: [Board 49-26] cannot add Board Part xilinx.com:vmk180_newl:part0:1.1 available at D:/AMDDesignTools/2025.2/data/xhub/boards\XilinxBoardStore\boards\Xilinx\vmk180_newl\production\1.1\board.xml as part xcvm1802-vsva2197-2mp-e-s specified in board_part file is either invalid or not available
WARNING: [Board 49-26] cannot add Board Part xilinx.com:vpk120:part0:1.0 available at D:/AMDDesignTools/2025.2/data/xhub/boards\XilinxBoardStore\boards\Xilinx\vpk120\production\1.0\board.xml as part xcvp1202-vsva2785-2mp-e-s specified in board_part file is either invalid or not available
WARNING: [Board 49-26] cannot add Board Part xilinx.com:vpk120:part0:1.1 available at D:/AMDDesignTools/2025.2/data/xhub/boards\XilinxBoardStore\boards\Xilinx\vpk120\production\1.1\board.xml as part xcvp1202-vsva2785-2mp-e-s specified in board_part file is either invalid or not available
WARNING: [Board 49-26] cannot add Board Part xilinx.com:vpk120:part0:1.2 available at D:/AMDDesignTools/2025.2/data/xhub/boards\XilinxBoardStore\boards\Xilinx\vpk120\production\1.2\board.xml as part xcvp1202-vsva2785-2mp-e-s specified in board_part file is either invalid or not available
WARNING: [Board 49-26] cannot add Board Part xilinx.com:vpk180:part0:1.0 available at D:/AMDDesignTools/2025.2/data/xhub/boards\XilinxBoardStore\boards\Xilinx\vpk180\production\1.0\board.xml as part xcvp1802-lsvc4072-2mp-e-s specified in board_part file is either invalid or not available
WARNING: [Board 49-26] cannot add Board Part xilinx.com:vpk180:part0:1.1 available at D:/AMDDesignTools/2025.2/data/xhub/boards\XilinxBoardStore\boards\Xilinx\vpk180\production\1.1\board.xml as part xcvp1802-lsvc4072-2mp-e-s specified in board_part file is either invalid or not available
WARNING: [Board 49-26] cannot add Board Part xilinx.com:vpk180:part0:1.2 available at D:/AMDDesignTools/2025.2/data/xhub/boards\XilinxBoardStore\boards\Xilinx\vpk180\production\1.2\board.xml as part xcvp1802-lsvc4072-2mp-e-s specified in board_part file is either invalid or not available
WARNING: [Board 49-26] cannot add Board Part xilinx.com:vrk160:part0:1.0 available at D:/AMDDesignTools/2025.2/data/xhub/boards\XilinxBoardStore\boards\Xilinx\vrk160\1.0\board.xml as part xcvr1602-vsva2488-2mp-e-s-es1 specified in board_part file is either invalid or not available
WARNING: [Board 49-26] cannot add Board Part xilinx.com:vrk160:part0:1.1 available at D:/AMDDesignTools/2025.2/data/xhub/boards\XilinxBoardStore\boards\Xilinx\vrk160\1.1\board.xml as part xcvr1602-vsva2488-2mp-e-s-es1 specified in board_part file is either invalid or not available
WARNING: [Board 49-26] cannot add Board Part xilinx.com:zc702:part0:1.4 available at D:/AMDDesignTools/2025.2/data/xhub/boards\XilinxBoardStore\boards\Xilinx\zc702\1.4\board.xml as part xc7z020clg484-1 specified in board_part file is either invalid or not available
WARNING: [Board 49-26] cannot add Board Part xilinx.com:zc706:part0:1.4 available at D:/AMDDesignTools/2025.2/data/xhub/boards\XilinxBoardStore\boards\Xilinx\zc706\1.4\board.xml as part xc7z045ffg900-2 specified in board_part file is either invalid or not available
WARNING: [Board 49-26] cannot add Board Part xilinx.com:zc706:part0:1.5 available at D:/AMDDesignTools/2025.2/data/xhub/boards\XilinxBoardStore\boards\Xilinx\zc706\1.5\board.xml as part xc7z045ffg900-2 specified in board_part file is either invalid or not available
WARNING: [Board 49-26] cannot add Board Part xilinx.com:zcu102:part0:3.3 available at D:/AMDDesignTools/2025.2/data/xhub/boards\XilinxBoardStore\boards\Xilinx\zcu102\3.3\board.xml as part xczu9eg-ffvb1156-2-e specified in board_part file is either invalid or not available
WARNING: [Board 49-26] cannot add Board Part xilinx.com:zcu102:part0:3.4 available at D:/AMDDesignTools/2025.2/data/xhub/boards\XilinxBoardStore\boards\Xilinx\zcu102\3.4\board.xml as part xczu9eg-ffvb1156-2-e specified in board_part file is either invalid or not available
WARNING: [Board 49-26] cannot add Board Part xilinx.com:zcu104:part0:1.1 available at D:/AMDDesignTools/2025.2/data/xhub/boards\XilinxBoardStore\boards\Xilinx\zcu104\1.1\board.xml as part xczu7ev-ffvc1156-2-e specified in board_part file is either invalid or not available
WARNING: [Board 49-26] cannot add Board Part xilinx.com:zcu106:part0:2.4 available at D:/AMDDesignTools/2025.2/data/xhub/boards\XilinxBoardStore\boards\Xilinx\zcu106\2.4\board.xml as part xczu7ev-ffvc1156-2-e specified in board_part file is either invalid or not available
WARNING: [Board 49-26] cannot add Board Part xilinx.com:zcu106:part0:2.5 available at D:/AMDDesignTools/2025.2/data/xhub/boards\XilinxBoardStore\boards\Xilinx\zcu106\2.5\board.xml as part xczu7ev-ffvc1156-2-e specified in board_part file is either invalid or not available
WARNING: [Board 49-26] cannot add Board Part xilinx.com:zcu106:part0:2.6 available at D:/AMDDesignTools/2025.2/data/xhub/boards\XilinxBoardStore\boards\Xilinx\zcu106\2.6\board.xml as part xczu7ev-ffvc1156-2-e specified in board_part file is either invalid or not available
WARNING: [Board 49-26] cannot add Board Part xilinx.com:zcu111:part0:1.2 available at D:/AMDDesignTools/2025.2/data/xhub/boards\XilinxBoardStore\boards\Xilinx\zcu111\1.2\board.xml as part xczu28dr-ffvg1517-2-e specified in board_part file is either invalid or not available
WARNING: [Board 49-26] cannot add Board Part xilinx.com:zcu111:part0:1.3 available at D:/AMDDesignTools/2025.2/data/xhub/boards\XilinxBoardStore\boards\Xilinx\zcu111\1.3\board.xml as part xczu28dr-ffvg1517-2-e specified in board_part file is either invalid or not available
WARNING: [Board 49-26] cannot add Board Part xilinx.com:zcu111:part0:1.4 available at D:/AMDDesignTools/2025.2/data/xhub/boards\XilinxBoardStore\boards\Xilinx\zcu111\1.4\board.xml as part xczu28dr-ffvg1517-2-e specified in board_part file is either invalid or not available
WARNING: [Board 49-26] cannot add Board Part xilinx.com:zcu1275:part0:1.0 available at D:/AMDDesignTools/2025.2/data/xhub/boards\XilinxBoardStore\boards\Xilinx\zcu1275\1.0\board.xml as part xczu29dr-ffvf1760-2-e specified in board_part file is either invalid or not available
WARNING: [Board 49-26] cannot add Board Part xilinx.com:zcu1285:part0:1.0 available at D:/AMDDesignTools/2025.2/data/xhub/boards\XilinxBoardStore\boards\Xilinx\zcu1285\1.0\board.xml as part xczu39dr-ffvf1760-2-i specified in board_part file is either invalid or not available
WARNING: [Board 49-26] cannot add Board Part xilinx.com:zcu208:part0:2.0 available at D:/AMDDesignTools/2025.2/data/xhub/boards\XilinxBoardStore\boards\Xilinx\zcu208\production\2.0\board.xml as part xczu48dr-fsvg1517-2-e specified in board_part file is either invalid or not available
WARNING: [Board 49-26] cannot add Board Part xilinx.com:zcu208ld:part0:2.0 available at D:/AMDDesignTools/2025.2/data/xhub/boards\XilinxBoardStore\boards\Xilinx\zcu208ld\production\2.0\board.xml as part xczu58dr-fsvg1517-2-i specified in board_part file is either invalid or not available
WARNING: [Board 49-26] cannot add Board Part xilinx.com:zcu216:part0:2.0 available at D:/AMDDesignTools/2025.2/data/xhub/boards\XilinxBoardStore\boards\Xilinx\zcu216\production\2.0\board.xml as part xczu49dr-ffvf1760-2-e specified in board_part file is either invalid or not available
WARNING: [Board 49-26] cannot add Board Part xilinx.com:zcu216ld:part0:2.0 available at D:/AMDDesignTools/2025.2/data/xhub/boards\XilinxBoardStore\boards\Xilinx\zcu216ld\production\2.0\board.xml as part xczu59dr-ffvf1760-2-i specified in board_part file is either invalid or not available
WARNING: [Board 49-26] cannot add Board Part xilinx.com:zcu670:part0:2.0 available at D:/AMDDesignTools/2025.2/data/xhub/boards\XilinxBoardStore\boards\Xilinx\zcu670\2.0\board.xml as part xczu67dr-fsve1156-2-i specified in board_part file is either invalid or not available
WARNING: [Board 49-26] cannot add Board Part xilinx.com:zcu670ld:part0:1.0 available at D:/AMDDesignTools/2025.2/data/xhub/boards\XilinxBoardStore\boards\Xilinx\zcu670ld\1.0\board.xml as part xczu57dr-fsve1156-2-i specified in board_part file is either invalid or not available
open_project C:/Users/iruiz/Downloads/CIM31-012_PFA/CIM31-012_PFA/CIM31-012_PFA.xpr
INFO: [filemgmt 56-3] Default IP Output Path : Could not find the directory 'C:/Users/iruiz/Downloads/CIM31-012_PFA/CIM31-012_PFA/CIM31-012_PFA.gen/sources_1'.
CRITICAL WARNING: [Project 1-19] Could not find the file 'C:/Users/iruiz/Downloads/Downloads/PHR_12_PFA_UARTCASI.xpr/PHR_12_PFA_VGAonly/archive_project_summary.txt'.
CRITICAL WARNING: [Project 1-19] Could not find the file 'C:/Users/iruiz/Downloads/CIM31-012_PFA/PHR_12_PFA_VGA_Registros.xpr/PHR_12_PFA_VGAonly/PHR_12_PFA_VGAonly.srcs/sources_1/new/AuxReg.vhd'.
Scanning sources...
Finished scanning sources
WARNING: [Board 49-26] cannot add Board Part xilinx.com:emb-plus-vpr-4616:part0:1.0 available at D:/AMDDesignTools/2025.2/data/xhub/boards\XilinxBoardStore\boards\Xilinx\emb-plus-vpr-4616\1.0\board.xml as part xcve2302-sfva784-2mp-e-s specified in board_part file is either invalid or not available
WARNING: [Board 49-26] cannot add Board Part xilinx.com:emb-plus-vpr-4616:part0:1.1 available at D:/AMDDesignTools/2025.2/data/xhub/boards\XilinxBoardStore\boards\Xilinx\emb-plus-vpr-4616\1.1\board.xml as part xcve2302-sfva784-2mp-e-s specified in board_part file is either invalid or not available
WARNING: [Board 49-26] cannot add Board Part xilinx.com:k24c:part0:1.0 available at D:/AMDDesignTools/2025.2/data/xhub/boards\XilinxBoardStore\boards\Xilinx\k24c\1.0\board.xml as part xck24-ubva530-2lv-c specified in board_part file is either invalid or not available
WARNING: [Board 49-26] cannot add Board Part xilinx.com:k24c:part0:1.1 available at D:/AMDDesignTools/2025.2/data/xhub/boards\XilinxBoardStore\boards\Xilinx\k24c\1.1\board.xml as part xck24-ubva530-2lv-c specified in board_part file is either invalid or not available
WARNING: [Board 49-26] cannot add Board Part xilinx.com:k24i:part0:1.0 available at D:/AMDDesignTools/2025.2/data/xhub/boards\XilinxBoardStore\boards\Xilinx\k24i\1.0\board.xml as part xck24-ubva530-2lvi-i specified in board_part file is either invalid or not available
WARNING: [Board 49-26] cannot add Board Part xilinx.com:k26c:part0:1.2 available at D:/AMDDesignTools/2025.2/data/xhub/boards\XilinxBoardStore\boards\Xilinx\k26c\1.2\board.xml as part xck26-sfvc784-2lv-c specified in board_part file is either invalid or not available
WARNING: [Board 49-26] cannot add Board Part xilinx.com:k26c:part0:1.3 available at D:/AMDDesignTools/2025.2/data/xhub/boards\XilinxBoardStore\boards\Xilinx\k26c\1.3\board.xml as part xck26-sfvc784-2lv-c specified in board_part file is either invalid or not available
WARNING: [Board 49-26] cannot add Board Part xilinx.com:k26c:part0:1.4 available at D:/AMDDesignTools/2025.2/data/xhub/boards\XilinxBoardStore\boards\Xilinx\k26c\1.4\board.xml as part xck26-sfvc784-2lv-c specified in board_part file is either invalid or not available
WARNING: [Board 49-26] cannot add Board Part xilinx.com:k26i:part0:1.2 available at D:/AMDDesignTools/2025.2/data/xhub/boards\XilinxBoardStore\boards\Xilinx\k26i\1.2\board.xml as part xck26-sfvc784-2lvi-i specified in board_part file is either invalid or not available
WARNING: [Board 49-26] cannot add Board Part xilinx.com:k26i:part0:1.3 available at D:/AMDDesignTools/2025.2/data/xhub/boards\XilinxBoardStore\boards\Xilinx\k26i\1.3\board.xml as part xck26-sfvc784-2lvi-i specified in board_part file is either invalid or not available
WARNING: [Board 49-26] cannot add Board Part xilinx.com:k26i:part0:1.4 available at D:/AMDDesignTools/2025.2/data/xhub/boards\XilinxBoardStore\boards\Xilinx\k26i\1.4\board.xml as part xck26-sfvc784-2lvi-i specified in board_part file is either invalid or not available
WARNING: [Board 49-26] cannot add Board Part xilinx.com:kc705:part0:1.6 available at D:/AMDDesignTools/2025.2/data/xhub/boards\XilinxBoardStore\boards\Xilinx\kc705\1.6\board.xml as part xc7k325tffg900-2 specified in board_part file is either invalid or not available
WARNING: [Board 49-26] cannot add Board Part xilinx.com:kc705:part0:1.7 available at D:/AMDDesignTools/2025.2/data/xhub/boards\XilinxBoardStore\boards\Xilinx\kc705\1.7\board.xml as part xc7k325tffg900-2 specified in board_part file is either invalid or not available
WARNING: [Board 49-26] cannot add Board Part xilinx.com:kcu105:part0:1.6 available at D:/AMDDesignTools/2025.2/data/xhub/boards\XilinxBoardStore\boards\Xilinx\kcu105\1.6\board.xml as part xcku040-ffva1156-2-e specified in board_part file is either invalid or not available
WARNING: [Board 49-26] cannot add Board Part xilinx.com:kcu105:part0:1.7 available at D:/AMDDesignTools/2025.2/data/xhub/boards\XilinxBoardStore\boards\Xilinx\kcu105\1.7\board.xml as part xcku040-ffva1156-2-e specified in board_part file is either invalid or not available
WARNING: [Board 49-26] cannot add Board Part xilinx.com:kcu116:part0:1.4 available at D:/AMDDesignTools/2025.2/data/xhub/boards\XilinxBoardStore\boards\Xilinx\kcu116\1.4\board.xml as part xcku5p-ffvb676-2-e specified in board_part file is either invalid or not available
WARNING: [Board 49-26] cannot add Board Part xilinx.com:kcu116:part0:1.5 available at D:/AMDDesignTools/2025.2/data/xhub/boards\XilinxBoardStore\boards\Xilinx\kcu116\1.5\board.xml as part xcku5p-ffvb676-2-e specified in board_part file is either invalid or not available
WARNING: [Board 49-26] cannot add Board Part xilinx.com:kcu1500:part0:1.2 available at D:/AMDDesignTools/2025.2/data/xhub/boards\XilinxBoardStore\boards\Xilinx\kcu1500\1.2\board.xml as part xcku115-flvb2104-2-e specified in board_part file is either invalid or not available
WARNING: [Board 49-26] cannot add Board Part xilinx.com:kd240_som:part0:1.0 available at D:/AMDDesignTools/2025.2/data/xhub/boards\XilinxBoardStore\boards\Xilinx\kd240_som\1.0\board.xml as part xck24-ubva530-2lv-c specified in board_part file is either invalid or not available
WARNING: [Board 49-26] cannot add Board Part xilinx.com:kd240_som:part0:1.1 available at D:/AMDDesignTools/2025.2/data/xhub/boards\XilinxBoardStore\boards\Xilinx\kd240_som\1.1\board.xml as part xck24-ubva530-2lv-c specified in board_part file is either invalid or not available
WARNING: [Board 49-26] cannot add Board Part xilinx.com:kr260_som:part0:1.0 available at D:/AMDDesignTools/2025.2/data/xhub/boards\XilinxBoardStore\boards\Xilinx\kr260_som\1.0\board.xml as part xck26-sfvc784-2lv-c specified in board_part file is either invalid or not available
WARNING: [Board 49-26] cannot add Board Part xilinx.com:kr260_som:part0:1.1 available at D:/AMDDesignTools/2025.2/data/xhub/boards\XilinxBoardStore\boards\Xilinx\kr260_som\1.1\board.xml as part xck26-sfvc784-2lv-c specified in board_part file is either invalid or not available
WARNING: [Board 49-26] cannot add Board Part xilinx.com:kv260_som:part0:1.2 available at D:/AMDDesignTools/2025.2/data/xhub/boards\XilinxBoardStore\boards\Xilinx\kv260_som\1.2\board.xml as part xck26-sfvc784-2lv-c specified in board_part file is either invalid or not available
WARNING: [Board 49-26] cannot add Board Part xilinx.com:kv260_som:part0:1.3 available at D:/AMDDesignTools/2025.2/data/xhub/boards\XilinxBoardStore\boards\Xilinx\kv260_som\1.3\board.xml as part xck26-sfvc784-2lv-c specified in board_part file is either invalid or not available
WARNING: [Board 49-26] cannot add Board Part xilinx.com:kv260_som:part0:1.4 available at D:/AMDDesignTools/2025.2/data/xhub/boards\XilinxBoardStore\boards\Xilinx\kv260_som\1.4\board.xml as part xck26-sfvc784-2lv-c specified in board_part file is either invalid or not available
WARNING: [Board 49-26] cannot add Board Part xilinx.com:scu35:part0:1.0 available at D:/AMDDesignTools/2025.2/data/xhub/boards\XilinxBoardStore\boards\Xilinx\scu35\1.0\board.xml as part xcsu35p-sbvb625-2-e specified in board_part file is either invalid or not available
WARNING: [Board 49-26] cannot add Board Part xilinx.com:sp701:part0:1.0 available at D:/AMDDesignTools/2025.2/data/xhub/boards\XilinxBoardStore\boards\Xilinx\sp701\1.0\board.xml as part xc7s100fgga676-2 specified in board_part file is either invalid or not available
WARNING: [Board 49-26] cannot add Board Part xilinx.com:sp701:part0:1.1 available at D:/AMDDesignTools/2025.2/data/xhub/boards\XilinxBoardStore\boards\Xilinx\sp701\1.1\board.xml as part xc7s100fgga676-2 specified in board_part file is either invalid or not available
WARNING: [Board 49-26] cannot add Board Part xilinx.com:v80:part0:1.0 available at D:/AMDDesignTools/2025.2/data/xhub/boards\XilinxBoardStore\boards\Xilinx\v80\1.0\board.xml as part xcv80-lsva4737-2mhp-e-s specified in board_part file is either invalid or not available
WARNING: [Board 49-26] cannot add Board Part xilinx.com:vc707:part0:1.4 available at D:/AMDDesignTools/2025.2/data/xhub/boards\XilinxBoardStore\boards\Xilinx\vc707\1.4\board.xml as part xc7vx485tffg1761-2 specified in board_part file is either invalid or not available
WARNING: [Board 49-26] cannot add Board Part xilinx.com:vc707:part0:1.5 available at D:/AMDDesignTools/2025.2/data/xhub/boards\XilinxBoardStore\boards\Xilinx\vc707\1.5\board.xml as part xc7vx485tffg1761-2 specified in board_part file is either invalid or not available
WARNING: [Board 49-26] cannot add Board Part xilinx.com:vc709:part0:1.8 available at D:/AMDDesignTools/2025.2/data/xhub/boards\XilinxBoardStore\boards\Xilinx\vc709\1.8\board.xml as part xc7vx690tffg1761-2 specified in board_part file is either invalid or not available
WARNING: [Board 49-26] cannot add Board Part xilinx.com:vck190:part0:2.2 available at D:/AMDDesignTools/2025.2/data/xhub/boards\XilinxBoardStore\boards\Xilinx\vck190\production\2.2\board.xml as part xcvc1902-vsva2197-2mp-e-s specified in board_part file is either invalid or not available
WARNING: [Board 49-26] cannot add Board Part xilinx.com:vck190:part0:3.0 available at D:/AMDDesignTools/2025.2/data/xhub/boards\XilinxBoardStore\boards\Xilinx\vck190\production\3.0\board.xml as part xcvc1902-vsva2197-2mp-e-s specified in board_part file is either invalid or not available
WARNING: [Board 49-26] cannot add Board Part xilinx.com:vck190:part0:3.1 available at D:/AMDDesignTools/2025.2/data/xhub/boards\XilinxBoardStore\boards\Xilinx\vck190\production\3.1\board.xml as part xcvc1902-vsva2197-2mp-e-s specified in board_part file is either invalid or not available
WARNING: [Board 49-26] cannot add Board Part xilinx.com:vck190:part0:3.2 available at D:/AMDDesignTools/2025.2/data/xhub/boards\XilinxBoardStore\boards\Xilinx\vck190\production\3.2\board.xml as part xcvc1902-vsva2197-2mp-e-s specified in board_part file is either invalid or not available
WARNING: [Board 49-26] cannot add Board Part xilinx.com:vck190:part0:3.3 available at D:/AMDDesignTools/2025.2/data/xhub/boards\XilinxBoardStore\boards\Xilinx\vck190\production\3.3\board.xml as part xcvc1902-vsva2197-2mp-e-s specified in board_part file is either invalid or not available
WARNING: [Board 49-26] cannot add Board Part xilinx.com:vck190:part0:3.4 available at D:/AMDDesignTools/2025.2/data/xhub/boards\XilinxBoardStore\boards\Xilinx\vck190\production\3.4\board.xml as part xcvc1902-vsva2197-2mp-e-s specified in board_part file is either invalid or not available
WARNING: [Board 49-26] cannot add Board Part xilinx.com:vck190_newl:part0:1.0 available at D:/AMDDesignTools/2025.2/data/xhub/boards\XilinxBoardStore\boards\Xilinx\vck190_newl\production\1.0\board.xml as part xcvc1902-vsva2197-2mp-e-s specified in board_part file is either invalid or not available
WARNING: [Board 49-26] cannot add Board Part xilinx.com:vck190_newl:part0:1.1 available at D:/AMDDesignTools/2025.2/data/xhub/boards\XilinxBoardStore\boards\Xilinx\vck190_newl\production\1.1\board.xml as part xcvc1902-vsva2197-2mp-e-s specified in board_part file is either invalid or not available
WARNING: [Board 49-26] cannot add Board Part xilinx.com:vck190_newl:part0:1.2 available at D:/AMDDesignTools/2025.2/data/xhub/boards\XilinxBoardStore\boards\Xilinx\vck190_newl\production\1.2\board.xml as part xcvc1902-vsva2197-2mp-e-s specified in board_part file is either invalid or not available
WARNING: [Board 49-26] cannot add Board Part xilinx.com:vck190_newl:part0:1.3 available at D:/AMDDesignTools/2025.2/data/xhub/boards\XilinxBoardStore\boards\Xilinx\vck190_newl\production\1.3\board.xml as part xcvc1902-vsva2197-2mp-e-s specified in board_part file is either invalid or not available
WARNING: [Board 49-26] cannot add Board Part xilinx.com:vcu108:part0:1.6 available at D:/AMDDesignTools/2025.2/data/xhub/boards\XilinxBoardStore\boards\Xilinx\vcu108\1.6\board.xml as part xcvu095-ffva2104-2-e specified in board_part file is either invalid or not available
WARNING: [Board 49-26] cannot add Board Part xilinx.com:vcu108:part0:1.7 available at D:/AMDDesignTools/2025.2/data/xhub/boards\XilinxBoardStore\boards\Xilinx\vcu108\1.7\board.xml as part xcvu095-ffva2104-2-e specified in board_part file is either invalid or not available
WARNING: [Board 49-26] cannot add Board Part xilinx.com:vcu110:part0:1.4 available at D:/AMDDesignTools/2025.2/data/xhub/boards\XilinxBoardStore\boards\Xilinx\vcu110\1.4\board.xml as part xcvu190-flgc2104-2-e specified in board_part file is either invalid or not available
WARNING: [Board 49-26] cannot add Board Part xilinx.com:vcu118:part0:2.0 available at D:/AMDDesignTools/2025.2/data/xhub/boards\XilinxBoardStore\boards\Xilinx\vcu118\2.0\board.xml as part xcvu9p-flga2104-2l-e specified in board_part file is either invalid or not available
WARNING: [Board 49-26] cannot add Board Part xilinx.com:vcu118:part0:2.3 available at D:/AMDDesignTools/2025.2/data/xhub/boards\XilinxBoardStore\boards\Xilinx\vcu118\2.3\board.xml as part xcvu9p-flga2104-2l-e specified in board_part file is either invalid or not available
WARNING: [Board 49-26] cannot add Board Part xilinx.com:vcu118:part0:2.4 available at D:/AMDDesignTools/2025.2/data/xhub/boards\XilinxBoardStore\boards\Xilinx\vcu118\2.4\board.xml as part xcvu9p-flga2104-2l-e specified in board_part file is either invalid or not available
WARNING: [Board 49-26] cannot add Board Part xilinx.com:vcu128:part0:1.0 available at D:/AMDDesignTools/2025.2/data/xhub/boards\XilinxBoardStore\boards\Xilinx\vcu128\production\1.0\board.xml as part xcvu37p-fsvh2892-2l-e specified in board_part file is either invalid or not available
WARNING: [Board 49-26] cannot add Board Part xilinx.com:vcu129:part0:1.0 available at D:/AMDDesignTools/2025.2/data/xhub/boards\XilinxBoardStore\boards\Xilinx\vcu129\production\1.0\board.xml as part xcvu29p-fsga2577-2l-e specified in board_part file is either invalid or not available
WARNING: [Board 49-26] cannot add Board Part xilinx.com:vcu1525:part0:1.3 available at D:/AMDDesignTools/2025.2/data/xhub/boards\XilinxBoardStore\boards\Xilinx\vcu1525\1.3\board.xml as part xcvu9p-fsgd2104-2l-e specified in board_part file is either invalid or not available
WARNING: [Board 49-26] cannot add Board Part xilinx.com:vek280:part0:1.0 available at D:/AMDDesignTools/2025.2/data/xhub/boards\XilinxBoardStore\boards\Xilinx\vek280\production\1.0\board.xml as part xcve2802-vsvh1760-2mp-e-s specified in board_part file is either invalid or not available
WARNING: [Board 49-26] cannot add Board Part xilinx.com:vek280:part0:1.1 available at D:/AMDDesignTools/2025.2/data/xhub/boards\XilinxBoardStore\boards\Xilinx\vek280\production\1.1\board.xml as part xcve2802-vsvh1760-2mp-e-s specified in board_part file is either invalid or not available
WARNING: [Board 49-26] cannot add Board Part xilinx.com:vek280:part0:1.2 available at D:/AMDDesignTools/2025.2/data/xhub/boards\XilinxBoardStore\boards\Xilinx\vek280\production\1.2\board.xml as part xcve2802-vsvh1760-2mp-e-s specified in board_part file is either invalid or not available
WARNING: [Board 49-26] cannot add Board Part xilinx.com:vek385:part0:1.0 available at D:/AMDDesignTools/2025.2/data/xhub/boards\XilinxBoardStore\boards\Xilinx\vek385\1.0\board.xml as part xc2ve3858-ssva2112-2mp-e-s specified in board_part file is either invalid or not available
WARNING: [Board 49-26] cannot add Board Part xilinx.com:vek385:part0:1.1 available at D:/AMDDesignTools/2025.2/data/xhub/boards\XilinxBoardStore\boards\Xilinx\vek385\1.1\board.xml as part xc2ve3858-ssva2112-2mp-e-s specified in board_part file is either invalid or not available
WARNING: [Board 49-26] cannot add Board Part xilinx.com:vek385_1:part0:1.0 available at D:/AMDDesignTools/2025.2/data/xhub/boards\XilinxBoardStore\boards\Xilinx\vek385_2\1.0\board.xml as part xc2ve3858-ssva2112-2mp-e-s specified in board_part file is either invalid or not available
WARNING: [Board 49-26] cannot add Board Part xilinx.com:vermeo_t1_mpsoc:part0:1.0 available at D:/AMDDesignTools/2025.2/data/xhub/boards\XilinxBoardStore\boards\Xilinx\vermeo_t1_mpsoc\1.0\board.xml as part xczu19eg-ffvd1760-2l-e specified in board_part file is either invalid or not available
WARNING: [Board 49-26] cannot add Board Part xilinx.com:vermeo_t1_rfsoc:part0:1.0 available at D:/AMDDesignTools/2025.2/data/xhub/boards\XilinxBoardStore\boards\Xilinx\vermeo_t1_rfsoc\1.0\board.xml as part xczu21dr-ffvd1156-2l-e specified in board_part file is either invalid or not available
WARNING: [Board 49-26] cannot add Board Part xilinx.com:vhk158:part0:1.0 available at D:/AMDDesignTools/2025.2/data/xhub/boards\XilinxBoardStore\boards\Xilinx\vhk158\production\1.0\board.xml as part xcvh1582-vsva3697-2mp-e-s specified in board_part file is either invalid or not available
WARNING: [Board 49-26] cannot add Board Part xilinx.com:vhk158:part0:1.1 available at D:/AMDDesignTools/2025.2/data/xhub/boards\XilinxBoardStore\boards\Xilinx\vhk158\production\1.1\board.xml as part xcvh1582-vsva3697-2mp-e-s specified in board_part file is either invalid or not available
WARNING: [Board 49-26] cannot add Board Part xilinx.com:vhk158:part0:1.2 available at D:/AMDDesignTools/2025.2/data/xhub/boards\XilinxBoardStore\boards\Xilinx\vhk158\production\1.2\board.xml as part xcvh1582-vsva3697-2mp-e-s specified in board_part file is either invalid or not available
WARNING: [Board 49-26] cannot add Board Part xilinx.com:vmk180:part0:2.2 available at D:/AMDDesignTools/2025.2/data/xhub/boards\XilinxBoardStore\boards\Xilinx\vmk180\production\2.2\board.xml as part xcvm1802-vsva2197-2mp-e-s specified in board_part file is either invalid or not available
WARNING: [Board 49-26] cannot add Board Part xilinx.com:vmk180:part0:3.0 available at D:/AMDDesignTools/2025.2/data/xhub/boards\XilinxBoardStore\boards\Xilinx\vmk180\production\3.0\board.xml as part xcvm1802-vsva2197-2mp-e-s specified in board_part file is either invalid or not available
WARNING: [Board 49-26] cannot add Board Part xilinx.com:vmk180:part0:3.1 available at D:/AMDDesignTools/2025.2/data/xhub/boards\XilinxBoardStore\boards\Xilinx\vmk180\production\3.1\board.xml as part xcvm1802-vsva2197-2mp-e-s specified in board_part file is either invalid or not available
WARNING: [Board 49-26] cannot add Board Part xilinx.com:vmk180:part0:3.2 available at D:/AMDDesignTools/2025.2/data/xhub/boards\XilinxBoardStore\boards\Xilinx\vmk180\production\3.2\board.xml as part xcvm1802-vsva2197-2mp-e-s specified in board_part file is either invalid or not available
WARNING: [Board 49-26] cannot add Board Part xilinx.com:vmk180:part0:3.3 available at D:/AMDDesignTools/2025.2/data/xhub/boards\XilinxBoardStore\boards\Xilinx\vmk180\production\3.3\board.xml as part xcvm1802-vsva2197-2mp-e-s specified in board_part file is either invalid or not available
WARNING: [Board 49-26] cannot add Board Part xilinx.com:vmk180_newl:part0:1.0 available at D:/AMDDesignTools/2025.2/data/xhub/boards\XilinxBoardStore\boards\Xilinx\vmk180_newl\production\1.0\board.xml as part xcvm1802-vsva2197-2mp-e-s specified in board_part file is either invalid or not available
WARNING: [Board 49-26] cannot add Board Part xilinx.com:vmk180_newl:part0:1.1 available at D:/AMDDesignTools/2025.2/data/xhub/boards\XilinxBoardStore\boards\Xilinx\vmk180_newl\production\1.1\board.xml as part xcvm1802-vsva2197-2mp-e-s specified in board_part file is either invalid or not available
WARNING: [Board 49-26] cannot add Board Part xilinx.com:vpk120:part0:1.0 available at D:/AMDDesignTools/2025.2/data/xhub/boards\XilinxBoardStore\boards\Xilinx\vpk120\production\1.0\board.xml as part xcvp1202-vsva2785-2mp-e-s specified in board_part file is either invalid or not available
WARNING: [Board 49-26] cannot add Board Part xilinx.com:vpk120:part0:1.1 available at D:/AMDDesignTools/2025.2/data/xhub/boards\XilinxBoardStore\boards\Xilinx\vpk120\production\1.1\board.xml as part xcvp1202-vsva2785-2mp-e-s specified in board_part file is either invalid or not available
WARNING: [Board 49-26] cannot add Board Part xilinx.com:vpk120:part0:1.2 available at D:/AMDDesignTools/2025.2/data/xhub/boards\XilinxBoardStore\boards\Xilinx\vpk120\production\1.2\board.xml as part xcvp1202-vsva2785-2mp-e-s specified in board_part file is either invalid or not available
WARNING: [Board 49-26] cannot add Board Part xilinx.com:vpk180:part0:1.0 available at D:/AMDDesignTools/2025.2/data/xhub/boards\XilinxBoardStore\boards\Xilinx\vpk180\production\1.0\board.xml as part xcvp1802-lsvc4072-2mp-e-s specified in board_part file is either invalid or not available
WARNING: [Board 49-26] cannot add Board Part xilinx.com:vpk180:part0:1.1 available at D:/AMDDesignTools/2025.2/data/xhub/boards\XilinxBoardStore\boards\Xilinx\vpk180\production\1.1\board.xml as part xcvp1802-lsvc4072-2mp-e-s specified in board_part file is either invalid or not available
WARNING: [Board 49-26] cannot add Board Part xilinx.com:vpk180:part0:1.2 available at D:/AMDDesignTools/2025.2/data/xhub/boards\XilinxBoardStore\boards\Xilinx\vpk180\production\1.2\board.xml as part xcvp1802-lsvc4072-2mp-e-s specified in board_part file is either invalid or not available
WARNING: [Board 49-26] cannot add Board Part xilinx.com:vrk160:part0:1.0 available at D:/AMDDesignTools/2025.2/data/xhub/boards\XilinxBoardStore\boards\Xilinx\vrk160\1.0\board.xml as part xcvr1602-vsva2488-2mp-e-s-es1 specified in board_part file is either invalid or not available
WARNING: [Board 49-26] cannot add Board Part xilinx.com:vrk160:part0:1.1 available at D:/AMDDesignTools/2025.2/data/xhub/boards\XilinxBoardStore\boards\Xilinx\vrk160\1.1\board.xml as part xcvr1602-vsva2488-2mp-e-s-es1 specified in board_part file is either invalid or not available
WARNING: [Board 49-26] cannot add Board Part xilinx.com:zc702:part0:1.4 available at D:/AMDDesignTools/2025.2/data/xhub/boards\XilinxBoardStore\boards\Xilinx\zc702\1.4\board.xml as part xc7z020clg484-1 specified in board_part file is either invalid or not available
WARNING: [Board 49-26] cannot add Board Part xilinx.com:zc706:part0:1.4 available at D:/AMDDesignTools/2025.2/data/xhub/boards\XilinxBoardStore\boards\Xilinx\zc706\1.4\board.xml as part xc7z045ffg900-2 specified in board_part file is either invalid or not available
WARNING: [Board 49-26] cannot add Board Part xilinx.com:zc706:part0:1.5 available at D:/AMDDesignTools/2025.2/data/xhub/boards\XilinxBoardStore\boards\Xilinx\zc706\1.5\board.xml as part xc7z045ffg900-2 specified in board_part file is either invalid or not available
WARNING: [Board 49-26] cannot add Board Part xilinx.com:zcu102:part0:3.3 available at D:/AMDDesignTools/2025.2/data/xhub/boards\XilinxBoardStore\boards\Xilinx\zcu102\3.3\board.xml as part xczu9eg-ffvb1156-2-e specified in board_part file is either invalid or not available
WARNING: [Board 49-26] cannot add Board Part xilinx.com:zcu102:part0:3.4 available at D:/AMDDesignTools/2025.2/data/xhub/boards\XilinxBoardStore\boards\Xilinx\zcu102\3.4\board.xml as part xczu9eg-ffvb1156-2-e specified in board_part file is either invalid or not available
WARNING: [Board 49-26] cannot add Board Part xilinx.com:zcu104:part0:1.1 available at D:/AMDDesignTools/2025.2/data/xhub/boards\XilinxBoardStore\boards\Xilinx\zcu104\1.1\board.xml as part xczu7ev-ffvc1156-2-e specified in board_part file is either invalid or not available
WARNING: [Board 49-26] cannot add Board Part xilinx.com:zcu106:part0:2.4 available at D:/AMDDesignTools/2025.2/data/xhub/boards\XilinxBoardStore\boards\Xilinx\zcu106\2.4\board.xml as part xczu7ev-ffvc1156-2-e specified in board_part file is either invalid or not available
WARNING: [Board 49-26] cannot add Board Part xilinx.com:zcu106:part0:2.5 available at D:/AMDDesignTools/2025.2/data/xhub/boards\XilinxBoardStore\boards\Xilinx\zcu106\2.5\board.xml as part xczu7ev-ffvc1156-2-e specified in board_part file is either invalid or not available
WARNING: [Board 49-26] cannot add Board Part xilinx.com:zcu106:part0:2.6 available at D:/AMDDesignTools/2025.2/data/xhub/boards\XilinxBoardStore\boards\Xilinx\zcu106\2.6\board.xml as part xczu7ev-ffvc1156-2-e specified in board_part file is either invalid or not available
WARNING: [Board 49-26] cannot add Board Part xilinx.com:zcu111:part0:1.2 available at D:/AMDDesignTools/2025.2/data/xhub/boards\XilinxBoardStore\boards\Xilinx\zcu111\1.2\board.xml as part xczu28dr-ffvg1517-2-e specified in board_part file is either invalid or not available
WARNING: [Board 49-26] cannot add Board Part xilinx.com:zcu111:part0:1.3 available at D:/AMDDesignTools/2025.2/data/xhub/boards\XilinxBoardStore\boards\Xilinx\zcu111\1.3\board.xml as part xczu28dr-ffvg1517-2-e specified in board_part file is either invalid or not available
WARNING: [Board 49-26] cannot add Board Part xilinx.com:zcu111:part0:1.4 available at D:/AMDDesignTools/2025.2/data/xhub/boards\XilinxBoardStore\boards\Xilinx\zcu111\1.4\board.xml as part xczu28dr-ffvg1517-2-e specified in board_part file is either invalid or not available
WARNING: [Board 49-26] cannot add Board Part xilinx.com:zcu1275:part0:1.0 available at D:/AMDDesignTools/2025.2/data/xhub/boards\XilinxBoardStore\boards\Xilinx\zcu1275\1.0\board.xml as part xczu29dr-ffvf1760-2-e specified in board_part file is either invalid or not available
WARNING: [Board 49-26] cannot add Board Part xilinx.com:zcu1285:part0:1.0 available at D:/AMDDesignTools/2025.2/data/xhub/boards\XilinxBoardStore\boards\Xilinx\zcu1285\1.0\board.xml as part xczu39dr-ffvf1760-2-i specified in board_part file is either invalid or not available
WARNING: [Board 49-26] cannot add Board Part xilinx.com:zcu208:part0:2.0 available at D:/AMDDesignTools/2025.2/data/xhub/boards\XilinxBoardStore\boards\Xilinx\zcu208\production\2.0\board.xml as part xczu48dr-fsvg1517-2-e specified in board_part file is either invalid or not available
WARNING: [Board 49-26] cannot add Board Part xilinx.com:zcu208ld:part0:2.0 available at D:/AMDDesignTools/2025.2/data/xhub/boards\XilinxBoardStore\boards\Xilinx\zcu208ld\production\2.0\board.xml as part xczu58dr-fsvg1517-2-i specified in board_part file is either invalid or not available
WARNING: [Board 49-26] cannot add Board Part xilinx.com:zcu216:part0:2.0 available at D:/AMDDesignTools/2025.2/data/xhub/boards\XilinxBoardStore\boards\Xilinx\zcu216\production\2.0\board.xml as part xczu49dr-ffvf1760-2-e specified in board_part file is either invalid or not available
WARNING: [Board 49-26] cannot add Board Part xilinx.com:zcu216ld:part0:2.0 available at D:/AMDDesignTools/2025.2/data/xhub/boards\XilinxBoardStore\boards\Xilinx\zcu216ld\production\2.0\board.xml as part xczu59dr-ffvf1760-2-i specified in board_part file is either invalid or not available
WARNING: [Board 49-26] cannot add Board Part xilinx.com:zcu670:part0:2.0 available at D:/AMDDesignTools/2025.2/data/xhub/boards\XilinxBoardStore\boards\Xilinx\zcu670\2.0\board.xml as part xczu67dr-fsve1156-2-i specified in board_part file is either invalid or not available
WARNING: [Board 49-26] cannot add Board Part xilinx.com:zcu670ld:part0:1.0 available at D:/AMDDesignTools/2025.2/data/xhub/boards\XilinxBoardStore\boards\Xilinx\zcu670ld\1.0\board.xml as part xczu57dr-fsve1156-2-i specified in board_part file is either invalid or not available
WARNING: [Project 1-5713] Board part '' set for the project  is not found. BoardPart property will be unset. Please select board from latest repo build 
INFO: [IP_Flow 19-234] Refreshing IP repositories
INFO: [IP_Flow 19-1704] No user IP repositories specified
INFO: [IP_Flow 19-2313] Loaded Vivado IP repository 'D:/AMDDesignTools/2025.2/Vivado/data/ip'.
open_project: Time (s): cpu = 00:00:15 ; elapsed = 00:00:13 . Memory (MB): peak = 1721.617 ; gain = 115.195
update_compile_order -fileset sources_1
export_ip_user_files -of_objects  [get_files C:/Users/iruiz/Downloads/CIM31-012_PFA/PHR_12_PFA_VGA_Registros.xpr/PHR_12_PFA_VGAonly/PHR_12_PFA_VGAonly.srcs/sources_1/new/AuxReg.vhd] -no_script -reset -force -quiet
remove_files  C:/Users/iruiz/Downloads/CIM31-012_PFA/PHR_12_PFA_VGA_Registros.xpr/PHR_12_PFA_VGAonly/PHR_12_PFA_VGAonly.srcs/sources_1/new/AuxReg.vhd
close [ open C:/Users/iruiz/Downloads/CIM31-012_PFA/CIM31-012_PFA/CIM31-012_PFA.srcs/sources_1/new/AuxReg.vhd w ]
add_files C:/Users/iruiz/Downloads/CIM31-012_PFA/CIM31-012_PFA/CIM31-012_PFA.srcs/sources_1/new/AuxReg.vhd
update_compile_order -fileset sources_1
export_ip_user_files -of_objects  [get_files C:/Users/iruiz/Downloads/Downloads/PHR_12_PFA_UARTCASI.xpr/PHR_12_PFA_VGAonly/archive_project_summary.txt] -no_script -reset -force -quiet
remove_files  C:/Users/iruiz/Downloads/Downloads/PHR_12_PFA_UARTCASI.xpr/PHR_12_PFA_VGAonly/archive_project_summary.txt
WARNING: [filemgmt 56-199] Attempt to get parsing info during refresh. "On-the-fly" syntax checking information may be incorrect. [C:\Users\iruiz\Downloads\CIM31-012_PFA\CIM31-012_PFA\CIM31-012_PFA.srcs\sources_1\new\Sum1CP.vhd:]
WARNING: [filemgmt 56-199] Attempt to get parsing info during refresh. "On-the-fly" syntax checking information may be incorrect. [C:\Users\iruiz\Downloads\CIM31-012_PFA\CIM31-012_PFA\CIM31-012_PFA.srcs\sources_1\new\Clock.vhd:]
WARNING: [filemgmt 56-199] Attempt to get parsing info during refresh. "On-the-fly" syntax checking information may be incorrect. [C:\Users\iruiz\Downloads\CIM31-012_PFA\CIM31-012_PFA\CIM31-012_PFA.srcs\sources_1\new\MUXn.vhd:]
WARNING: [filemgmt 56-199] Attempt to get parsing info during refresh. "On-the-fly" syntax checking information may be incorrect. [C:\Users\iruiz\Downloads\CIM31-012_PFA\CIM31-012_PFA\CIM31-012_PFA.srcs\sources_1\new\CP.vhd:]
WARNING: [filemgmt 56-199] Attempt to get parsing info during refresh. "On-the-fly" syntax checking information may be incorrect. [C:\Users\iruiz\Downloads\CIM31-012_PFA\CIM31-012_PFA\CIM31-012_PFA.srcs\sources_1\new\AuxReg.vhd:]
WARNING: [filemgmt 56-199] Attempt to get parsing info during refresh. "On-the-fly" syntax checking information may be incorrect. [C:\Users\iruiz\Downloads\CIM31-012_PFA\CIM31-012_PFA\CIM31-012_PFA.srcs\sources_1\new\rs1SumOffset.vhd:]
WARNING: [filemgmt 56-199] Attempt to get parsing info during refresh. "On-the-fly" syntax checking information may be incorrect. [C:\Users\iruiz\Downloads\CIM31-012_PFA\CIM31-012_PFA\CIM31-012_PFA.srcs\sources_1\new\Clock.vhd:]
WARNING: [filemgmt 56-199] Attempt to get parsing info during refresh. "On-the-fly" syntax checking information may be incorrect. [C:\Users\iruiz\Downloads\CIM31-012_PFA\CIM31-012_PFA\CIM31-012_PFA.srcs\sources_1\new\Clock.vhd:]
WARNING: [filemgmt 56-199] Attempt to get parsing info during refresh. "On-the-fly" syntax checking information may be incorrect. [C:\Users\iruiz\Downloads\CIM31-012_PFA\CIM31-012_PFA\CIM31-012_PFA.srcs\sources_1\new\Sum1CP.vhd:]
WARNING: [filemgmt 56-199] Attempt to get parsing info during refresh. "On-the-fly" syntax checking information may be incorrect. [C:\Users\iruiz\Downloads\CIM31-012_PFA\CIM31-012_PFA\CIM31-012_PFA.srcs\sources_1\new\Clock.vhd:]
WARNING: [filemgmt 56-199] Attempt to get parsing info during refresh. "On-the-fly" syntax checking information may be incorrect. [C:\Users\iruiz\Downloads\CIM31-012_PFA\CIM31-012_PFA\CIM31-012_PFA.srcs\sources_1\new\MUXn.vhd:]
WARNING: [filemgmt 56-199] Attempt to get parsing info during refresh. "On-the-fly" syntax checking information may be incorrect. [C:\Users\iruiz\Downloads\CIM31-012_PFA\CIM31-012_PFA\CIM31-012_PFA.srcs\sources_1\new\CP.vhd:]
WARNING: [filemgmt 56-199] Attempt to get parsing info during refresh. "On-the-fly" syntax checking information may be incorrect. [C:\Users\iruiz\Downloads\CIM31-012_PFA\CIM31-012_PFA\CIM31-012_PFA.srcs\sources_1\new\AuxReg.vhd:]
WARNING: [filemgmt 56-199] Attempt to get parsing info during refresh. "On-the-fly" syntax checking information may be incorrect. [C:\Users\iruiz\Downloads\CIM31-012_PFA\CIM31-012_PFA\CIM31-012_PFA.srcs\sources_1\new\rs1SumOffset.vhd:]
WARNING: [filemgmt 56-199] Attempt to get parsing info during refresh. "On-the-fly" syntax checking information may be incorrect. [C:\Users\iruiz\Downloads\CIM31-012_PFA\CIM31-012_PFA\CIM31-012_PFA.srcs\sources_1\new\Sum1CP.vhd:]
WARNING: [filemgmt 56-199] Attempt to get parsing info during refresh. "On-the-fly" syntax checking information may be incorrect. [C:\Users\iruiz\Downloads\CIM31-012_PFA\CIM31-012_PFA\CIM31-012_PFA.srcs\sources_1\new\Sum1CP.vhd:]
ERROR: [Common 17-180] Spawn failed: La operación se completó correctamente.

WARNING: [filemgmt 56-199] Attempt to get parsing info during refresh. "On-the-fly" syntax checking information may be incorrect. [C:\Users\iruiz\Downloads\CIM31-012_PFA\CIM31-012_PFA\CIM31-012_PFA.srcs\sources_1\new\Sum1CP.vhd:]
WARNING: [filemgmt 56-199] Attempt to get parsing info during refresh. "On-the-fly" syntax checking information may be incorrect. [C:\Users\iruiz\Downloads\CIM31-012_PFA\CIM31-012_PFA\CIM31-012_PFA.srcs\sources_1\new\Clock.vhd:]
WARNING: [filemgmt 56-199] Attempt to get parsing info during refresh. "On-the-fly" syntax checking information may be incorrect. [C:\Users\iruiz\Downloads\CIM31-012_PFA\CIM31-012_PFA\CIM31-012_PFA.srcs\sources_1\new\MUXn.vhd:]
WARNING: [filemgmt 56-199] Attempt to get parsing info during refresh. "On-the-fly" syntax checking information may be incorrect. [C:\Users\iruiz\Downloads\CIM31-012_PFA\CIM31-012_PFA\CIM31-012_PFA.srcs\sources_1\new\CP.vhd:]
WARNING: [filemgmt 56-199] Attempt to get parsing info during refresh. "On-the-fly" syntax checking information may be incorrect. [C:\Users\iruiz\Downloads\CIM31-012_PFA\CIM31-012_PFA\CIM31-012_PFA.srcs\sources_1\new\AuxReg.vhd:]
WARNING: [filemgmt 56-199] Attempt to get parsing info during refresh. "On-the-fly" syntax checking information may be incorrect. [C:\Users\iruiz\Downloads\CIM31-012_PFA\CIM31-012_PFA\CIM31-012_PFA.srcs\sources_1\new\rs1SumOffset.vhd:]
WARNING: [filemgmt 56-199] Attempt to get parsing info during refresh. "On-the-fly" syntax checking information may be incorrect. [C:\Users\iruiz\Downloads\CIM31-012_PFA\CIM31-012_PFA\CIM31-012_PFA.srcs\sources_1\new\CP.vhd:]
WARNING: [filemgmt 56-199] Attempt to get parsing info during refresh. "On-the-fly" syntax checking information may be incorrect. [C:\Users\iruiz\Downloads\CIM31-012_PFA\CIM31-012_PFA\CIM31-012_PFA.srcs\sources_1\new\CP.vhd:]
WARNING: [filemgmt 56-199] Attempt to get parsing info during refresh. "On-the-fly" syntax checking information may be incorrect. [C:\Users\iruiz\Downloads\CIM31-012_PFA\CIM31-012_PFA\CIM31-012_PFA.srcs\sources_1\new\Sum1CP.vhd:]
WARNING: [filemgmt 56-199] Attempt to get parsing info during refresh. "On-the-fly" syntax checking information may be incorrect. [C:\Users\iruiz\Downloads\CIM31-012_PFA\CIM31-012_PFA\CIM31-012_PFA.srcs\sources_1\new\Clock.vhd:]
WARNING: [filemgmt 56-199] Attempt to get parsing info during refresh. "On-the-fly" syntax checking information may be incorrect. [C:\Users\iruiz\Downloads\CIM31-012_PFA\CIM31-012_PFA\CIM31-012_PFA.srcs\sources_1\new\MUXn.vhd:]
WARNING: [filemgmt 56-199] Attempt to get parsing info during refresh. "On-the-fly" syntax checking information may be incorrect. [C:\Users\iruiz\Downloads\CIM31-012_PFA\CIM31-012_PFA\CIM31-012_PFA.srcs\sources_1\new\CP.vhd:]
WARNING: [filemgmt 56-199] Attempt to get parsing info during refresh. "On-the-fly" syntax checking information may be incorrect. [C:\Users\iruiz\Downloads\CIM31-012_PFA\CIM31-012_PFA\CIM31-012_PFA.srcs\sources_1\new\AuxReg.vhd:]
WARNING: [filemgmt 56-199] Attempt to get parsing info during refresh. "On-the-fly" syntax checking information may be incorrect. [C:\Users\iruiz\Downloads\CIM31-012_PFA\CIM31-012_PFA\CIM31-012_PFA.srcs\sources_1\new\rs1SumOffset.vhd:]
WARNING: [filemgmt 56-199] Attempt to get parsing info during refresh. "On-the-fly" syntax checking information may be incorrect. [C:\Users\iruiz\Downloads\CIM31-012_PFA\CIM31-012_PFA\CIM31-012_PFA.srcs\sources_1\new\rs1SumOffset.vhd:]
WARNING: [filemgmt 56-199] Attempt to get parsing info during refresh. "On-the-fly" syntax checking information may be incorrect. [C:\Users\iruiz\Downloads\CIM31-012_PFA\CIM31-012_PFA\CIM31-012_PFA.srcs\sources_1\new\rs1SumOffset.vhd:]
reset_run synth_1
INFO: [Project 1-1161] Replacing file C:/Users/iruiz/Downloads/CIM31-012_PFA/CIM31-012_PFA/CIM31-012_PFA.srcs/utils_1/imports/synth_1/testImmGen.dcp with file C:/Users/iruiz/Downloads/CIM31-012_PFA/CIM31-012_PFA/CIM31-012_PFA.runs/synth_1/Top_FPGA.dcp
WARNING: [filemgmt 56-199] Attempt to get parsing info during refresh. "On-the-fly" syntax checking information may be incorrect. [C:\Users\iruiz\Downloads\CIM31-012_PFA\CIM31-012_PFA\CIM31-012_PFA.srcs\sources_1\new\Sum1CP.vhd:]
WARNING: [filemgmt 56-199] Attempt to get parsing info during refresh. "On-the-fly" syntax checking information may be incorrect. [C:\Users\iruiz\Downloads\CIM31-012_PFA\CIM31-012_PFA\CIM31-012_PFA.srcs\sources_1\new\Clock.vhd:]
WARNING: [filemgmt 56-199] Attempt to get parsing info during refresh. "On-the-fly" syntax checking information may be incorrect. [C:\Users\iruiz\Downloads\CIM31-012_PFA\CIM31-012_PFA\CIM31-012_PFA.srcs\sources_1\new\Test_Procesador_RV32E.vhd:]
WARNING: [filemgmt 56-199] Attempt to get parsing info during refresh. "On-the-fly" syntax checking information may be incorrect. [C:\Users\iruiz\Downloads\CIM31-012_PFA\CIM31-012_PFA\CIM31-012_PFA.srcs\sources_1\new\Procesador_RV32E.vhd:]
WARNING: [filemgmt 56-199] Attempt to get parsing info during refresh. "On-the-fly" syntax checking information may be incorrect. [C:\Users\iruiz\Downloads\CIM31-012_PFA\CIM31-012_PFA\CIM31-012_PFA.srcs\sources_1\new\MUXn.vhd:]
WARNING: [filemgmt 56-199] Attempt to get parsing info during refresh. "On-the-fly" syntax checking information may be incorrect. [C:\Users\iruiz\Downloads\CIM31-012_PFA\CIM31-012_PFA\CIM31-012_PFA.srcs\sources_1\new\CP.vhd:]
WARNING: [filemgmt 56-199] Attempt to get parsing info during refresh. "On-the-fly" syntax checking information may be incorrect. [C:\Users\iruiz\Downloads\CIM31-012_PFA\CIM31-012_PFA\CIM31-012_PFA.srcs\sources_1\new\AuxReg.vhd:]
WARNING: [filemgmt 56-199] Attempt to get parsing info during refresh. "On-the-fly" syntax checking information may be incorrect. [C:\Users\iruiz\Downloads\CIM31-012_PFA\CIM31-012_PFA\CIM31-012_PFA.srcs\sources_1\new\ControlUnit.vhd:]
WARNING: [filemgmt 56-199] Attempt to get parsing info during refresh. "On-the-fly" syntax checking information may be incorrect. [C:\Users\iruiz\Downloads\CIM31-012_PFA\CIM31-012_PFA\CIM31-012_PFA.srcs\sources_1\new\rs1SumOffset.vhd:]
WARNING: [filemgmt 56-199] Attempt to get parsing info during refresh. "On-the-fly" syntax checking information may be incorrect. [C:\Users\iruiz\Downloads\CIM31-012_PFA\CIM31-012_PFA\CIM31-012_PFA.srcs\sources_1\new\Clock.vhd:]
WARNING: [filemgmt 56-199] Attempt to get parsing info during refresh. "On-the-fly" syntax checking information may be incorrect. [C:\Users\iruiz\Downloads\CIM31-012_PFA\CIM31-012_PFA\CIM31-012_PFA.srcs\sources_1\new\Clock.vhd:]
WARNING: [filemgmt 56-199] Attempt to get parsing info during refresh. "On-the-fly" syntax checking information may be incorrect. [C:\Users\iruiz\Downloads\CIM31-012_PFA\CIM31-012_PFA\CIM31-012_PFA.srcs\sources_1\new\Sum1CP.vhd:]
WARNING: [filemgmt 56-199] Attempt to get parsing info during refresh. "On-the-fly" syntax checking information may be incorrect. [C:\Users\iruiz\Downloads\CIM31-012_PFA\CIM31-012_PFA\CIM31-012_PFA.srcs\sources_1\new\Clock.vhd:]
WARNING: [filemgmt 56-199] Attempt to get parsing info during refresh. "On-the-fly" syntax checking information may be incorrect. [C:\Users\iruiz\Downloads\CIM31-012_PFA\CIM31-012_PFA\CIM31-012_PFA.srcs\sources_1\new\Test_Procesador_RV32E.vhd:]
WARNING: [filemgmt 56-199] Attempt to get parsing info during refresh. "On-the-fly" syntax checking information may be incorrect. [C:\Users\iruiz\Downloads\CIM31-012_PFA\CIM31-012_PFA\CIM31-012_PFA.srcs\sources_1\new\Procesador_RV32E.vhd:]
WARNING: [filemgmt 56-199] Attempt to get parsing info during refresh. "On-the-fly" syntax checking information may be incorrect. [C:\Users\iruiz\Downloads\CIM31-012_PFA\CIM31-012_PFA\CIM31-012_PFA.srcs\sources_1\new\MUXn.vhd:]
WARNING: [filemgmt 56-199] Attempt to get parsing info during refresh. "On-the-fly" syntax checking information may be incorrect. [C:\Users\iruiz\Downloads\CIM31-012_PFA\CIM31-012_PFA\CIM31-012_PFA.srcs\sources_1\new\CP.vhd:]
WARNING: [filemgmt 56-199] Attempt to get parsing info during refresh. "On-the-fly" syntax checking information may be incorrect. [C:\Users\iruiz\Downloads\CIM31-012_PFA\CIM31-012_PFA\CIM31-012_PFA.srcs\sources_1\new\AuxReg.vhd:]
WARNING: [filemgmt 56-199] Attempt to get parsing info during refresh. "On-the-fly" syntax checking information may be incorrect. [C:\Users\iruiz\Downloads\CIM31-012_PFA\CIM31-012_PFA\CIM31-012_PFA.srcs\sources_1\new\ControlUnit.vhd:]
WARNING: [filemgmt 56-199] Attempt to get parsing info during refresh. "On-the-fly" syntax checking information may be incorrect. [C:\Users\iruiz\Downloads\CIM31-012_PFA\CIM31-012_PFA\CIM31-012_PFA.srcs\sources_1\new\rs1SumOffset.vhd:]
WARNING: [filemgmt 56-199] Attempt to get parsing info during refresh. "On-the-fly" syntax checking information may be incorrect. [C:\Users\iruiz\Downloads\CIM31-012_PFA\CIM31-012_PFA\CIM31-012_PFA.srcs\sources_1\new\Sum1CP.vhd:]
WARNING: [filemgmt 56-199] Attempt to get parsing info during refresh. "On-the-fly" syntax checking information may be incorrect. [C:\Users\iruiz\Downloads\CIM31-012_PFA\CIM31-012_PFA\CIM31-012_PFA.srcs\sources_1\new\Sum1CP.vhd:]
WARNING: [filemgmt 56-199] Attempt to get parsing info during refresh. "On-the-fly" syntax checking information may be incorrect. [C:\Users\iruiz\Downloads\CIM31-012_PFA\CIM31-012_PFA\CIM31-012_PFA.srcs\sources_1\new\Sum1CP.vhd:]
WARNING: [filemgmt 56-199] Attempt to get parsing info during refresh. "On-the-fly" syntax checking information may be incorrect. [C:\Users\iruiz\Downloads\CIM31-012_PFA\CIM31-012_PFA\CIM31-012_PFA.srcs\sources_1\new\Clock.vhd:]
WARNING: [filemgmt 56-199] Attempt to get parsing info during refresh. "On-the-fly" syntax checking information may be incorrect. [C:\Users\iruiz\Downloads\CIM31-012_PFA\CIM31-012_PFA\CIM31-012_PFA.srcs\sources_1\new\Test_Procesador_RV32E.vhd:]
WARNING: [filemgmt 56-199] Attempt to get parsing info during refresh. "On-the-fly" syntax checking information may be incorrect. [C:\Users\iruiz\Downloads\CIM31-012_PFA\CIM31-012_PFA\CIM31-012_PFA.srcs\sources_1\new\Procesador_RV32E.vhd:]
WARNING: [filemgmt 56-199] Attempt to get parsing info during refresh. "On-the-fly" syntax checking information may be incorrect. [C:\Users\iruiz\Downloads\CIM31-012_PFA\CIM31-012_PFA\CIM31-012_PFA.srcs\sources_1\new\MUXn.vhd:]
WARNING: [filemgmt 56-199] Attempt to get parsing info during refresh. "On-the-fly" syntax checking information may be incorrect. [C:\Users\iruiz\Downloads\CIM31-012_PFA\CIM31-012_PFA\CIM31-012_PFA.srcs\sources_1\new\CP.vhd:]
WARNING: [filemgmt 56-199] Attempt to get parsing info during refresh. "On-the-fly" syntax checking information may be incorrect. [C:\Users\iruiz\Downloads\CIM31-012_PFA\CIM31-012_PFA\CIM31-012_PFA.srcs\sources_1\new\AuxReg.vhd:]
WARNING: [filemgmt 56-199] Attempt to get parsing info during refresh. "On-the-fly" syntax checking information may be incorrect. [C:\Users\iruiz\Downloads\CIM31-012_PFA\CIM31-012_PFA\CIM31-012_PFA.srcs\sources_1\new\ControlUnit.vhd:]
WARNING: [filemgmt 56-199] Attempt to get parsing info during refresh. "On-the-fly" syntax checking information may be incorrect. [C:\Users\iruiz\Downloads\CIM31-012_PFA\CIM31-012_PFA\CIM31-012_PFA.srcs\sources_1\new\rs1SumOffset.vhd:]
WARNING: [filemgmt 56-199] Attempt to get parsing info during refresh. "On-the-fly" syntax checking information may be incorrect. [C:\Users\iruiz\Downloads\CIM31-012_PFA\CIM31-012_PFA\CIM31-012_PFA.srcs\sources_1\new\rs1SumOffset.vhd:]
WARNING: [filemgmt 56-199] Attempt to get parsing info during refresh. "On-the-fly" syntax checking information may be incorrect. [C:\Users\iruiz\Downloads\CIM31-012_PFA\CIM31-012_PFA\CIM31-012_PFA.srcs\sources_1\new\rs1SumOffset.vhd:]
WARNING: [filemgmt 56-199] Attempt to get parsing info during refresh. "On-the-fly" syntax checking information may be incorrect. [C:\Users\iruiz\Downloads\CIM31-012_PFA\CIM31-012_PFA\CIM31-012_PFA.srcs\sources_1\new\Sum1CP.vhd:]
WARNING: [filemgmt 56-199] Attempt to get parsing info during refresh. "On-the-fly" syntax checking information may be incorrect. [C:\Users\iruiz\Downloads\CIM31-012_PFA\CIM31-012_PFA\CIM31-012_PFA.srcs\sources_1\new\Clock.vhd:]
WARNING: [filemgmt 56-199] Attempt to get parsing info during refresh. "On-the-fly" syntax checking information may be incorrect. [C:\Users\iruiz\Downloads\CIM31-012_PFA\CIM31-012_PFA\CIM31-012_PFA.srcs\sources_1\new\Test_Procesador_RV32E.vhd:]
WARNING: [filemgmt 56-199] Attempt to get parsing info during refresh. "On-the-fly" syntax checking information may be incorrect. [C:\Users\iruiz\Downloads\CIM31-012_PFA\CIM31-012_PFA\CIM31-012_PFA.srcs\sources_1\new\Procesador_RV32E.vhd:]
WARNING: [filemgmt 56-199] Attempt to get parsing info during refresh. "On-the-fly" syntax checking information may be incorrect. [C:\Users\iruiz\Downloads\CIM31-012_PFA\CIM31-012_PFA\CIM31-012_PFA.srcs\sources_1\new\MUXn.vhd:]
WARNING: [filemgmt 56-199] Attempt to get parsing info during refresh. "On-the-fly" syntax checking information may be incorrect. [C:\Users\iruiz\Downloads\CIM31-012_PFA\CIM31-012_PFA\CIM31-012_PFA.srcs\sources_1\new\CP.vhd:]
WARNING: [filemgmt 56-199] Attempt to get parsing info during refresh. "On-the-fly" syntax checking information may be incorrect. [C:\Users\iruiz\Downloads\CIM31-012_PFA\CIM31-012_PFA\CIM31-012_PFA.srcs\sources_1\new\AuxReg.vhd:]
WARNING: [filemgmt 56-199] Attempt to get parsing info during refresh. "On-the-fly" syntax checking information may be incorrect. [C:\Users\iruiz\Downloads\CIM31-012_PFA\CIM31-012_PFA\CIM31-012_PFA.srcs\sources_1\new\ControlUnit.vhd:]
WARNING: [filemgmt 56-199] Attempt to get parsing info during refresh. "On-the-fly" syntax checking information may be incorrect. [C:\Users\iruiz\Downloads\CIM31-012_PFA\CIM31-012_PFA\CIM31-012_PFA.srcs\sources_1\new\rs1SumOffset.vhd:]
WARNING: [filemgmt 56-199] Attempt to get parsing info during refresh. "On-the-fly" syntax checking information may be incorrect. [C:\Users\iruiz\Downloads\CIM31-012_PFA\CIM31-012_PFA\CIM31-012_PFA.srcs\sources_1\new\ControlUnit.vhd:]
WARNING: [filemgmt 56-199] Attempt to get parsing info during refresh. "On-the-fly" syntax checking information may be incorrect. [C:\Users\iruiz\Downloads\CIM31-012_PFA\CIM31-012_PFA\CIM31-012_PFA.srcs\sources_1\new\ControlUnit.vhd:]
WARNING: [filemgmt 56-199] Attempt to get parsing info during refresh. "On-the-fly" syntax checking information may be incorrect. [C:\Users\iruiz\Downloads\CIM31-012_PFA\CIM31-012_PFA\CIM31-012_PFA.srcs\sources_1\new\Sum1CP.vhd:]
WARNING: [filemgmt 56-199] Attempt to get parsing info during refresh. "On-the-fly" syntax checking information may be incorrect. [C:\Users\iruiz\Downloads\CIM31-012_PFA\CIM31-012_PFA\CIM31-012_PFA.srcs\sources_1\new\Clock.vhd:]
WARNING: [filemgmt 56-199] Attempt to get parsing info during refresh. "On-the-fly" syntax checking information may be incorrect. [C:\Users\iruiz\Downloads\CIM31-012_PFA\CIM31-012_PFA\CIM31-012_PFA.srcs\sources_1\new\Test_Procesador_RV32E.vhd:]
WARNING: [filemgmt 56-199] Attempt to get parsing info during refresh. "On-the-fly" syntax checking information may be incorrect. [C:\Users\iruiz\Downloads\CIM31-012_PFA\CIM31-012_PFA\CIM31-012_PFA.srcs\sources_1\new\Procesador_RV32E.vhd:]
WARNING: [filemgmt 56-199] Attempt to get parsing info during refresh. "On-the-fly" syntax checking information may be incorrect. [C:\Users\iruiz\Downloads\CIM31-012_PFA\CIM31-012_PFA\CIM31-012_PFA.srcs\sources_1\new\MUXn.vhd:]
WARNING: [filemgmt 56-199] Attempt to get parsing info during refresh. "On-the-fly" syntax checking information may be incorrect. [C:\Users\iruiz\Downloads\CIM31-012_PFA\CIM31-012_PFA\CIM31-012_PFA.srcs\sources_1\new\CP.vhd:]
WARNING: [filemgmt 56-199] Attempt to get parsing info during refresh. "On-the-fly" syntax checking information may be incorrect. [C:\Users\iruiz\Downloads\CIM31-012_PFA\CIM31-012_PFA\CIM31-012_PFA.srcs\sources_1\new\AuxReg.vhd:]
WARNING: [filemgmt 56-199] Attempt to get parsing info during refresh. "On-the-fly" syntax checking information may be incorrect. [C:\Users\iruiz\Downloads\CIM31-012_PFA\CIM31-012_PFA\CIM31-012_PFA.srcs\sources_1\new\ControlUnit.vhd:]
WARNING: [filemgmt 56-199] Attempt to get parsing info during refresh. "On-the-fly" syntax checking information may be incorrect. [C:\Users\iruiz\Downloads\CIM31-012_PFA\CIM31-012_PFA\CIM31-012_PFA.srcs\sources_1\new\rs1SumOffset.vhd:]
WARNING: [filemgmt 56-199] Attempt to get parsing info during refresh. "On-the-fly" syntax checking information may be incorrect. [C:\Users\iruiz\Downloads\CIM31-012_PFA\CIM31-012_PFA\CIM31-012_PFA.srcs\sources_1\new\MUXn.vhd:]
WARNING: [filemgmt 56-199] Attempt to get parsing info during refresh. "On-the-fly" syntax checking information may be incorrect. [C:\Users\iruiz\Downloads\CIM31-012_PFA\CIM31-012_PFA\CIM31-012_PFA.srcs\sources_1\new\MUXn.vhd:]
ERROR: [Common 17-180] Spawn failed: La operación se completó correctamente.

WARNING: [filemgmt 56-199] Attempt to get parsing info during refresh. "On-the-fly" syntax checking information may be incorrect. [C:\Users\iruiz\Downloads\CIM31-012_PFA\CIM31-012_PFA\CIM31-012_PFA.srcs\sources_1\new\Sum1CP.vhd:]
WARNING: [filemgmt 56-199] Attempt to get parsing info during refresh. "On-the-fly" syntax checking information may be incorrect. [C:\Users\iruiz\Downloads\CIM31-012_PFA\CIM31-012_PFA\CIM31-012_PFA.srcs\sources_1\new\Clock.vhd:]
WARNING: [filemgmt 56-199] Attempt to get parsing info during refresh. "On-the-fly" syntax checking information may be incorrect. [C:\Users\iruiz\Downloads\CIM31-012_PFA\CIM31-012_PFA\CIM31-012_PFA.srcs\sources_1\new\Test_Procesador_RV32E.vhd:]
WARNING: [filemgmt 56-199] Attempt to get parsing info during refresh. "On-the-fly" syntax checking information may be incorrect. [C:\Users\iruiz\Downloads\CIM31-012_PFA\CIM31-012_PFA\CIM31-012_PFA.srcs\sources_1\new\Procesador_RV32E.vhd:]
WARNING: [filemgmt 56-199] Attempt to get parsing info during refresh. "On-the-fly" syntax checking information may be incorrect. [C:\Users\iruiz\Downloads\CIM31-012_PFA\CIM31-012_PFA\CIM31-012_PFA.srcs\sources_1\new\MUXn.vhd:]
WARNING: [filemgmt 56-199] Attempt to get parsing info during refresh. "On-the-fly" syntax checking information may be incorrect. [C:\Users\iruiz\Downloads\CIM31-012_PFA\CIM31-012_PFA\CIM31-012_PFA.srcs\sources_1\new\CP.vhd:]
WARNING: [filemgmt 56-199] Attempt to get parsing info during refresh. "On-the-fly" syntax checking information may be incorrect. [C:\Users\iruiz\Downloads\CIM31-012_PFA\CIM31-012_PFA\CIM31-012_PFA.srcs\sources_1\new\AuxReg.vhd:]
WARNING: [filemgmt 56-199] Attempt to get parsing info during refresh. "On-the-fly" syntax checking information may be incorrect. [C:\Users\iruiz\Downloads\CIM31-012_PFA\CIM31-012_PFA\CIM31-012_PFA.srcs\sources_1\new\ControlUnit.vhd:]
WARNING: [filemgmt 56-199] Attempt to get parsing info during refresh. "On-the-fly" syntax checking information may be incorrect. [C:\Users\iruiz\Downloads\CIM31-012_PFA\CIM31-012_PFA\CIM31-012_PFA.srcs\sources_1\new\rs1SumOffset.vhd:]
WARNING: [filemgmt 56-199] Attempt to get parsing info during refresh. "On-the-fly" syntax checking information may be incorrect. [C:\Users\iruiz\Downloads\CIM31-012_PFA\CIM31-012_PFA\CIM31-012_PFA.srcs\sources_1\new\CP.vhd:]
WARNING: [filemgmt 56-199] Attempt to get parsing info during refresh. "On-the-fly" syntax checking information may be incorrect. [C:\Users\iruiz\Downloads\CIM31-012_PFA\CIM31-012_PFA\CIM31-012_PFA.srcs\sources_1\new\CP.vhd:]
ERROR: [Common 17-180] Spawn failed: La operación se completó correctamente.

WARNING: [filemgmt 56-199] Attempt to get parsing info during refresh. "On-the-fly" syntax checking information may be incorrect. [C:\Users\iruiz\Downloads\CIM31-012_PFA\CIM31-012_PFA\CIM31-012_PFA.srcs\sources_1\new\Sum1CP.vhd:]
WARNING: [filemgmt 56-199] Attempt to get parsing info during refresh. "On-the-fly" syntax checking information may be incorrect. [C:\Users\iruiz\Downloads\CIM31-012_PFA\CIM31-012_PFA\CIM31-012_PFA.srcs\sources_1\new\Clock.vhd:]
WARNING: [filemgmt 56-199] Attempt to get parsing info during refresh. "On-the-fly" syntax checking information may be incorrect. [C:\Users\iruiz\Downloads\CIM31-012_PFA\CIM31-012_PFA\CIM31-012_PFA.srcs\sources_1\new\Test_Procesador_RV32E.vhd:]
WARNING: [filemgmt 56-199] Attempt to get parsing info during refresh. "On-the-fly" syntax checking information may be incorrect. [C:\Users\iruiz\Downloads\CIM31-012_PFA\CIM31-012_PFA\CIM31-012_PFA.srcs\sources_1\new\Procesador_RV32E.vhd:]
WARNING: [filemgmt 56-199] Attempt to get parsing info during refresh. "On-the-fly" syntax checking information may be incorrect. [C:\Users\iruiz\Downloads\CIM31-012_PFA\CIM31-012_PFA\CIM31-012_PFA.srcs\sources_1\new\MUXn.vhd:]
WARNING: [filemgmt 56-199] Attempt to get parsing info during refresh. "On-the-fly" syntax checking information may be incorrect. [C:\Users\iruiz\Downloads\CIM31-012_PFA\CIM31-012_PFA\CIM31-012_PFA.srcs\sources_1\new\CP.vhd:]
WARNING: [filemgmt 56-199] Attempt to get parsing info during refresh. "On-the-fly" syntax checking information may be incorrect. [C:\Users\iruiz\Downloads\CIM31-012_PFA\CIM31-012_PFA\CIM31-012_PFA.srcs\sources_1\new\AuxReg.vhd:]
WARNING: [filemgmt 56-199] Attempt to get parsing info during refresh. "On-the-fly" syntax checking information may be incorrect. [C:\Users\iruiz\Downloads\CIM31-012_PFA\CIM31-012_PFA\CIM31-012_PFA.srcs\sources_1\new\ControlUnit.vhd:]
WARNING: [filemgmt 56-199] Attempt to get parsing info during refresh. "On-the-fly" syntax checking information may be incorrect. [C:\Users\iruiz\Downloads\CIM31-012_PFA\CIM31-012_PFA\CIM31-012_PFA.srcs\sources_1\new\rs1SumOffset.vhd:]
WARNING: [filemgmt 56-199] Attempt to get parsing info during refresh. "On-the-fly" syntax checking information may be incorrect. [C:\Users\iruiz\Downloads\CIM31-012_PFA\CIM31-012_PFA\CIM31-012_PFA.srcs\sources_1\new\Procesador_RV32E.vhd:]
WARNING: [filemgmt 56-199] Attempt to get parsing info during refresh. "On-the-fly" syntax checking information may be incorrect. [C:\Users\iruiz\Downloads\CIM31-012_PFA\CIM31-012_PFA\CIM31-012_PFA.srcs\sources_1\new\Procesador_RV32E.vhd:]
launch_runs impl_1 -to_step write_bitstream -jobs 16
[Wed Jun 10 12:00:22 2026] Launched synth_1...
Run output will be captured here: C:/Users/iruiz/Downloads/CIM31-012_PFA/CIM31-012_PFA/CIM31-012_PFA.runs/synth_1/runme.log
[Wed Jun 10 12:00:22 2026] Launched impl_1...
Run output will be captured here: C:/Users/iruiz/Downloads/CIM31-012_PFA/CIM31-012_PFA/CIM31-012_PFA.runs/impl_1/runme.log
archive_project C:/Users/iruiz/Desktop/CIM31-012_PFA.xpr.zip -temp_dir C:/Users/iruiz/AppData/Roaming/Xilinx/Vivado/.Xil/Vivado-7984-DESKTOP-VRSFIRI -force -include_local_ip_cache
INFO: [Coretcl 2-137] starting archive...
INFO: [Coretcl 2-1499] Saving project copy to temporary location 'C:/Users/iruiz/AppData/Roaming/Xilinx/Vivado/.Xil/Vivado-7984-DESKTOP-VRSFIRI' for archiving project
INFO: [filemgmt 56-3] Default IP Output Path : Could not find the directory 'C:/Users/iruiz/Downloads/CIM31-012_PFA/CIM31-012_PFA/CIM31-012_PFA.gen/sources_1'.
Scanning sources...
Finished scanning sources
WARNING: [filemgmt 56-199] Attempt to get parsing info during refresh. "On-the-fly" syntax checking information may be incorrect. [C:\Users\iruiz\Downloads\CIM31-012_PFA\CIM31-012_PFA\CIM31-012_PFA.srcs\sources_1\new\Sum1CP.vhd:]
WARNING: [filemgmt 56-199] Attempt to get parsing info during refresh. "On-the-fly" syntax checking information may be incorrect. [C:\Users\iruiz\Downloads\CIM31-012_PFA\CIM31-012_PFA\CIM31-012_PFA.srcs\sources_1\new\Clock.vhd:]
WARNING: [filemgmt 56-199] Attempt to get parsing info during refresh. "On-the-fly" syntax checking information may be incorrect. [C:\Users\iruiz\Downloads\CIM31-012_PFA\CIM31-012_PFA\CIM31-012_PFA.srcs\sources_1\new\Test_Procesador_RV32E.vhd:]
WARNING: [filemgmt 56-199] Attempt to get parsing info during refresh. "On-the-fly" syntax checking information may be incorrect. [C:\Users\iruiz\Downloads\CIM31-012_PFA\CIM31-012_PFA\CIM31-012_PFA.srcs\sources_1\new\Procesador_RV32E.vhd:]
WARNING: [filemgmt 56-199] Attempt to get parsing info during refresh. "On-the-fly" syntax checking information may be incorrect. [C:\Users\iruiz\Downloads\CIM31-012_PFA\CIM31-012_PFA\CIM31-012_PFA.srcs\sources_1\new\MUXn.vhd:]
WARNING: [filemgmt 56-199] Attempt to get parsing info during refresh. "On-the-fly" syntax checking information may be incorrect. [C:\Users\iruiz\Downloads\CIM31-012_PFA\CIM31-012_PFA\CIM31-012_PFA.srcs\sources_1\new\CP.vhd:]
WARNING: [filemgmt 56-199] Attempt to get parsing info during refresh. "On-the-fly" syntax checking information may be incorrect. [C:\Users\iruiz\Downloads\CIM31-012_PFA\CIM31-012_PFA\CIM31-012_PFA.srcs\sources_1\new\AuxReg.vhd:]
WARNING: [filemgmt 56-199] Attempt to get parsing info during refresh. "On-the-fly" syntax checking information may be incorrect. [C:\Users\iruiz\Downloads\CIM31-012_PFA\CIM31-012_PFA\CIM31-012_PFA.srcs\sources_1\new\ControlUnit.vhd:]
WARNING: [filemgmt 56-199] Attempt to get parsing info during refresh. "On-the-fly" syntax checking information may be incorrect. [C:\Users\iruiz\Downloads\CIM31-012_PFA\CIM31-012_PFA\CIM31-012_PFA.srcs\sources_1\new\rs1SumOffset.vhd:]
WARNING: [filemgmt 56-199] Attempt to get parsing info during refresh. "On-the-fly" syntax checking information may be incorrect. [C:\Users\iruiz\Downloads\CIM31-012_PFA\CIM31-012_PFA\CIM31-012_PFA.srcs\sources_1\new\Clock.vhd:]
WARNING: [filemgmt 56-199] Attempt to get parsing info during refresh. "On-the-fly" syntax checking information may be incorrect. [C:\Users\iruiz\Downloads\CIM31-012_PFA\CIM31-012_PFA\CIM31-012_PFA.srcs\sources_1\new\Clock.vhd:]
WARNING: [filemgmt 56-199] Attempt to get parsing info during refresh. "On-the-fly" syntax checking information may be incorrect. [C:\Users\iruiz\Downloads\CIM31-012_PFA\CIM31-012_PFA\CIM31-012_PFA.srcs\sources_1\new\Sum1CP.vhd:]
WARNING: [filemgmt 56-199] Attempt to get parsing info during refresh. "On-the-fly" syntax checking information may be incorrect. [C:\Users\iruiz\Downloads\CIM31-012_PFA\CIM31-012_PFA\CIM31-012_PFA.srcs\sources_1\new\Clock.vhd:]
WARNING: [filemgmt 56-199] Attempt to get parsing info during refresh. "On-the-fly" syntax checking information may be incorrect. [C:\Users\iruiz\Downloads\CIM31-012_PFA\CIM31-012_PFA\CIM31-012_PFA.srcs\sources_1\new\Test_Procesador_RV32E.vhd:]
WARNING: [filemgmt 56-199] Attempt to get parsing info during refresh. "On-the-fly" syntax checking information may be incorrect. [C:\Users\iruiz\Downloads\CIM31-012_PFA\CIM31-012_PFA\CIM31-012_PFA.srcs\sources_1\new\Procesador_RV32E.vhd:]
WARNING: [filemgmt 56-199] Attempt to get parsing info during refresh. "On-the-fly" syntax checking information may be incorrect. [C:\Users\iruiz\Downloads\CIM31-012_PFA\CIM31-012_PFA\CIM31-012_PFA.srcs\sources_1\new\MUXn.vhd:]
WARNING: [filemgmt 56-199] Attempt to get parsing info during refresh. "On-the-fly" syntax checking information may be incorrect. [C:\Users\iruiz\Downloads\CIM31-012_PFA\CIM31-012_PFA\CIM31-012_PFA.srcs\sources_1\new\CP.vhd:]
WARNING: [filemgmt 56-199] Attempt to get parsing info during refresh. "On-the-fly" syntax checking information may be incorrect. [C:\Users\iruiz\Downloads\CIM31-012_PFA\CIM31-012_PFA\CIM31-012_PFA.srcs\sources_1\new\AuxReg.vhd:]
WARNING: [filemgmt 56-199] Attempt to get parsing info during refresh. "On-the-fly" syntax checking information may be incorrect. [C:\Users\iruiz\Downloads\CIM31-012_PFA\CIM31-012_PFA\CIM31-012_PFA.srcs\sources_1\new\ControlUnit.vhd:]
WARNING: [filemgmt 56-199] Attempt to get parsing info during refresh. "On-the-fly" syntax checking information may be incorrect. [C:\Users\iruiz\Downloads\CIM31-012_PFA\CIM31-012_PFA\CIM31-012_PFA.srcs\sources_1\new\rs1SumOffset.vhd:]
WARNING: [filemgmt 56-199] Attempt to get parsing info during refresh. "On-the-fly" syntax checking information may be incorrect. [C:\Users\iruiz\Downloads\CIM31-012_PFA\CIM31-012_PFA\CIM31-012_PFA.srcs\sources_1\new\rs1SumOffset.vhd:]
WARNING: [filemgmt 56-199] Attempt to get parsing info during refresh. "On-the-fly" syntax checking information may be incorrect. [C:\Users\iruiz\Downloads\CIM31-012_PFA\CIM31-012_PFA\CIM31-012_PFA.srcs\sources_1\new\rs1SumOffset.vhd:]
WARNING: [filemgmt 56-199] Attempt to get parsing info during refresh. "On-the-fly" syntax checking information may be incorrect. [C:\Users\iruiz\Downloads\CIM31-012_PFA\CIM31-012_PFA\CIM31-012_PFA.srcs\sources_1\new\Sum1CP.vhd:]
WARNING: [filemgmt 56-199] Attempt to get parsing info during refresh. "On-the-fly" syntax checking information may be incorrect. [C:\Users\iruiz\Downloads\CIM31-012_PFA\CIM31-012_PFA\CIM31-012_PFA.srcs\sources_1\new\Clock.vhd:]
WARNING: [filemgmt 56-199] Attempt to get parsing info during refresh. "On-the-fly" syntax checking information may be incorrect. [C:\Users\iruiz\Downloads\CIM31-012_PFA\CIM31-012_PFA\CIM31-012_PFA.srcs\sources_1\new\Test_Procesador_RV32E.vhd:]
WARNING: [filemgmt 56-199] Attempt to get parsing info during refresh. "On-the-fly" syntax checking information may be incorrect. [C:\Users\iruiz\Downloads\CIM31-012_PFA\CIM31-012_PFA\CIM31-012_PFA.srcs\sources_1\new\Procesador_RV32E.vhd:]
WARNING: [filemgmt 56-199] Attempt to get parsing info during refresh. "On-the-fly" syntax checking information may be incorrect. [C:\Users\iruiz\Downloads\CIM31-012_PFA\CIM31-012_PFA\CIM31-012_PFA.srcs\sources_1\new\MUXn.vhd:]
WARNING: [filemgmt 56-199] Attempt to get parsing info during refresh. "On-the-fly" syntax checking information may be incorrect. [C:\Users\iruiz\Downloads\CIM31-012_PFA\CIM31-012_PFA\CIM31-012_PFA.srcs\sources_1\new\CP.vhd:]
WARNING: [filemgmt 56-199] Attempt to get parsing info during refresh. "On-the-fly" syntax checking information may be incorrect. [C:\Users\iruiz\Downloads\CIM31-012_PFA\CIM31-012_PFA\CIM31-012_PFA.srcs\sources_1\new\AuxReg.vhd:]
WARNING: [filemgmt 56-199] Attempt to get parsing info during refresh. "On-the-fly" syntax checking information may be incorrect. [C:\Users\iruiz\Downloads\CIM31-012_PFA\CIM31-012_PFA\CIM31-012_PFA.srcs\sources_1\new\ControlUnit.vhd:]
WARNING: [filemgmt 56-199] Attempt to get parsing info during refresh. "On-the-fly" syntax checking information may be incorrect. [C:\Users\iruiz\Downloads\CIM31-012_PFA\CIM31-012_PFA\CIM31-012_PFA.srcs\sources_1\new\rs1SumOffset.vhd:]
WARNING: [filemgmt 56-199] Attempt to get parsing info during refresh. "On-the-fly" syntax checking information may be incorrect. [C:\Users\iruiz\Downloads\CIM31-012_PFA\CIM31-012_PFA\CIM31-012_PFA.srcs\sources_1\new\MUXn.vhd:]
WARNING: [filemgmt 56-199] Attempt to get parsing info during refresh. "On-the-fly" syntax checking information may be incorrect. [C:\Users\iruiz\Downloads\CIM31-012_PFA\CIM31-012_PFA\CIM31-012_PFA.srcs\sources_1\new\MUXn.vhd:]
WARNING: [filemgmt 56-199] Attempt to get parsing info during refresh. "On-the-fly" syntax checking information may be incorrect. [C:\Users\iruiz\Downloads\CIM31-012_PFA\CIM31-012_PFA\CIM31-012_PFA.srcs\sources_1\new\Sum1CP.vhd:]
WARNING: [filemgmt 56-199] Attempt to get parsing info during refresh. "On-the-fly" syntax checking information may be incorrect. [C:\Users\iruiz\Downloads\CIM31-012_PFA\CIM31-012_PFA\CIM31-012_PFA.srcs\sources_1\new\Clock.vhd:]
WARNING: [filemgmt 56-199] Attempt to get parsing info during refresh. "On-the-fly" syntax checking information may be incorrect. [C:\Users\iruiz\Downloads\CIM31-012_PFA\CIM31-012_PFA\CIM31-012_PFA.srcs\sources_1\new\Test_Procesador_RV32E.vhd:]
WARNING: [filemgmt 56-199] Attempt to get parsing info during refresh. "On-the-fly" syntax checking information may be incorrect. [C:\Users\iruiz\Downloads\CIM31-012_PFA\CIM31-012_PFA\CIM31-012_PFA.srcs\sources_1\new\Procesador_RV32E.vhd:]
WARNING: [filemgmt 56-199] Attempt to get parsing info during refresh. "On-the-fly" syntax checking information may be incorrect. [C:\Users\iruiz\Downloads\CIM31-012_PFA\CIM31-012_PFA\CIM31-012_PFA.srcs\sources_1\new\MUXn.vhd:]
WARNING: [filemgmt 56-199] Attempt to get parsing info during refresh. "On-the-fly" syntax checking information may be incorrect. [C:\Users\iruiz\Downloads\CIM31-012_PFA\CIM31-012_PFA\CIM31-012_PFA.srcs\sources_1\new\CP.vhd:]
WARNING: [filemgmt 56-199] Attempt to get parsing info during refresh. "On-the-fly" syntax checking information may be incorrect. [C:\Users\iruiz\Downloads\CIM31-012_PFA\CIM31-012_PFA\CIM31-012_PFA.srcs\sources_1\new\AuxReg.vhd:]
WARNING: [filemgmt 56-199] Attempt to get parsing info during refresh. "On-the-fly" syntax checking information may be incorrect. [C:\Users\iruiz\Downloads\CIM31-012_PFA\CIM31-012_PFA\CIM31-012_PFA.srcs\sources_1\new\ControlUnit.vhd:]
WARNING: [filemgmt 56-199] Attempt to get parsing info during refresh. "On-the-fly" syntax checking information may be incorrect. [C:\Users\iruiz\Downloads\CIM31-012_PFA\CIM31-012_PFA\CIM31-012_PFA.srcs\sources_1\new\rs1SumOffset.vhd:]
WARNING: [filemgmt 56-199] Attempt to get parsing info during refresh. "On-the-fly" syntax checking information may be incorrect. [C:\Users\iruiz\Downloads\CIM31-012_PFA\CIM31-012_PFA\CIM31-012_PFA.srcs\sources_1\new\Test_Procesador_RV32E.vhd:]
WARNING: [filemgmt 56-199] Attempt to get parsing info during refresh. "On-the-fly" syntax checking information may be incorrect. [C:\Users\iruiz\Downloads\CIM31-012_PFA\CIM31-012_PFA\CIM31-012_PFA.srcs\sources_1\new\Test_Procesador_RV32E.vhd:]
WARNING: [filemgmt 56-199] Attempt to get parsing info during refresh. "On-the-fly" syntax checking information may be incorrect. [C:\Users\iruiz\Downloads\CIM31-012_PFA\CIM31-012_PFA\CIM31-012_PFA.srcs\sources_1\new\Sum1CP.vhd:]
WARNING: [filemgmt 56-199] Attempt to get parsing info during refresh. "On-the-fly" syntax checking information may be incorrect. [C:\Users\iruiz\Downloads\CIM31-012_PFA\CIM31-012_PFA\CIM31-012_PFA.srcs\sources_1\new\Clock.vhd:]
WARNING: [filemgmt 56-199] Attempt to get parsing info during refresh. "On-the-fly" syntax checking information may be incorrect. [C:\Users\iruiz\Downloads\CIM31-012_PFA\CIM31-012_PFA\CIM31-012_PFA.srcs\sources_1\new\Test_Procesador_RV32E.vhd:]
WARNING: [filemgmt 56-199] Attempt to get parsing info during refresh. "On-the-fly" syntax checking information may be incorrect. [C:\Users\iruiz\Downloads\CIM31-012_PFA\CIM31-012_PFA\CIM31-012_PFA.srcs\sources_1\new\Procesador_RV32E.vhd:]
WARNING: [filemgmt 56-199] Attempt to get parsing info during refresh. "On-the-fly" syntax checking information may be incorrect. [C:\Users\iruiz\Downloads\CIM31-012_PFA\CIM31-012_PFA\CIM31-012_PFA.srcs\sources_1\new\MUXn.vhd:]
WARNING: [filemgmt 56-199] Attempt to get parsing info during refresh. "On-the-fly" syntax checking information may be incorrect. [C:\Users\iruiz\Downloads\CIM31-012_PFA\CIM31-012_PFA\CIM31-012_PFA.srcs\sources_1\new\CP.vhd:]
WARNING: [filemgmt 56-199] Attempt to get parsing info during refresh. "On-the-fly" syntax checking information may be incorrect. [C:\Users\iruiz\Downloads\CIM31-012_PFA\CIM31-012_PFA\CIM31-012_PFA.srcs\sources_1\new\AuxReg.vhd:]
WARNING: [filemgmt 56-199] Attempt to get parsing info during refresh. "On-the-fly" syntax checking information may be incorrect. [C:\Users\iruiz\Downloads\CIM31-012_PFA\CIM31-012_PFA\CIM31-012_PFA.srcs\sources_1\new\ControlUnit.vhd:]
WARNING: [filemgmt 56-199] Attempt to get parsing info during refresh. "On-the-fly" syntax checking information may be incorrect. [C:\Users\iruiz\Downloads\CIM31-012_PFA\CIM31-012_PFA\CIM31-012_PFA.srcs\sources_1\new\rs1SumOffset.vhd:]
WARNING: [filemgmt 56-199] Attempt to get parsing info during refresh. "On-the-fly" syntax checking information may be incorrect. [C:\Users\iruiz\Downloads\CIM31-012_PFA\CIM31-012_PFA\CIM31-012_PFA.srcs\sources_1\new\Procesador_RV32E.vhd:]
WARNING: [filemgmt 56-199] Attempt to get parsing info during refresh. "On-the-fly" syntax checking information may be incorrect. [C:\Users\iruiz\Downloads\CIM31-012_PFA\CIM31-012_PFA\CIM31-012_PFA.srcs\sources_1\new\Procesador_RV32E.vhd:]
WARNING: [filemgmt 56-199] Attempt to get parsing info during refresh. "On-the-fly" syntax checking information may be incorrect. [C:\Users\iruiz\Downloads\CIM31-012_PFA\CIM31-012_PFA\CIM31-012_PFA.srcs\sources_1\new\Sum1CP.vhd:]
WARNING: [filemgmt 56-199] Attempt to get parsing info during refresh. "On-the-fly" syntax checking information may be incorrect. [C:\Users\iruiz\Downloads\CIM31-012_PFA\CIM31-012_PFA\CIM31-012_PFA.srcs\sources_1\new\Clock.vhd:]
WARNING: [filemgmt 56-199] Attempt to get parsing info during refresh. "On-the-fly" syntax checking information may be incorrect. [C:\Users\iruiz\Downloads\CIM31-012_PFA\CIM31-012_PFA\CIM31-012_PFA.srcs\sources_1\new\Test_Procesador_RV32E.vhd:]
WARNING: [filemgmt 56-199] Attempt to get parsing info during refresh. "On-the-fly" syntax checking information may be incorrect. [C:\Users\iruiz\Downloads\CIM31-012_PFA\CIM31-012_PFA\CIM31-012_PFA.srcs\sources_1\new\Procesador_RV32E.vhd:]
WARNING: [filemgmt 56-199] Attempt to get parsing info during refresh. "On-the-fly" syntax checking information may be incorrect. [C:\Users\iruiz\Downloads\CIM31-012_PFA\CIM31-012_PFA\CIM31-012_PFA.srcs\sources_1\new\MUXn.vhd:]
WARNING: [filemgmt 56-199] Attempt to get parsing info during refresh. "On-the-fly" syntax checking information may be incorrect. [C:\Users\iruiz\Downloads\CIM31-012_PFA\CIM31-012_PFA\CIM31-012_PFA.srcs\sources_1\new\CP.vhd:]
WARNING: [filemgmt 56-199] Attempt to get parsing info during refresh. "On-the-fly" syntax checking information may be incorrect. [C:\Users\iruiz\Downloads\CIM31-012_PFA\CIM31-012_PFA\CIM31-012_PFA.srcs\sources_1\new\AuxReg.vhd:]
WARNING: [filemgmt 56-199] Attempt to get parsing info during refresh. "On-the-fly" syntax checking information may be incorrect. [C:\Users\iruiz\Downloads\CIM31-012_PFA\CIM31-012_PFA\CIM31-012_PFA.srcs\sources_1\new\ControlUnit.vhd:]
WARNING: [filemgmt 56-199] Attempt to get parsing info during refresh. "On-the-fly" syntax checking information may be incorrect. [C:\Users\iruiz\Downloads\CIM31-012_PFA\CIM31-012_PFA\CIM31-012_PFA.srcs\sources_1\new\rs1SumOffset.vhd:]
WARNING: [filemgmt 56-199] Attempt to get parsing info during refresh. "On-the-fly" syntax checking information may be incorrect. [C:\Users\iruiz\Downloads\CIM31-012_PFA\CIM31-012_PFA\CIM31-012_PFA.srcs\sources_1\new\Sum1CP.vhd:]
WARNING: [filemgmt 56-199] Attempt to get parsing info during refresh. "On-the-fly" syntax checking information may be incorrect. [C:\Users\iruiz\Downloads\CIM31-012_PFA\CIM31-012_PFA\CIM31-012_PFA.srcs\sources_1\new\Sum1CP.vhd:]
WARNING: [filemgmt 56-199] Attempt to get parsing info during refresh. "On-the-fly" syntax checking information may be incorrect. [C:\Users\iruiz\Downloads\CIM31-012_PFA\CIM31-012_PFA\CIM31-012_PFA.srcs\sources_1\new\Sum1CP.vhd:]
WARNING: [filemgmt 56-199] Attempt to get parsing info during refresh. "On-the-fly" syntax checking information may be incorrect. [C:\Users\iruiz\Downloads\CIM31-012_PFA\CIM31-012_PFA\CIM31-012_PFA.srcs\sources_1\new\Clock.vhd:]
WARNING: [filemgmt 56-199] Attempt to get parsing info during refresh. "On-the-fly" syntax checking information may be incorrect. [C:\Users\iruiz\Downloads\CIM31-012_PFA\CIM31-012_PFA\CIM31-012_PFA.srcs\sources_1\new\Test_Procesador_RV32E.vhd:]
WARNING: [filemgmt 56-199] Attempt to get parsing info during refresh. "On-the-fly" syntax checking information may be incorrect. [C:\Users\iruiz\Downloads\CIM31-012_PFA\CIM31-012_PFA\CIM31-012_PFA.srcs\sources_1\new\Procesador_RV32E.vhd:]
WARNING: [filemgmt 56-199] Attempt to get parsing info during refresh. "On-the-fly" syntax checking information may be incorrect. [C:\Users\iruiz\Downloads\CIM31-012_PFA\CIM31-012_PFA\CIM31-012_PFA.srcs\sources_1\new\MUXn.vhd:]
WARNING: [filemgmt 56-199] Attempt to get parsing info during refresh. "On-the-fly" syntax checking information may be incorrect. [C:\Users\iruiz\Downloads\CIM31-012_PFA\CIM31-012_PFA\CIM31-012_PFA.srcs\sources_1\new\CP.vhd:]
WARNING: [filemgmt 56-199] Attempt to get parsing info during refresh. "On-the-fly" syntax checking information may be incorrect. [C:\Users\iruiz\Downloads\CIM31-012_PFA\CIM31-012_PFA\CIM31-012_PFA.srcs\sources_1\new\AuxReg.vhd:]
WARNING: [filemgmt 56-199] Attempt to get parsing info during refresh. "On-the-fly" syntax checking information may be incorrect. [C:\Users\iruiz\Downloads\CIM31-012_PFA\CIM31-012_PFA\CIM31-012_PFA.srcs\sources_1\new\ControlUnit.vhd:]
WARNING: [filemgmt 56-199] Attempt to get parsing info during refresh. "On-the-fly" syntax checking information may be incorrect. [C:\Users\iruiz\Downloads\CIM31-012_PFA\CIM31-012_PFA\CIM31-012_PFA.srcs\sources_1\new\rs1SumOffset.vhd:]
WARNING: [filemgmt 56-199] Attempt to get parsing info during refresh. "On-the-fly" syntax checking information may be incorrect. [C:\Users\iruiz\Downloads\CIM31-012_PFA\CIM31-012_PFA\CIM31-012_PFA.srcs\sources_1\new\CP.vhd:]
WARNING: [filemgmt 56-199] Attempt to get parsing info during refresh. "On-the-fly" syntax checking information may be incorrect. [C:\Users\iruiz\Downloads\CIM31-012_PFA\CIM31-012_PFA\CIM31-012_PFA.srcs\sources_1\new\CP.vhd:]
WARNING: [Project 1-5713] Board part '' set for the project  is not found. BoardPart property will be unset. Please select board from latest repo build 
INFO: [Coretcl 2-1211] Creating project copy for archival...
WARNING: [filemgmt 56-199] Attempt to get parsing info during refresh. "On-the-fly" syntax checking information may be incorrect. [C:\Users\iruiz\Downloads\CIM31-012_PFA\CIM31-012_PFA\CIM31-012_PFA.srcs\sources_1\new\Sum1CP.vhd:]
WARNING: [filemgmt 56-199] Attempt to get parsing info during refresh. "On-the-fly" syntax checking information may be incorrect. [C:\Users\iruiz\Downloads\CIM31-012_PFA\CIM31-012_PFA\CIM31-012_PFA.srcs\sources_1\new\Clock.vhd:]
WARNING: [filemgmt 56-199] Attempt to get parsing info during refresh. "On-the-fly" syntax checking information may be incorrect. [C:\Users\iruiz\Downloads\CIM31-012_PFA\CIM31-012_PFA\CIM31-012_PFA.srcs\sources_1\new\Test_Procesador_RV32E.vhd:]
WARNING: [filemgmt 56-199] Attempt to get parsing info during refresh. "On-the-fly" syntax checking information may be incorrect. [C:\Users\iruiz\Downloads\CIM31-012_PFA\CIM31-012_PFA\CIM31-012_PFA.srcs\sources_1\new\Procesador_RV32E.vhd:]
WARNING: [filemgmt 56-199] Attempt to get parsing info during refresh. "On-the-fly" syntax checking information may be incorrect. [C:\Users\iruiz\Downloads\CIM31-012_PFA\CIM31-012_PFA\CIM31-012_PFA.srcs\sources_1\new\MUXn.vhd:]
INFO: [ProjectBase 1-495] The host OS only allows 260 characters in a normal path. The project is stored in a path with more than 80 characters. If you experience any problem with archiving the project, please consider setting environment variable $TEMP to a shorter path.
Current project path is 'C:/Users/iruiz/AppData/Roaming/Xilinx/Vivado/.Xil/Vivado-7984-DESKTOP-VRSFIRI/PrjAr/_X_'.
WARNING: [IP_Flow 19-4995] The host OS only allows 260 characters in a normal path. The IP cache path is more than 80 characters. If you experience issues with IP caching, please consider changing the IP cache to a location with a shorter path. Alternately consider using the OS subst command to map part of the path to a drive letter. 
Current IP cache path is C:/Users/iruiz/AppData/Roaming/Xilinx/Vivado/.Xil/Vivado-7984-DESKTOP-VRSFIRI/PrjAr/_X_/CIM31-012_PFA.cache/ip 
INFO: [Coretcl 2-1213] Including run results for 'synth_1'
INFO: [Coretcl 2-1213] Including run results for 'impl_1'
INFO: [IP_Flow 19-234] Refreshing IP repositories
INFO: [IP_Flow 19-1704] No user IP repositories specified
INFO: [IP_Flow 19-2313] Loaded Vivado IP repository 'D:/AMDDesignTools/2025.2/Vivado/data/ip'.
