
*** Running vivado
    with args -log Top_FPGA.vdi -applog -m64 -product Vivado -messageDb vivado.pb -mode batch -source Top_FPGA.tcl -notrace



****** Vivado v2025.2 (64-bit)
  **** SW Build 6299465 on Fri Nov 14 19:35:11 GMT 2025
  **** IP Build 6300035 on Fri Nov 14 10:48:45 MST 2025
  **** SharedData Build 6298862 on Thu Nov 13 04:50:51 MST 2025
  **** Start of session at: Wed Jun 10 12:04:55 2026
    ** Copyright 1986-2022 Xilinx, Inc. All Rights Reserved.
    ** Copyright 2022-2025 Advanced Micro Devices, Inc. All Rights Reserved.

source Top_FPGA.tcl -notrace
create_project: Time (s): cpu = 00:00:10 ; elapsed = 00:00:07 . Memory (MB): peak = 524.703 ; gain = 219.895
Command: link_design -top Top_FPGA -part xc7a35tcpg236-1
Design is defaulting to srcset: sources_1
Design is defaulting to constrset: constrs_1
INFO: [Device 21-403] Loading part xc7a35tcpg236-1
Netlist sorting complete. Time (s): cpu = 00:00:00 ; elapsed = 00:00:00.122 . Memory (MB): peak = 745.145 ; gain = 0.000
INFO: [Netlist 29-17] Analyzing 827 Unisim elements for replacement
INFO: [Netlist 29-28] Unisim Transformation completed in 1 CPU seconds
INFO: [Project 1-479] Netlist was created with Vivado 2025.2
INFO: [Project 1-570] Preparing netlist for logic optimization
Parsing XDC File [C:/Users/iruiz/Downloads/CIM31-012_PFA/CIM31-012_PFA/CIM31-012_PFA.srcs/constrs_1/imports/Downloads/Basys3_Master.xdc]
WARNING: [Vivado 12-584] No ports matched 'a'. [C:/Users/iruiz/Downloads/CIM31-012_PFA/CIM31-012_PFA/CIM31-012_PFA.srcs/constrs_1/imports/Downloads/Basys3_Master.xdc:82]
CRITICAL WARNING: [Common 17-55] 'set_property' expects at least one object. [C:/Users/iruiz/Downloads/CIM31-012_PFA/CIM31-012_PFA/CIM31-012_PFA.srcs/constrs_1/imports/Downloads/Basys3_Master.xdc:82]
Resolution: If [get_<value>] was used to populate the object, check to make sure this command returns at least one valid object.
WARNING: [Vivado 12-584] No ports matched 'a'. [C:/Users/iruiz/Downloads/CIM31-012_PFA/CIM31-012_PFA/CIM31-012_PFA.srcs/constrs_1/imports/Downloads/Basys3_Master.xdc:83]
CRITICAL WARNING: [Common 17-55] 'set_property' expects at least one object. [C:/Users/iruiz/Downloads/CIM31-012_PFA/CIM31-012_PFA/CIM31-012_PFA.srcs/constrs_1/imports/Downloads/Basys3_Master.xdc:83]
Resolution: If [get_<value>] was used to populate the object, check to make sure this command returns at least one valid object.
WARNING: [Vivado 12-584] No ports matched 'b'. [C:/Users/iruiz/Downloads/CIM31-012_PFA/CIM31-012_PFA/CIM31-012_PFA.srcs/constrs_1/imports/Downloads/Basys3_Master.xdc:84]
CRITICAL WARNING: [Common 17-55] 'set_property' expects at least one object. [C:/Users/iruiz/Downloads/CIM31-012_PFA/CIM31-012_PFA/CIM31-012_PFA.srcs/constrs_1/imports/Downloads/Basys3_Master.xdc:84]
Resolution: If [get_<value>] was used to populate the object, check to make sure this command returns at least one valid object.
WARNING: [Vivado 12-584] No ports matched 'b'. [C:/Users/iruiz/Downloads/CIM31-012_PFA/CIM31-012_PFA/CIM31-012_PFA.srcs/constrs_1/imports/Downloads/Basys3_Master.xdc:85]
CRITICAL WARNING: [Common 17-55] 'set_property' expects at least one object. [C:/Users/iruiz/Downloads/CIM31-012_PFA/CIM31-012_PFA/CIM31-012_PFA.srcs/constrs_1/imports/Downloads/Basys3_Master.xdc:85]
Resolution: If [get_<value>] was used to populate the object, check to make sure this command returns at least one valid object.
WARNING: [Vivado 12-584] No ports matched 'c'. [C:/Users/iruiz/Downloads/CIM31-012_PFA/CIM31-012_PFA/CIM31-012_PFA.srcs/constrs_1/imports/Downloads/Basys3_Master.xdc:86]
CRITICAL WARNING: [Common 17-55] 'set_property' expects at least one object. [C:/Users/iruiz/Downloads/CIM31-012_PFA/CIM31-012_PFA/CIM31-012_PFA.srcs/constrs_1/imports/Downloads/Basys3_Master.xdc:86]
Resolution: If [get_<value>] was used to populate the object, check to make sure this command returns at least one valid object.
WARNING: [Vivado 12-584] No ports matched 'c'. [C:/Users/iruiz/Downloads/CIM31-012_PFA/CIM31-012_PFA/CIM31-012_PFA.srcs/constrs_1/imports/Downloads/Basys3_Master.xdc:87]
CRITICAL WARNING: [Common 17-55] 'set_property' expects at least one object. [C:/Users/iruiz/Downloads/CIM31-012_PFA/CIM31-012_PFA/CIM31-012_PFA.srcs/constrs_1/imports/Downloads/Basys3_Master.xdc:87]
Resolution: If [get_<value>] was used to populate the object, check to make sure this command returns at least one valid object.
WARNING: [Vivado 12-584] No ports matched 'd'. [C:/Users/iruiz/Downloads/CIM31-012_PFA/CIM31-012_PFA/CIM31-012_PFA.srcs/constrs_1/imports/Downloads/Basys3_Master.xdc:88]
CRITICAL WARNING: [Common 17-55] 'set_property' expects at least one object. [C:/Users/iruiz/Downloads/CIM31-012_PFA/CIM31-012_PFA/CIM31-012_PFA.srcs/constrs_1/imports/Downloads/Basys3_Master.xdc:88]
Resolution: If [get_<value>] was used to populate the object, check to make sure this command returns at least one valid object.
WARNING: [Vivado 12-584] No ports matched 'd'. [C:/Users/iruiz/Downloads/CIM31-012_PFA/CIM31-012_PFA/CIM31-012_PFA.srcs/constrs_1/imports/Downloads/Basys3_Master.xdc:89]
CRITICAL WARNING: [Common 17-55] 'set_property' expects at least one object. [C:/Users/iruiz/Downloads/CIM31-012_PFA/CIM31-012_PFA/CIM31-012_PFA.srcs/constrs_1/imports/Downloads/Basys3_Master.xdc:89]
Resolution: If [get_<value>] was used to populate the object, check to make sure this command returns at least one valid object.
WARNING: [Vivado 12-584] No ports matched 'e'. [C:/Users/iruiz/Downloads/CIM31-012_PFA/CIM31-012_PFA/CIM31-012_PFA.srcs/constrs_1/imports/Downloads/Basys3_Master.xdc:90]
CRITICAL WARNING: [Common 17-55] 'set_property' expects at least one object. [C:/Users/iruiz/Downloads/CIM31-012_PFA/CIM31-012_PFA/CIM31-012_PFA.srcs/constrs_1/imports/Downloads/Basys3_Master.xdc:90]
Resolution: If [get_<value>] was used to populate the object, check to make sure this command returns at least one valid object.
WARNING: [Vivado 12-584] No ports matched 'e'. [C:/Users/iruiz/Downloads/CIM31-012_PFA/CIM31-012_PFA/CIM31-012_PFA.srcs/constrs_1/imports/Downloads/Basys3_Master.xdc:91]
CRITICAL WARNING: [Common 17-55] 'set_property' expects at least one object. [C:/Users/iruiz/Downloads/CIM31-012_PFA/CIM31-012_PFA/CIM31-012_PFA.srcs/constrs_1/imports/Downloads/Basys3_Master.xdc:91]
Resolution: If [get_<value>] was used to populate the object, check to make sure this command returns at least one valid object.
WARNING: [Vivado 12-584] No ports matched 'f'. [C:/Users/iruiz/Downloads/CIM31-012_PFA/CIM31-012_PFA/CIM31-012_PFA.srcs/constrs_1/imports/Downloads/Basys3_Master.xdc:92]
CRITICAL WARNING: [Common 17-55] 'set_property' expects at least one object. [C:/Users/iruiz/Downloads/CIM31-012_PFA/CIM31-012_PFA/CIM31-012_PFA.srcs/constrs_1/imports/Downloads/Basys3_Master.xdc:92]
Resolution: If [get_<value>] was used to populate the object, check to make sure this command returns at least one valid object.
WARNING: [Vivado 12-584] No ports matched 'f'. [C:/Users/iruiz/Downloads/CIM31-012_PFA/CIM31-012_PFA/CIM31-012_PFA.srcs/constrs_1/imports/Downloads/Basys3_Master.xdc:93]
CRITICAL WARNING: [Common 17-55] 'set_property' expects at least one object. [C:/Users/iruiz/Downloads/CIM31-012_PFA/CIM31-012_PFA/CIM31-012_PFA.srcs/constrs_1/imports/Downloads/Basys3_Master.xdc:93]
Resolution: If [get_<value>] was used to populate the object, check to make sure this command returns at least one valid object.
WARNING: [Vivado 12-584] No ports matched 'g'. [C:/Users/iruiz/Downloads/CIM31-012_PFA/CIM31-012_PFA/CIM31-012_PFA.srcs/constrs_1/imports/Downloads/Basys3_Master.xdc:94]
CRITICAL WARNING: [Common 17-55] 'set_property' expects at least one object. [C:/Users/iruiz/Downloads/CIM31-012_PFA/CIM31-012_PFA/CIM31-012_PFA.srcs/constrs_1/imports/Downloads/Basys3_Master.xdc:94]
Resolution: If [get_<value>] was used to populate the object, check to make sure this command returns at least one valid object.
WARNING: [Vivado 12-584] No ports matched 'g'. [C:/Users/iruiz/Downloads/CIM31-012_PFA/CIM31-012_PFA/CIM31-012_PFA.srcs/constrs_1/imports/Downloads/Basys3_Master.xdc:95]
CRITICAL WARNING: [Common 17-55] 'set_property' expects at least one object. [C:/Users/iruiz/Downloads/CIM31-012_PFA/CIM31-012_PFA/CIM31-012_PFA.srcs/constrs_1/imports/Downloads/Basys3_Master.xdc:95]
Resolution: If [get_<value>] was used to populate the object, check to make sure this command returns at least one valid object.
WARNING: [Vivado 12-584] No ports matched 'point'. [C:/Users/iruiz/Downloads/CIM31-012_PFA/CIM31-012_PFA/CIM31-012_PFA.srcs/constrs_1/imports/Downloads/Basys3_Master.xdc:97]
CRITICAL WARNING: [Common 17-55] 'set_property' expects at least one object. [C:/Users/iruiz/Downloads/CIM31-012_PFA/CIM31-012_PFA/CIM31-012_PFA.srcs/constrs_1/imports/Downloads/Basys3_Master.xdc:97]
Resolution: If [get_<value>] was used to populate the object, check to make sure this command returns at least one valid object.
WARNING: [Vivado 12-584] No ports matched 'point'. [C:/Users/iruiz/Downloads/CIM31-012_PFA/CIM31-012_PFA/CIM31-012_PFA.srcs/constrs_1/imports/Downloads/Basys3_Master.xdc:98]
CRITICAL WARNING: [Common 17-55] 'set_property' expects at least one object. [C:/Users/iruiz/Downloads/CIM31-012_PFA/CIM31-012_PFA/CIM31-012_PFA.srcs/constrs_1/imports/Downloads/Basys3_Master.xdc:98]
Resolution: If [get_<value>] was used to populate the object, check to make sure this command returns at least one valid object.
WARNING: [Vivado 12-584] No ports matched 'SSEG_AN0'. [C:/Users/iruiz/Downloads/CIM31-012_PFA/CIM31-012_PFA/CIM31-012_PFA.srcs/constrs_1/imports/Downloads/Basys3_Master.xdc:100]
CRITICAL WARNING: [Common 17-55] 'set_property' expects at least one object. [C:/Users/iruiz/Downloads/CIM31-012_PFA/CIM31-012_PFA/CIM31-012_PFA.srcs/constrs_1/imports/Downloads/Basys3_Master.xdc:100]
Resolution: If [get_<value>] was used to populate the object, check to make sure this command returns at least one valid object.
WARNING: [Vivado 12-584] No ports matched 'SSEG_AN0'. [C:/Users/iruiz/Downloads/CIM31-012_PFA/CIM31-012_PFA/CIM31-012_PFA.srcs/constrs_1/imports/Downloads/Basys3_Master.xdc:101]
CRITICAL WARNING: [Common 17-55] 'set_property' expects at least one object. [C:/Users/iruiz/Downloads/CIM31-012_PFA/CIM31-012_PFA/CIM31-012_PFA.srcs/constrs_1/imports/Downloads/Basys3_Master.xdc:101]
Resolution: If [get_<value>] was used to populate the object, check to make sure this command returns at least one valid object.
WARNING: [Vivado 12-584] No ports matched 'SSEG_AN1'. [C:/Users/iruiz/Downloads/CIM31-012_PFA/CIM31-012_PFA/CIM31-012_PFA.srcs/constrs_1/imports/Downloads/Basys3_Master.xdc:102]
CRITICAL WARNING: [Common 17-55] 'set_property' expects at least one object. [C:/Users/iruiz/Downloads/CIM31-012_PFA/CIM31-012_PFA/CIM31-012_PFA.srcs/constrs_1/imports/Downloads/Basys3_Master.xdc:102]
Resolution: If [get_<value>] was used to populate the object, check to make sure this command returns at least one valid object.
WARNING: [Vivado 12-584] No ports matched 'SSEG_AN1'. [C:/Users/iruiz/Downloads/CIM31-012_PFA/CIM31-012_PFA/CIM31-012_PFA.srcs/constrs_1/imports/Downloads/Basys3_Master.xdc:103]
CRITICAL WARNING: [Common 17-55] 'set_property' expects at least one object. [C:/Users/iruiz/Downloads/CIM31-012_PFA/CIM31-012_PFA/CIM31-012_PFA.srcs/constrs_1/imports/Downloads/Basys3_Master.xdc:103]
Resolution: If [get_<value>] was used to populate the object, check to make sure this command returns at least one valid object.
WARNING: [Vivado 12-584] No ports matched 'SSEG_AN2'. [C:/Users/iruiz/Downloads/CIM31-012_PFA/CIM31-012_PFA/CIM31-012_PFA.srcs/constrs_1/imports/Downloads/Basys3_Master.xdc:104]
CRITICAL WARNING: [Common 17-55] 'set_property' expects at least one object. [C:/Users/iruiz/Downloads/CIM31-012_PFA/CIM31-012_PFA/CIM31-012_PFA.srcs/constrs_1/imports/Downloads/Basys3_Master.xdc:104]
Resolution: If [get_<value>] was used to populate the object, check to make sure this command returns at least one valid object.
WARNING: [Vivado 12-584] No ports matched 'SSEG_AN2'. [C:/Users/iruiz/Downloads/CIM31-012_PFA/CIM31-012_PFA/CIM31-012_PFA.srcs/constrs_1/imports/Downloads/Basys3_Master.xdc:105]
CRITICAL WARNING: [Common 17-55] 'set_property' expects at least one object. [C:/Users/iruiz/Downloads/CIM31-012_PFA/CIM31-012_PFA/CIM31-012_PFA.srcs/constrs_1/imports/Downloads/Basys3_Master.xdc:105]
Resolution: If [get_<value>] was used to populate the object, check to make sure this command returns at least one valid object.
WARNING: [Vivado 12-584] No ports matched 'SSEG_AN3'. [C:/Users/iruiz/Downloads/CIM31-012_PFA/CIM31-012_PFA/CIM31-012_PFA.srcs/constrs_1/imports/Downloads/Basys3_Master.xdc:106]
CRITICAL WARNING: [Common 17-55] 'set_property' expects at least one object. [C:/Users/iruiz/Downloads/CIM31-012_PFA/CIM31-012_PFA/CIM31-012_PFA.srcs/constrs_1/imports/Downloads/Basys3_Master.xdc:106]
Resolution: If [get_<value>] was used to populate the object, check to make sure this command returns at least one valid object.
WARNING: [Vivado 12-584] No ports matched 'SSEG_AN3'. [C:/Users/iruiz/Downloads/CIM31-012_PFA/CIM31-012_PFA/CIM31-012_PFA.srcs/constrs_1/imports/Downloads/Basys3_Master.xdc:107]
CRITICAL WARNING: [Common 17-55] 'set_property' expects at least one object. [C:/Users/iruiz/Downloads/CIM31-012_PFA/CIM31-012_PFA/CIM31-012_PFA.srcs/constrs_1/imports/Downloads/Basys3_Master.xdc:107]
Resolution: If [get_<value>] was used to populate the object, check to make sure this command returns at least one valid object.
WARNING: [Vivado 12-584] No ports matched 'RsTx'. [C:/Users/iruiz/Downloads/CIM31-012_PFA/CIM31-012_PFA/CIM31-012_PFA.srcs/constrs_1/imports/Downloads/Basys3_Master.xdc:269]
CRITICAL WARNING: [Common 17-55] 'set_property' expects at least one object. [C:/Users/iruiz/Downloads/CIM31-012_PFA/CIM31-012_PFA/CIM31-012_PFA.srcs/constrs_1/imports/Downloads/Basys3_Master.xdc:269]
Resolution: If [get_<value>] was used to populate the object, check to make sure this command returns at least one valid object.
WARNING: [Vivado 12-584] No ports matched 'RsTx'. [C:/Users/iruiz/Downloads/CIM31-012_PFA/CIM31-012_PFA/CIM31-012_PFA.srcs/constrs_1/imports/Downloads/Basys3_Master.xdc:270]
CRITICAL WARNING: [Common 17-55] 'set_property' expects at least one object. [C:/Users/iruiz/Downloads/CIM31-012_PFA/CIM31-012_PFA/CIM31-012_PFA.srcs/constrs_1/imports/Downloads/Basys3_Master.xdc:270]
Resolution: If [get_<value>] was used to populate the object, check to make sure this command returns at least one valid object.
WARNING: [Vivado 12-584] No ports matched 'output'. [C:/Users/iruiz/Downloads/CIM31-012_PFA/CIM31-012_PFA/CIM31-012_PFA.srcs/constrs_1/imports/Downloads/Basys3_Master.xdc:297]
CRITICAL WARNING: [Common 17-55] 'set_property' expects at least one object. [C:/Users/iruiz/Downloads/CIM31-012_PFA/CIM31-012_PFA/CIM31-012_PFA.srcs/constrs_1/imports/Downloads/Basys3_Master.xdc:297]
Resolution: If [get_<value>] was used to populate the object, check to make sure this command returns at least one valid object.
Finished Parsing XDC File [C:/Users/iruiz/Downloads/CIM31-012_PFA/CIM31-012_PFA/CIM31-012_PFA.srcs/constrs_1/imports/Downloads/Basys3_Master.xdc]
INFO: [Opt 31-138] Pushed 0 inverter(s) to 0 load pin(s).
Netlist sorting complete. Time (s): cpu = 00:00:00 ; elapsed = 00:00:00.008 . Memory (MB): peak = 887.254 ; gain = 0.000
INFO: [Project 1-111] Unisim Transformation Summary:
  A total of 543 instances were transformed.
  RAM128X1D => RAM128X1D (MUXF7(x2), RAMD64E(x4)): 256 instances
  RAM256X1S => RAM256X1S (MUXF7(x2), MUXF8, RAMS64E(x4)): 256 instances
  RAM32M => RAM32M (RAMD32(x6), RAMS32(x2)): 5 instances
  RAM32X1D => RAM32X1D (RAMD32(x2)): 2 instances
  RAM64M => RAM64M (RAMD64E(x4)): 24 instances

7 Infos, 27 Warnings, 27 Critical Warnings and 0 Errors encountered.
link_design completed successfully
link_design: Time (s): cpu = 00:00:06 ; elapsed = 00:00:08 . Memory (MB): peak = 887.254 ; gain = 362.551
Command: opt_design
Attempting to get a license for feature 'Implementation' and/or device 'xc7a35t'
INFO: [Common 17-349] Got license for feature 'Implementation' and/or device 'xc7a35t'
Running DRC as a precondition to command opt_design

Starting DRC Task
INFO: [DRC 23-27] Running DRC with 2 threads
INFO: [Project 1-461] DRC finished with 0 Errors
INFO: [Project 1-462] Please refer to the DRC report (report_drc) for more information.

Time (s): cpu = 00:00:02 ; elapsed = 00:00:01 . Memory (MB): peak = 918.676 ; gain = 31.422

Starting Cache Timing Information Task
INFO: [Timing 38-35] Done setting XDC timing constraints.
Ending Cache Timing Information Task | Checksum: 1c42b18d3

Time (s): cpu = 00:00:06 ; elapsed = 00:00:07 . Memory (MB): peak = 1463.145 ; gain = 544.469

Starting Logic Optimization Task

Phase 1 Initialization

Phase 1.1 Core Generation And Design Setup
Phase 1.1 Core Generation And Design Setup | Checksum: 1c42b18d3

Time (s): cpu = 00:00:00 ; elapsed = 00:00:00.054 . Memory (MB): peak = 1923.648 ; gain = 0.000

Phase 1.2 Setup Constraints And Sort Netlist
Phase 1.2 Setup Constraints And Sort Netlist | Checksum: 1c42b18d3

Time (s): cpu = 00:00:00 ; elapsed = 00:00:00.158 . Memory (MB): peak = 1923.648 ; gain = 0.000
Phase 1 Initialization | Checksum: 1c42b18d3

Time (s): cpu = 00:00:00 ; elapsed = 00:00:00.160 . Memory (MB): peak = 1923.648 ; gain = 0.000

Phase 2 Timer Update And Timing Data Collection

Phase 2.1 Detect if minReqCache needed
Phase 2.1 Detect if minReqCache needed | Checksum: 1c42b18d3

Time (s): cpu = 00:00:00 ; elapsed = 00:00:00.232 . Memory (MB): peak = 1923.668 ; gain = 0.020

Phase 2.2 Timer Update
Phase 2.2 Timer Update | Checksum: 1c42b18d3

Time (s): cpu = 00:00:01 ; elapsed = 00:00:00.540 . Memory (MB): peak = 1923.668 ; gain = 0.020

Phase 2.3 Timing Data Collection
Phase 2.3 Timing Data Collection | Checksum: 1c42b18d3

Time (s): cpu = 00:00:01 ; elapsed = 00:00:00.550 . Memory (MB): peak = 1923.668 ; gain = 0.020
Phase 2 Timer Update And Timing Data Collection | Checksum: 1c42b18d3

Time (s): cpu = 00:00:01 ; elapsed = 00:00:00.552 . Memory (MB): peak = 1923.668 ; gain = 0.020

Phase 3 Retarget
INFO: [Opt 31-1851] Number of loadless carry chains removed were: 0
INFO: [Opt 31-1834] Total Chains To Be Transformed Were: 0 AND Number of Transformed insts Created are: 0
INFO: [Opt 31-138] Pushed 0 inverter(s) to 0 load pin(s).
INFO: [Opt 31-49] Retargeted 0 cell(s).
Phase 3 Retarget | Checksum: 13fac2f81

Time (s): cpu = 00:00:01 ; elapsed = 00:00:00.736 . Memory (MB): peak = 1923.668 ; gain = 0.020
Retarget | Checksum: 13fac2f81
INFO: [Opt 31-389] Phase Retarget created 6 cells and removed 6 cells

Phase 4 Constant propagation
INFO: [Opt 31-138] Pushed 0 inverter(s) to 0 load pin(s).
Phase 4 Constant propagation | Checksum: 13fac2f81

Time (s): cpu = 00:00:01 ; elapsed = 00:00:00.792 . Memory (MB): peak = 1923.668 ; gain = 0.020
Constant propagation | Checksum: 13fac2f81
INFO: [Opt 31-389] Phase Constant propagation created 0 cells and removed 0 cells

Phase 5 Sweep
INFO: [Constraints 18-11670] Building netlist checker database with flags, 0x8
Done building netlist checker database: Time (s): cpu = 00:00:00 ; elapsed = 00:00:00.003 . Memory (MB): peak = 1923.668 ; gain = 0.000
Phase 5 Sweep | Checksum: 1d577deb3

Time (s): cpu = 00:00:01 ; elapsed = 00:00:00.873 . Memory (MB): peak = 1923.668 ; gain = 0.020
Sweep | Checksum: 1d577deb3
INFO: [Opt 31-389] Phase Sweep created 8 cells and removed 0 cells

Phase 6 BUFG optimization
Phase 6 BUFG optimization | Checksum: 1d577deb3

Time (s): cpu = 00:00:01 ; elapsed = 00:00:01 . Memory (MB): peak = 1923.668 ; gain = 0.020
BUFG optimization | Checksum: 1d577deb3
INFO: [Opt 31-662] Phase BUFG optimization created 0 cells of which 0 are BUFGs and removed 0 cells.

Phase 7 Shift Register Optimization
INFO: [Opt 31-1064] SRL Remap converted 0 SRLs to 0 registers and converted 0 registers of register chains to 0 SRLs
Phase 7 Shift Register Optimization | Checksum: 1d577deb3

Time (s): cpu = 00:00:01 ; elapsed = 00:00:01 . Memory (MB): peak = 1923.668 ; gain = 0.020
Shift Register Optimization | Checksum: 1d577deb3
INFO: [Opt 31-389] Phase Shift Register Optimization created 0 cells and removed 0 cells

Phase 8 Post Processing Netlist
Phase 8 Post Processing Netlist | Checksum: 1d577deb3

Time (s): cpu = 00:00:01 ; elapsed = 00:00:01 . Memory (MB): peak = 1923.668 ; gain = 0.020
Post Processing Netlist | Checksum: 1d577deb3
INFO: [Opt 31-389] Phase Post Processing Netlist created 0 cells and removed 0 cells

Phase 9 Finalization

Phase 9.1 Finalizing Design Cores and Updating Shapes
Phase 9.1 Finalizing Design Cores and Updating Shapes | Checksum: 268364162

Time (s): cpu = 00:00:01 ; elapsed = 00:00:01 . Memory (MB): peak = 1923.668 ; gain = 0.020

Phase 9.2 Verifying Netlist Connectivity

Starting Connectivity Check Task

Time (s): cpu = 00:00:00 ; elapsed = 00:00:00.144 . Memory (MB): peak = 1923.668 ; gain = 0.000
Phase 9.2 Verifying Netlist Connectivity | Checksum: 268364162

Time (s): cpu = 00:00:01 ; elapsed = 00:00:01 . Memory (MB): peak = 1923.668 ; gain = 0.020
Phase 9 Finalization | Checksum: 268364162

Time (s): cpu = 00:00:01 ; elapsed = 00:00:01 . Memory (MB): peak = 1923.668 ; gain = 0.020
Opt_design Change Summary
=========================


-------------------------------------------------------------------------------------------------------------------------
|  Phase                        |  #Cells created  |  #Cells Removed  |  #Constrained objects preventing optimizations  |
-------------------------------------------------------------------------------------------------------------------------
|  Retarget                     |               6  |               6  |                                              0  |
|  Constant propagation         |               0  |               0  |                                              0  |
|  Sweep                        |               8  |               0  |                                              0  |
|  BUFG optimization            |               0  |               0  |                                              0  |
|  Shift Register Optimization  |               0  |               0  |                                              0  |
|  Post Processing Netlist      |               0  |               0  |                                              0  |
-------------------------------------------------------------------------------------------------------------------------


Ending Logic Optimization Task | Checksum: 268364162

Time (s): cpu = 00:00:01 ; elapsed = 00:00:01 . Memory (MB): peak = 1923.668 ; gain = 0.020

Starting Power Optimization Task
INFO: [Pwropt 34-132] Skipping clock gating for clocks with a period < 2.00 ns.
Ending Power Optimization Task | Checksum: 268364162

Time (s): cpu = 00:00:00 ; elapsed = 00:00:00.028 . Memory (MB): peak = 1923.668 ; gain = 0.000

Starting Final Cleanup Task
Ending Final Cleanup Task | Checksum: 268364162

Time (s): cpu = 00:00:00 ; elapsed = 00:00:00.002 . Memory (MB): peak = 1923.668 ; gain = 0.000
Netlist sorting complete. Time (s): cpu = 00:00:00 ; elapsed = 00:00:00.009 . Memory (MB): peak = 1923.668 ; gain = 0.000
INFO: [Common 17-83] Releasing license: Implementation
27 Infos, 27 Warnings, 27 Critical Warnings and 0 Errors encountered.
opt_design completed successfully
opt_design: Time (s): cpu = 00:00:14 ; elapsed = 00:00:14 . Memory (MB): peak = 1923.668 ; gain = 1036.414
INFO: [Vivado 12-24828] Executing command : report_drc -file Top_FPGA_drc_opted.rpt -pb Top_FPGA_drc_opted.pb -rpx Top_FPGA_drc_opted.rpx
Command: report_drc -file Top_FPGA_drc_opted.rpt -pb Top_FPGA_drc_opted.pb -rpx Top_FPGA_drc_opted.rpx
INFO: [IP_Flow 19-234] Refreshing IP repositories
INFO: [IP_Flow 19-1704] No user IP repositories specified
INFO: [IP_Flow 19-2313] Loaded Vivado IP repository 'D:/AMDDesignTools/2025.2/Vivado/data/ip'.
INFO: [DRC 23-27] Running DRC with 2 threads
INFO: [Vivado_Tcl 2-168] The results of DRC are in file C:/Users/iruiz/Downloads/CIM31-012_PFA/CIM31-012_PFA/CIM31-012_PFA.runs/impl_1/Top_FPGA_drc_opted.rpt.
report_drc completed successfully
INFO: [Timing 38-480] Writing timing data to binary archive.
Wrote PlaceDB: Time (s): cpu = 00:00:00 ; elapsed = 00:00:00 . Memory (MB): peak = 1923.668 ; gain = 0.000
Write ShapeDB Complete: Time (s): cpu = 00:00:00 ; elapsed = 00:00:00.023 . Memory (MB): peak = 1923.668 ; gain = 0.000
Wrote PulsedLatchDB: Time (s): cpu = 00:00:00 ; elapsed = 00:00:00.043 . Memory (MB): peak = 1923.668 ; gain = 0.000
Writing XDEF routing.
Writing XDEF routing logical nets.
Writing XDEF routing special nets.
Wrote RouteStorage: Time (s): cpu = 00:00:00 ; elapsed = 00:00:00.020 . Memory (MB): peak = 1923.668 ; gain = 0.000
Wrote PlaceStorage: Time (s): cpu = 00:00:00 ; elapsed = 00:00:00.002 . Memory (MB): peak = 1923.668 ; gain = 0.000
Wrote Netlist Cache: Time (s): cpu = 00:00:00 ; elapsed = 00:00:00 . Memory (MB): peak = 1923.668 ; gain = 0.000
Wrote Device Cache: Time (s): cpu = 00:00:00 ; elapsed = 00:00:00.006 . Memory (MB): peak = 1923.668 ; gain = 0.000
Write Physdb Complete: Time (s): cpu = 00:00:00 ; elapsed = 00:00:00.079 . Memory (MB): peak = 1923.668 ; gain = 0.000
INFO: [Common 17-1381] The checkpoint 'C:/Users/iruiz/Downloads/CIM31-012_PFA/CIM31-012_PFA/CIM31-012_PFA.runs/impl_1/Top_FPGA_opt.dcp' has been generated.
Command: place_design
Attempting to get a license for feature 'Implementation' and/or device 'xc7a35t'
INFO: [Common 17-349] Got license for feature 'Implementation' and/or device 'xc7a35t'
INFO: [Common 17-83] Releasing license: Implementation
INFO: [DRC 23-27] Running DRC with 2 threads
INFO: [Vivado_Tcl 4-198] DRC finished with 0 Errors
INFO: [Vivado_Tcl 4-199] Please refer to the DRC report (report_drc) for more information.
INFO: [Timing 38-35] Done setting XDC timing constraints.
Running DRC as a precondition to command place_design
INFO: [DRC 23-27] Running DRC with 2 threads
INFO: [Vivado_Tcl 4-198] DRC finished with 0 Errors
INFO: [Vivado_Tcl 4-199] Please refer to the DRC report (report_drc) for more information.
INFO: [Place 30-611] Multithreading enabled for place_design using a maximum of 2 CPUs

Starting Placer Task

Phase 1 Placer Initialization

Phase 1.1 Placer Initialization Netlist Sorting
Netlist sorting complete. Time (s): cpu = 00:00:00 ; elapsed = 00:00:00.009 . Memory (MB): peak = 1923.668 ; gain = 0.000
Phase 1.1 Placer Initialization Netlist Sorting | Checksum: 1a85cfb2f

Time (s): cpu = 00:00:00 ; elapsed = 00:00:00.057 . Memory (MB): peak = 1923.668 ; gain = 0.000
Netlist sorting complete. Time (s): cpu = 00:00:00 ; elapsed = 00:00:00.008 . Memory (MB): peak = 1923.668 ; gain = 0.000

Phase 1.2 IO Placement/ Clock Placement/ Build Placer Device
Phase 1.2 IO Placement/ Clock Placement/ Build Placer Device | Checksum: 17d8780d4

Time (s): cpu = 00:00:02 ; elapsed = 00:00:01 . Memory (MB): peak = 1923.668 ; gain = 0.000

Phase 1.3 Build Placer Netlist Model
Phase 1.3 Build Placer Netlist Model | Checksum: 218f1200c

Time (s): cpu = 00:00:06 ; elapsed = 00:00:04 . Memory (MB): peak = 1923.668 ; gain = 0.000

Phase 1.4 Constrain Clocks/Macros
Phase 1.4 Constrain Clocks/Macros | Checksum: 218f1200c

Time (s): cpu = 00:00:06 ; elapsed = 00:00:05 . Memory (MB): peak = 1923.668 ; gain = 0.000
Phase 1 Placer Initialization | Checksum: 218f1200c

Time (s): cpu = 00:00:06 ; elapsed = 00:00:05 . Memory (MB): peak = 1923.668 ; gain = 0.000

Phase 2 Global Placement

Phase 2.1 Floorplanning
Phase 2.1 Floorplanning | Checksum: 239e298fd

Time (s): cpu = 00:00:08 ; elapsed = 00:00:05 . Memory (MB): peak = 1923.668 ; gain = 0.000

Phase 2.2 Update Timing before SLR Path Opt
Phase 2.2 Update Timing before SLR Path Opt | Checksum: 2204df942

Time (s): cpu = 00:00:08 ; elapsed = 00:00:06 . Memory (MB): peak = 1923.668 ; gain = 0.000

Phase 2.3 Post-Processing in Floorplanning
Phase 2.3 Post-Processing in Floorplanning | Checksum: 2204df942

Time (s): cpu = 00:00:08 ; elapsed = 00:00:06 . Memory (MB): peak = 1923.668 ; gain = 0.000

Phase 2.4 Global Place Phase1
Phase 2.4 Global Place Phase1 | Checksum: 23d1f9579

Time (s): cpu = 00:00:24 ; elapsed = 00:00:14 . Memory (MB): peak = 1923.668 ; gain = 0.000

Phase 2.5 Global Place Phase2

Phase 2.5.1 UpdateTiming Before Physical Synthesis
Phase 2.5.1 UpdateTiming Before Physical Synthesis | Checksum: 1dac8d2a5

Time (s): cpu = 00:00:26 ; elapsed = 00:00:16 . Memory (MB): peak = 1923.668 ; gain = 0.000

Phase 2.5.2 Physical Synthesis In Placer
INFO: [Physopt 32-1035] Found 125 LUTNM shape to break, 175 LUT instances to create LUTNM shape
INFO: [Physopt 32-1044] Break lutnm for timing: one critical 5, two critical 120, total 125, new lutff created 0
INFO: [Physopt 32-1138] End 1 Pass. Optimized 202 nets or LUTs. Breaked 125 LUTs, combined 77 existing LUTs and moved 0 existing LUT
INFO: [Physopt 32-65] No nets found for high-fanout optimization.
INFO: [Physopt 32-232] Optimized 0 net. Created 0 new instance.
INFO: [Physopt 32-775] End 1 Pass. Optimized 0 net or cell. Created 0 new cell, deleted 0 existing cell and moved 0 existing cell
INFO: [Physopt 32-456] No candidate cells for DSP register optimization found in the design.
INFO: [Physopt 32-775] End 2 Pass. Optimized 0 net or cell. Created 0 new cell, deleted 0 existing cell and moved 0 existing cell
INFO: [Physopt 32-1123] No candidate cells found for Shift Register to Pipeline optimization
INFO: [Physopt 32-775] End 2 Pass. Optimized 0 net or cell. Created 0 new cell, deleted 0 existing cell and moved 0 existing cell
INFO: [Physopt 32-1401] No candidate cells found for Shift Register optimization.
INFO: [Physopt 32-677] No candidate cells for Shift Register optimization found in the design
INFO: [Physopt 32-775] End 1 Pass. Optimized 0 net or cell. Created 0 new cell, deleted 0 existing cell and moved 0 existing cell
INFO: [Physopt 32-526] No candidate cells for BRAM register optimization found in the design
INFO: [Physopt 32-775] End 1 Pass. Optimized 0 net or cell. Created 0 new cell, deleted 0 existing cell and moved 0 existing cell
INFO: [Physopt 32-846] No candidate cells for URAM register optimization found in the design
INFO: [Physopt 32-775] End 1 Pass. Optimized 0 net or cell. Created 0 new cell, deleted 0 existing cell and moved 0 existing cell
INFO: [Physopt 32-846] No candidate cells for URAM register optimization found in the design
INFO: [Physopt 32-775] End 1 Pass. Optimized 0 net or cell. Created 0 new cell, deleted 0 existing cell and moved 0 existing cell
INFO: [Physopt 32-949] No candidate nets found for dynamic/static region interface net replication
INFO: [Physopt 32-775] End 1 Pass. Optimized 0 net or cell. Created 0 new cell, deleted 0 existing cell and moved 0 existing cell
Netlist sorting complete. Time (s): cpu = 00:00:00 ; elapsed = 00:00:00.009 . Memory (MB): peak = 1923.668 ; gain = 0.000

Summary of Physical Synthesis Optimizations
============================================


-----------------------------------------------------------------------------------------------------------------------------------------------------------
|  Optimization                                     |  Added Cells  |  Removed Cells  |  Optimized Cells/Nets  |  Dont Touch  |  Iterations  |  Elapsed   |
-----------------------------------------------------------------------------------------------------------------------------------------------------------
|  LUT Combining                                    |          125  |             77  |                   202  |           0  |           1  |  00:00:00  |
|  Retime                                           |            0  |              0  |                     0  |           0  |           1  |  00:00:00  |
|  Very High Fanout                                 |            0  |              0  |                     0  |           0  |           1  |  00:00:00  |
|  DSP Register                                     |            0  |              0  |                     0  |           0  |           1  |  00:00:00  |
|  Shift Register to Pipeline                       |            0  |              0  |                     0  |           0  |           1  |  00:00:00  |
|  Shift Register                                   |            0  |              0  |                     0  |           0  |           1  |  00:00:00  |
|  BRAM Register                                    |            0  |              0  |                     0  |           0  |           1  |  00:00:00  |
|  URAM Register                                    |            0  |              0  |                     0  |           0  |           1  |  00:00:00  |
|  Dynamic/Static Region Interface Net Replication  |            0  |              0  |                     0  |           0  |           1  |  00:00:00  |
|  Total                                            |          125  |             77  |                   202  |           0  |           9  |  00:00:01  |
-----------------------------------------------------------------------------------------------------------------------------------------------------------


Phase 2.5.2 Physical Synthesis In Placer | Checksum: 2c5c8381c

Time (s): cpu = 00:00:28 ; elapsed = 00:00:17 . Memory (MB): peak = 1923.668 ; gain = 0.000
Phase 2.5 Global Place Phase2 | Checksum: 2cf5c9c6a

Time (s): cpu = 00:00:29 ; elapsed = 00:00:18 . Memory (MB): peak = 1923.668 ; gain = 0.000
Phase 2 Global Placement | Checksum: 2cf5c9c6a

Time (s): cpu = 00:00:29 ; elapsed = 00:00:18 . Memory (MB): peak = 1923.668 ; gain = 0.000

Phase 3 Detail Placement

Phase 3.1 Commit Multi Column Macros
Phase 3.1 Commit Multi Column Macros | Checksum: 265cda940

Time (s): cpu = 00:00:30 ; elapsed = 00:00:18 . Memory (MB): peak = 1923.668 ; gain = 0.000

Phase 3.2 Commit Most Macros & LUTRAMs
Phase 3.2 Commit Most Macros & LUTRAMs | Checksum: 27f70aa36

Time (s): cpu = 00:00:32 ; elapsed = 00:00:20 . Memory (MB): peak = 1923.668 ; gain = 0.000

Phase 3.3 Area Swap Optimization
Phase 3.3 Area Swap Optimization | Checksum: 22be25298

Time (s): cpu = 00:00:33 ; elapsed = 00:00:20 . Memory (MB): peak = 1923.668 ; gain = 0.000

Phase 3.4 Pipeline Register Optimization
Phase 3.4 Pipeline Register Optimization | Checksum: 24ab08fb4

Time (s): cpu = 00:00:33 ; elapsed = 00:00:20 . Memory (MB): peak = 1923.668 ; gain = 0.000

Phase 3.5 Fast Optimization
Phase 3.5 Fast Optimization | Checksum: 2243e2617

Time (s): cpu = 00:00:43 ; elapsed = 00:00:29 . Memory (MB): peak = 1923.668 ; gain = 0.000

Phase 3.6 Small Shape Detail Placement
Phase 3.6 Small Shape Detail Placement | Checksum: 261b7586f

Time (s): cpu = 00:00:46 ; elapsed = 00:00:32 . Memory (MB): peak = 1923.668 ; gain = 0.000

Phase 3.7 Re-assign LUT pins
Phase 3.7 Re-assign LUT pins | Checksum: 1fb66e261

Time (s): cpu = 00:00:47 ; elapsed = 00:00:33 . Memory (MB): peak = 1923.668 ; gain = 0.000

Phase 3.8 Pipeline Register Optimization
Phase 3.8 Pipeline Register Optimization | Checksum: 21a930219

Time (s): cpu = 00:00:47 ; elapsed = 00:00:33 . Memory (MB): peak = 1923.668 ; gain = 0.000

Phase 3.9 Fast Optimization
Phase 3.9 Fast Optimization | Checksum: 2a7409d43

Time (s): cpu = 00:01:04 ; elapsed = 00:00:48 . Memory (MB): peak = 1923.668 ; gain = 0.000
Phase 3 Detail Placement | Checksum: 2a7409d43

Time (s): cpu = 00:01:04 ; elapsed = 00:00:48 . Memory (MB): peak = 1923.668 ; gain = 0.000

Phase 4 Post Placement Optimization and Clean-Up

Phase 4.1 Post Commit Optimization
INFO: [Timing 38-35] Done setting XDC timing constraints.

Phase 4.1.1 Post Placement Optimization
Post Placement Optimization Initialization | Checksum: 1e049d2e4

Phase 4.1.1.1 BUFG Insertion

Starting Physical Synthesis Task

Phase 1 Physical Synthesis Initialization
INFO: [Physopt 32-721] Multithreading enabled for phys_opt_design using a maximum of 2 CPUs
INFO: [Physopt 32-619] Estimated Timing Summary | WNS=-27.643 | TNS=-109.597 |
Phase 1 Physical Synthesis Initialization | Checksum: 10c73ac41

Time (s): cpu = 00:00:00 ; elapsed = 00:00:00.281 . Memory (MB): peak = 1923.668 ; gain = 0.000
INFO: [Place 46-56] BUFG insertion identified 0 candidate nets. Inserted BUFG: 0, Replicated BUFG Driver: 0, Skipped due to Placement/Routing Conflicts: 0, Skipped due to Timing Degradation: 0, Skipped due to netlist editing failed: 0.
Ending Physical Synthesis Task | Checksum: 296006edd

Time (s): cpu = 00:00:00 ; elapsed = 00:00:00.304 . Memory (MB): peak = 1923.668 ; gain = 0.000
Phase 4.1.1.1 BUFG Insertion | Checksum: 1e049d2e4

Time (s): cpu = 00:01:09 ; elapsed = 00:00:52 . Memory (MB): peak = 1923.668 ; gain = 0.000

Phase 4.1.1.2 Post Placement Timing Optimization
INFO: [Place 30-746] Post Placement Timing Summary WNS=-24.917. For the most accurate timing information please run report_timing.
Phase 4.1.1.2 Post Placement Timing Optimization | Checksum: 17501734a

Time (s): cpu = 00:02:30 ; elapsed = 00:02:04 . Memory (MB): peak = 1923.668 ; gain = 0.000

Time (s): cpu = 00:02:30 ; elapsed = 00:02:04 . Memory (MB): peak = 1923.668 ; gain = 0.000
Phase 4.1 Post Commit Optimization | Checksum: 17501734a

Time (s): cpu = 00:02:30 ; elapsed = 00:02:04 . Memory (MB): peak = 1923.668 ; gain = 0.000

Phase 4.2 Post Placement Cleanup
Phase 4.2 Post Placement Cleanup | Checksum: 17501734a

Time (s): cpu = 00:02:30 ; elapsed = 00:02:04 . Memory (MB): peak = 1923.668 ; gain = 0.000

Phase 4.3 Placer Reporting

Phase 4.3.1 Print Estimated Congestion
INFO: [Place 30-612] Post-Placement Estimated Congestion 
 ____________________________________________________
|           | Global Congestion | Short Congestion  |
| Direction | Region Size       | Region Size       |
|___________|___________________|___________________|
|      North|                1x1|                2x2|
|___________|___________________|___________________|
|      South|                1x1|                2x2|
|___________|___________________|___________________|
|       East|                2x2|                1x1|
|___________|___________________|___________________|
|       West|                1x1|                1x1|
|___________|___________________|___________________|

Phase 4.3.1 Print Estimated Congestion | Checksum: 17501734a

Time (s): cpu = 00:02:30 ; elapsed = 00:02:04 . Memory (MB): peak = 1923.668 ; gain = 0.000
Phase 4.3 Placer Reporting | Checksum: 17501734a

Time (s): cpu = 00:02:30 ; elapsed = 00:02:04 . Memory (MB): peak = 1923.668 ; gain = 0.000

Phase 4.4 Final Placement Cleanup
Netlist sorting complete. Time (s): cpu = 00:00:00 ; elapsed = 00:00:00.008 . Memory (MB): peak = 1923.668 ; gain = 0.000

Time (s): cpu = 00:02:30 ; elapsed = 00:02:04 . Memory (MB): peak = 1923.668 ; gain = 0.000
Phase 4 Post Placement Optimization and Clean-Up | Checksum: 1c71f3d66

Time (s): cpu = 00:02:30 ; elapsed = 00:02:04 . Memory (MB): peak = 1923.668 ; gain = 0.000
Ending Placer Task | Checksum: 172fd0ffa

Time (s): cpu = 00:02:30 ; elapsed = 00:02:04 . Memory (MB): peak = 1923.668 ; gain = 0.000
72 Infos, 27 Warnings, 27 Critical Warnings and 0 Errors encountered.
place_design completed successfully
place_design: Time (s): cpu = 00:02:32 ; elapsed = 00:02:06 . Memory (MB): peak = 1923.668 ; gain = 0.000
INFO: [Vivado 12-24838] Running report commands "report_control_sets, report_io, report_utilization" in parallel.
Running report generation with 2 threads.
INFO: [Vivado 12-24828] Executing command : report_utilization -file Top_FPGA_utilization_placed.rpt -pb Top_FPGA_utilization_placed.pb
INFO: [Vivado 12-24828] Executing command : report_io -file Top_FPGA_io_placed.rpt
report_io: Time (s): cpu = 00:00:00 ; elapsed = 00:00:00.115 . Memory (MB): peak = 1923.668 ; gain = 0.000
INFO: [Vivado 12-24828] Executing command : report_control_sets -verbose -file Top_FPGA_control_sets_placed.rpt
report_control_sets: Time (s): cpu = 00:00:00 ; elapsed = 00:00:00.055 . Memory (MB): peak = 1923.668 ; gain = 0.000
INFO: [Timing 38-480] Writing timing data to binary archive.
Wrote PlaceDB: Time (s): cpu = 00:00:00 ; elapsed = 00:00:00 . Memory (MB): peak = 1923.668 ; gain = 0.000
Wrote PulsedLatchDB: Time (s): cpu = 00:00:00 ; elapsed = 00:00:00 . Memory (MB): peak = 1923.668 ; gain = 0.000
Writing XDEF routing.
Writing XDEF routing logical nets.
Write ShapeDB Complete: Time (s): cpu = 00:00:01 ; elapsed = 00:00:00.023 . Memory (MB): peak = 1923.668 ; gain = 0.000
Writing XDEF routing special nets.
Wrote RouteStorage: Time (s): cpu = 00:00:01 ; elapsed = 00:00:00.020 . Memory (MB): peak = 1923.668 ; gain = 0.000
Wrote PlaceStorage: Time (s): cpu = 00:00:01 ; elapsed = 00:00:00.389 . Memory (MB): peak = 1923.668 ; gain = 0.000
Wrote Netlist Cache: Time (s): cpu = 00:00:00 ; elapsed = 00:00:00.010 . Memory (MB): peak = 1923.668 ; gain = 0.000
Wrote Device Cache: Time (s): cpu = 00:00:00 ; elapsed = 00:00:00.007 . Memory (MB): peak = 1923.668 ; gain = 0.000
Write Physdb Complete: Time (s): cpu = 00:00:02 ; elapsed = 00:00:00.432 . Memory (MB): peak = 1923.668 ; gain = 0.000
INFO: [Common 17-1381] The checkpoint 'C:/Users/iruiz/Downloads/CIM31-012_PFA/CIM31-012_PFA/CIM31-012_PFA.runs/impl_1/Top_FPGA_placed.dcp' has been generated.
Command: phys_opt_design
Attempting to get a license for feature 'Implementation' and/or device 'xc7a35t'
INFO: [Common 17-349] Got license for feature 'Implementation' and/or device 'xc7a35t'

Starting Initial Update Timing Task

Time (s): cpu = 00:00:04 ; elapsed = 00:00:02 . Memory (MB): peak = 1923.668 ; gain = 0.000
INFO: [Vivado_Tcl 4-1435] PhysOpt_Tcl_Interface Runtime Before Starting Physical Synthesis Task | CPU: 4.00s |  WALL: 2.31s
Netlist sorting complete. Time (s): cpu = 00:00:00 ; elapsed = 00:00:00.008 . Memory (MB): peak = 1923.668 ; gain = 0.000

Starting Physical Synthesis Task

Phase 1 Physical Synthesis Initialization
INFO: [Physopt 32-721] Multithreading enabled for phys_opt_design using a maximum of 2 CPUs
INFO: [Physopt 32-619] Estimated Timing Summary | WNS=-24.911 | TNS=-99.496 |
Phase 1 Physical Synthesis Initialization | Checksum: 28ad21479

Time (s): cpu = 00:00:01 ; elapsed = 00:00:01 . Memory (MB): peak = 1923.668 ; gain = 0.000
INFO: [Physopt 32-619] Estimated Timing Summary | WNS=-24.911 | TNS=-99.496 |

Phase 2 DSP Register Optimization
INFO: [Physopt 32-456] No candidate cells for DSP register optimization found in the design.
INFO: [Physopt 32-775] End 2 Pass. Optimized 0 net or cell. Created 0 new cell, deleted 0 existing cell and moved 0 existing cell
Phase 2 DSP Register Optimization | Checksum: 28ad21479

Time (s): cpu = 00:00:01 ; elapsed = 00:00:01 . Memory (MB): peak = 1923.668 ; gain = 0.000

Phase 3 Critical Path Optimization
INFO: [Physopt 32-619] Estimated Timing Summary | WNS=-24.911 | TNS=-99.496 |
INFO: [Physopt 32-702] Processed net VGA_use/DecToDigit_use/character_out_reg[4]_0[1]. Optimizations did not improve timing on the net.
INFO: [Physopt 32-702] Processed net BOOTLOADER_use/boot_addr[1]. Optimizations did not improve timing on the net.
INFO: [Physopt 32-702] Processed net VGA_use/DecToDigit_use/character_out_reg[1]_i_4_n_0. Optimizations did not improve timing on the net.
INFO: [Physopt 32-702] Processed net VGA_use/AuxRAM_use/contador_reg[2]_0. Optimizations did not improve timing on the net.
INFO: [Physopt 32-702] Processed net VGA_use/AuxRAM_use/character_out[1]_i_29_n_0. Optimizations did not improve timing on the net.
INFO: [Physopt 32-702] Processed net VGA_use/AuxRAM_use/character_out[1]_i_88_n_0. Optimizations did not improve timing on the net.
INFO: [Physopt 32-608] Optimized 1 net.  Swapped 18 pins.
INFO: [Physopt 32-735] Processed net VGA_use/AuxRAM_use/character_out[1]_i_165_n_0. Optimization improves timing on the net.
INFO: [Physopt 32-619] Estimated Timing Summary | WNS=-24.904 | TNS=-99.487 |
INFO: [Physopt 32-702] Processed net VGA_use/DecToDigit_use/character_out_reg[4]_0[0]. Optimizations did not improve timing on the net.
INFO: [Physopt 32-702] Processed net VGA_use/DecToDigit_use/character_out_reg[0]_i_4_n_0. Optimizations did not improve timing on the net.
INFO: [Physopt 32-702] Processed net VGA_use/AuxRAM_use/contador_reg[2]. Optimizations did not improve timing on the net.
INFO: [Physopt 32-702] Processed net VGA_use/AuxRAM_use/character_out[0]_i_30_n_0. Optimizations did not improve timing on the net.
INFO: [Physopt 32-702] Processed net VGA_use/AuxRAM_use/s_dRAM_digits[28]. Optimizations did not improve timing on the net.
INFO: [Physopt 32-608] Optimized 1 net.  Swapped 21 pins.
INFO: [Physopt 32-735] Processed net VGA_use/AuxRAM_use/character_out[1]_i_91_n_0. Optimization improves timing on the net.
INFO: [Physopt 32-619] Estimated Timing Summary | WNS=-24.902 | TNS=-99.473 |
INFO: [Physopt 32-608] Optimized 1 net.  Swapped 23 pins.
INFO: [Physopt 32-735] Processed net VGA_use/AuxRAM_use/character_out[1]_i_28_n_0. Optimization improves timing on the net.
INFO: [Physopt 32-619] Estimated Timing Summary | WNS=-24.890 | TNS=-99.453 |
INFO: [Physopt 32-663] Processed net VGA_use/AuxRAM_use/s_dRAM_digits[32].  Re-placed instance VGA_use/AuxRAM_use/character_out[0]_i_82
INFO: [Physopt 32-735] Processed net VGA_use/AuxRAM_use/s_dRAM_digits[32]. Optimization improves timing on the net.
INFO: [Physopt 32-619] Estimated Timing Summary | WNS=-24.887 | TNS=-99.450 |
INFO: [Physopt 32-702] Processed net VGA_use/AuxRAM_use/s_dRAM_digits[32]. Optimizations did not improve timing on the net.
INFO: [Physopt 32-663] Processed net VGA_use/AuxRAM_use/character_out[3]_i_109_n_0.  Re-placed instance VGA_use/AuxRAM_use/character_out[3]_i_109
INFO: [Physopt 32-735] Processed net VGA_use/AuxRAM_use/character_out[3]_i_109_n_0. Optimization improves timing on the net.
INFO: [Physopt 32-619] Estimated Timing Summary | WNS=-24.882 | TNS=-99.428 |
INFO: [Physopt 32-702] Processed net VGA_use/AuxRAM_use/character_out[1]_i_166_n_0. Optimizations did not improve timing on the net.
INFO: [Physopt 32-702] Processed net VGA_use/AuxRAM_use/character_out[3]_i_94_n_0. Optimizations did not improve timing on the net.
INFO: [Physopt 32-601] Processed net VGA_use/AuxRAM_use/character_out[3]_i_211_n_0. Net driver VGA_use/AuxRAM_use/character_out[3]_i_211 was replaced.
INFO: [Physopt 32-735] Processed net VGA_use/AuxRAM_use/character_out[3]_i_211_n_0. Optimization improves timing on the net.
INFO: [Physopt 32-619] Estimated Timing Summary | WNS=-24.877 | TNS=-99.418 |
INFO: [Physopt 32-702] Processed net VGA_use/AuxRAM_use/character_out[3]_i_112_n_0. Optimizations did not improve timing on the net.
INFO: [Physopt 32-608] Optimized 1 net.  Swapped 20 pins.
INFO: [Physopt 32-735] Processed net VGA_use/AuxRAM_use/character_out[3]_i_106_n_0. Optimization improves timing on the net.
INFO: [Physopt 32-619] Estimated Timing Summary | WNS=-24.875 | TNS=-99.414 |
INFO: [Physopt 32-81] Processed net VGA_use/AuxRAM_use/character_out[3]_i_105_n_0. Replicated 1 times.
INFO: [Physopt 32-735] Processed net VGA_use/AuxRAM_use/character_out[3]_i_105_n_0. Optimization improves timing on the net.
INFO: [Physopt 32-619] Estimated Timing Summary | WNS=-24.871 | TNS=-99.384 |
INFO: [Physopt 32-702] Processed net VGA_use/AuxRAM_use/character_out[1]_i_28_n_0. Optimizations did not improve timing on the net.
INFO: [Physopt 32-702] Processed net VGA_use/AuxRAM_use/s_dRAM_digits[29]. Optimizations did not improve timing on the net.
INFO: [Physopt 32-601] Processed net VGA_use/AuxRAM_use/character_out[3]_i_111_n_0. Net driver VGA_use/AuxRAM_use/character_out[3]_i_111 was replaced.
INFO: [Physopt 32-735] Processed net VGA_use/AuxRAM_use/character_out[3]_i_111_n_0. Optimization improves timing on the net.
INFO: [Physopt 32-619] Estimated Timing Summary | WNS=-24.862 | TNS=-99.341 |
INFO: [Physopt 32-702] Processed net VGA_use/AuxRAM_use/character_out[3]_i_111_n_0. Optimizations did not improve timing on the net.
INFO: [Physopt 32-702] Processed net VGA_use/AuxRAM_use/character_out[3]_i_226_n_0. Optimizations did not improve timing on the net.
INFO: [Physopt 32-608] Optimized 1 net.  Swapped 20 pins.
INFO: [Physopt 32-735] Processed net VGA_use/AuxRAM_use/character_out[3]_i_238_n_0. Optimization improves timing on the net.
INFO: [Physopt 32-619] Estimated Timing Summary | WNS=-24.850 | TNS=-99.321 |
INFO: [Physopt 32-242] Processed net VGA_use/AuxRAM_use/character_out[3]_i_229_n_0. Rewired (signal push) VGA_use/AuxRAM_use/character_out[3]_i_221_n_0 to 4 loads. Replicated 1 times.
INFO: [Physopt 32-735] Processed net VGA_use/AuxRAM_use/character_out[3]_i_229_n_0. Optimization improves timing on the net.
INFO: [Physopt 32-619] Estimated Timing Summary | WNS=-24.841 | TNS=-99.241 |
INFO: [Physopt 32-702] Processed net VGA_use/AuxRAM_use/character_out[1]_i_165_n_0. Optimizations did not improve timing on the net.
INFO: [Physopt 32-81] Processed net VGA_use/AuxRAM_use/character_out[3]_i_90_n_0. Replicated 2 times.
INFO: [Physopt 32-735] Processed net VGA_use/AuxRAM_use/character_out[3]_i_90_n_0. Optimization improves timing on the net.
INFO: [Physopt 32-619] Estimated Timing Summary | WNS=-24.836 | TNS=-99.234 |
INFO: [Physopt 32-702] Processed net VGA_use/AuxRAM_use/character_out[0]_i_31_n_0. Optimizations did not improve timing on the net.
INFO: [Physopt 32-702] Processed net VGA_use/AuxRAM_use/s_dRAM_digits[24]. Optimizations did not improve timing on the net.
INFO: [Physopt 32-663] Processed net VGA_use/AuxRAM_use/character_out[0]_i_128_n_0.  Re-placed instance VGA_use/AuxRAM_use/character_out[0]_i_128
INFO: [Physopt 32-735] Processed net VGA_use/AuxRAM_use/character_out[0]_i_128_n_0. Optimization improves timing on the net.
INFO: [Physopt 32-619] Estimated Timing Summary | WNS=-24.834 | TNS=-99.214 |
INFO: [Physopt 32-702] Processed net VGA_use/AuxRAM_use/character_out[3]_i_211_n_0. Optimizations did not improve timing on the net.
INFO: [Physopt 32-710] Processed net VGA_use/AuxRAM_use/character_out[3]_i_211_n_0. Critical path length was reduced through logic transformation on cell VGA_use/AuxRAM_use/character_out[3]_i_211_comp.
INFO: [Physopt 32-735] Processed net VGA_use/AuxRAM_use/character_out[3]_i_194_n_0. Optimization improves timing on the net.
INFO: [Physopt 32-619] Estimated Timing Summary | WNS=-24.824 | TNS=-99.204 |
INFO: [Physopt 32-710] Processed net VGA_use/AuxRAM_use/character_out[3]_i_211_n_0. Critical path length was reduced through logic transformation on cell VGA_use/AuxRAM_use/character_out[3]_i_211_comp_1.
INFO: [Physopt 32-735] Processed net VGA_use/AuxRAM_use/character_out[3]_i_196_n_0. Optimization improves timing on the net.
INFO: [Physopt 32-619] Estimated Timing Summary | WNS=-24.819 | TNS=-99.199 |
INFO: [Physopt 32-702] Processed net VGA_use/AuxRAM_use/character_out[3]_i_92_n_0. Optimizations did not improve timing on the net.
INFO: [Physopt 32-702] Processed net VGA_use/AuxRAM_use/character_out[3]_i_210_n_0. Optimizations did not improve timing on the net.
INFO: [Physopt 32-81] Processed net VGA_use/AuxRAM_use/character_out[3]_i_206_n_0. Replicated 1 times.
INFO: [Physopt 32-735] Processed net VGA_use/AuxRAM_use/character_out[3]_i_206_n_0. Optimization improves timing on the net.
INFO: [Physopt 32-619] Estimated Timing Summary | WNS=-24.819 | TNS=-99.201 |
INFO: [Physopt 32-702] Processed net VGA_use/AuxRAM_use/character_out[0]_i_128_n_0. Optimizations did not improve timing on the net.
INFO: [Physopt 32-702] Processed net VGA_use/AuxRAM_use/character_out[3]_i_100_n_0. Optimizations did not improve timing on the net.
INFO: [Physopt 32-81] Processed net VGA_use/AuxRAM_use/character_out[1]_i_167_n_0. Replicated 1 times.
INFO: [Physopt 32-735] Processed net VGA_use/AuxRAM_use/character_out[1]_i_167_n_0. Optimization improves timing on the net.
INFO: [Physopt 32-619] Estimated Timing Summary | WNS=-24.818 | TNS=-99.203 |
INFO: [Physopt 32-702] Processed net VGA_use/AuxRAM_use/s_dRAM_digits[33]. Optimizations did not improve timing on the net.
INFO: [Physopt 32-608] Optimized 1 net.  Swapped 19 pins.
INFO: [Physopt 32-735] Processed net VGA_use/AuxRAM_use/character_out[3]_i_117_n_0. Optimization improves timing on the net.
INFO: [Physopt 32-619] Estimated Timing Summary | WNS=-24.818 | TNS=-99.200 |
INFO: [Physopt 32-608] Optimized 1 net.  Swapped 20 pins.
INFO: [Physopt 32-735] Processed net VGA_use/AuxRAM_use/character_out[1]_i_167_n_0. Optimization improves timing on the net.
INFO: [Physopt 32-619] Estimated Timing Summary | WNS=-24.815 | TNS=-99.179 |
INFO: [Physopt 32-663] Processed net VGA_use/AuxRAM_use/character_out[3]_i_208_n_0.  Re-placed instance VGA_use/AuxRAM_use/character_out[3]_i_208
INFO: [Physopt 32-735] Processed net VGA_use/AuxRAM_use/character_out[3]_i_208_n_0. Optimization improves timing on the net.
INFO: [Physopt 32-619] Estimated Timing Summary | WNS=-24.804 | TNS=-99.168 |
INFO: [Physopt 32-702] Processed net VGA_use/AuxRAM_use/character_out[3]_i_238_n_0. Optimizations did not improve timing on the net.
INFO: [Physopt 32-710] Processed net VGA_use/AuxRAM_use/character_out[3]_i_238_n_0. Critical path length was reduced through logic transformation on cell VGA_use/AuxRAM_use/character_out[3]_i_238_comp.
INFO: [Physopt 32-735] Processed net VGA_use/AuxRAM_use/character_out[3]_i_315_n_0. Optimization improves timing on the net.
INFO: [Physopt 32-619] Estimated Timing Summary | WNS=-24.803 | TNS=-99.162 |
INFO: [Physopt 32-702] Processed net VGA_use/AuxRAM_use/character_out[3]_i_90_n_0. Optimizations did not improve timing on the net.
INFO: [Physopt 32-81] Processed net VGA_use/AuxRAM_use/character_out[3]_i_204_n_0. Replicated 1 times.
INFO: [Physopt 32-735] Processed net VGA_use/AuxRAM_use/character_out[3]_i_204_n_0. Optimization improves timing on the net.
INFO: [Physopt 32-619] Estimated Timing Summary | WNS=-24.799 | TNS=-99.158 |
INFO: [Physopt 32-601] Processed net VGA_use/AuxRAM_use/character_out[3]_i_208_n_0. Net driver VGA_use/AuxRAM_use/character_out[3]_i_208 was replaced.
INFO: [Physopt 32-735] Processed net VGA_use/AuxRAM_use/character_out[3]_i_208_n_0. Optimization improves timing on the net.
INFO: [Physopt 32-619] Estimated Timing Summary | WNS=-24.799 | TNS=-99.158 |
INFO: [Physopt 32-663] Processed net VGA_use/AuxRAM_use/character_out[3]_i_209_n_0.  Re-placed instance VGA_use/AuxRAM_use/character_out[3]_i_209
INFO: [Physopt 32-735] Processed net VGA_use/AuxRAM_use/character_out[3]_i_209_n_0. Optimization improves timing on the net.
INFO: [Physopt 32-619] Estimated Timing Summary | WNS=-24.799 | TNS=-99.158 |
INFO: [Physopt 32-702] Processed net VGA_use/AuxRAM_use/character_out[3]_i_315_n_0_repN. Optimizations did not improve timing on the net.
INFO: [Physopt 32-710] Processed net VGA_use/AuxRAM_use/character_out[3]_i_315_n_0_repN. Critical path length was reduced through logic transformation on cell VGA_use/AuxRAM_use/character_out[3]_i_315_comp_2.
INFO: [Physopt 32-735] Processed net VGA_use/AuxRAM_use/character_out[3]_i_325_n_0. Optimization improves timing on the net.
INFO: [Physopt 32-619] Estimated Timing Summary | WNS=-24.797 | TNS=-99.146 |
INFO: [Physopt 32-81] Processed net VGA_use/AuxRAM_use/character_out[3]_i_107_n_0. Replicated 1 times.
INFO: [Physopt 32-735] Processed net VGA_use/AuxRAM_use/character_out[3]_i_107_n_0. Optimization improves timing on the net.
INFO: [Physopt 32-619] Estimated Timing Summary | WNS=-24.796 | TNS=-99.143 |
INFO: [Physopt 32-702] Processed net VGA_use/DecToDigit_use/character_out_reg[4]_0[3]. Optimizations did not improve timing on the net.
INFO: [Physopt 32-702] Processed net VGA_use/DecToDigit_use/character_out_reg[3]_i_2_n_0. Optimizations did not improve timing on the net.
INFO: [Physopt 32-702] Processed net VGA_use/AuxRAM_use/contador_reg[3]_0. Optimizations did not improve timing on the net.
INFO: [Physopt 32-702] Processed net VGA_use/AuxRAM_use/character_out[3]_i_11_n_0. Optimizations did not improve timing on the net.
INFO: [Physopt 32-702] Processed net VGA_use/AuxRAM_use/s_dRAM_digits[31]. Optimizations did not improve timing on the net.
INFO: [Physopt 32-663] Processed net VGA_use/AuxRAM_use/character_out[3]_i_108_n_0.  Re-placed instance VGA_use/AuxRAM_use/character_out[3]_i_108
INFO: [Physopt 32-735] Processed net VGA_use/AuxRAM_use/character_out[3]_i_108_n_0. Optimization improves timing on the net.
INFO: [Physopt 32-619] Estimated Timing Summary | WNS=-24.794 | TNS=-99.107 |
INFO: [Physopt 32-702] Processed net VGA_use/AuxRAM_use/character_out[3]_i_206_n_0. Optimizations did not improve timing on the net.
INFO: [Physopt 32-702] Processed net VGA_use/AuxRAM_use/character_out[1]_i_263_n_0. Optimizations did not improve timing on the net.
INFO: [Physopt 32-134] Processed net VGA_use/AuxRAM_use/character_out[3]_i_302_n_0. Rewiring did not optimize the net.
INFO: [Physopt 32-608] Optimized 1 net.  Swapped 22 pins.
INFO: [Physopt 32-735] Processed net VGA_use/AuxRAM_use/character_out[3]_i_302_n_0. Optimization improves timing on the net.
INFO: [Physopt 32-619] Estimated Timing Summary | WNS=-24.794 | TNS=-99.107 |
INFO: [Physopt 32-608] Optimized 1 net.  Swapped 20 pins.
INFO: [Physopt 32-735] Processed net VGA_use/AuxRAM_use/character_out[3]_i_204_n_0. Optimization improves timing on the net.
INFO: [Physopt 32-619] Estimated Timing Summary | WNS=-24.793 | TNS=-99.106 |
INFO: [Physopt 32-81] Processed net VGA_use/AuxRAM_use/character_out[3]_i_303_n_0. Replicated 2 times.
INFO: [Physopt 32-735] Processed net VGA_use/AuxRAM_use/character_out[3]_i_303_n_0. Optimization improves timing on the net.
INFO: [Physopt 32-619] Estimated Timing Summary | WNS=-24.791 | TNS=-99.098 |
INFO: [Physopt 32-702] Processed net VGA_use/DecToDigit_use/character_out_reg[4]_0[0]. Optimizations did not improve timing on the net.
INFO: [Physopt 32-702] Processed net BOOTLOADER_use/boot_addr[1]. Optimizations did not improve timing on the net.
INFO: [Physopt 32-702] Processed net VGA_use/DecToDigit_use/character_out_reg[0]_i_4_n_0. Optimizations did not improve timing on the net.
INFO: [Physopt 32-702] Processed net VGA_use/AuxRAM_use/contador_reg[2]. Optimizations did not improve timing on the net.
INFO: [Physopt 32-702] Processed net VGA_use/AuxRAM_use/character_out[0]_i_31_n_0. Optimizations did not improve timing on the net.
INFO: [Physopt 32-702] Processed net VGA_use/AuxRAM_use/s_dRAM_digits[24]. Optimizations did not improve timing on the net.
INFO: [Physopt 32-702] Processed net VGA_use/AuxRAM_use/character_out[0]_i_128_n_0. Optimizations did not improve timing on the net.
INFO: [Physopt 32-702] Processed net VGA_use/AuxRAM_use/character_out[3]_i_100_n_0. Optimizations did not improve timing on the net.
INFO: [Physopt 32-702] Processed net VGA_use/AuxRAM_use/character_out[1]_i_167_n_0. Optimizations did not improve timing on the net.
INFO: [Physopt 32-702] Processed net VGA_use/AuxRAM_use/character_out[3]_i_215_n_0. Optimizations did not improve timing on the net.
INFO: [Physopt 32-702] Processed net VGA_use/AuxRAM_use/character_out[3]_i_308_n_0. Optimizations did not improve timing on the net.
INFO: [Physopt 32-608] Optimized 1 net.  Swapped 24 pins.
INFO: [Physopt 32-735] Processed net VGA_use/AuxRAM_use/character_out[1]_i_353_n_0. Optimization improves timing on the net.
INFO: [Physopt 32-619] Estimated Timing Summary | WNS=-24.790 | TNS=-99.097 |
INFO: [Physopt 32-702] Processed net VGA_use/AuxRAM_use/character_out[0]_i_30_n_0. Optimizations did not improve timing on the net.
INFO: [Physopt 32-663] Processed net VGA_use/AuxRAM_use/s_dRAM_digits[32].  Re-placed instance VGA_use/AuxRAM_use/character_out[0]_i_82
INFO: [Physopt 32-735] Processed net VGA_use/AuxRAM_use/s_dRAM_digits[32]. Optimization improves timing on the net.
INFO: [Physopt 32-619] Estimated Timing Summary | WNS=-24.785 | TNS=-99.073 |
INFO: [Physopt 32-702] Processed net VGA_use/DecToDigit_use/character_out_reg[4]_0[1]. Optimizations did not improve timing on the net.
INFO: [Physopt 32-702] Processed net VGA_use/DecToDigit_use/character_out_reg[1]_i_4_n_0. Optimizations did not improve timing on the net.
INFO: [Physopt 32-702] Processed net VGA_use/AuxRAM_use/contador_reg[2]_0. Optimizations did not improve timing on the net.
INFO: [Physopt 32-702] Processed net VGA_use/AuxRAM_use/character_out[1]_i_28_n_0. Optimizations did not improve timing on the net.
INFO: [Physopt 32-702] Processed net VGA_use/AuxRAM_use/s_dRAM_digits[29]. Optimizations did not improve timing on the net.
INFO: [Physopt 32-702] Processed net VGA_use/AuxRAM_use/character_out[3]_i_112_n_0. Optimizations did not improve timing on the net.
INFO: [Physopt 32-608] Optimized 1 net.  Swapped 21 pins.
INFO: [Physopt 32-735] Processed net VGA_use/AuxRAM_use/character_out[3]_i_107_n_0. Optimization improves timing on the net.
INFO: [Physopt 32-619] Estimated Timing Summary | WNS=-24.777 | TNS=-99.065 |
INFO: [Physopt 32-702] Processed net VGA_use/AuxRAM_use/character_out[3]_i_105_n_0. Optimizations did not improve timing on the net.
INFO: [Physopt 32-702] Processed net VGA_use/AuxRAM_use/character_out[3]_i_223_n_0. Optimizations did not improve timing on the net.
INFO: [Physopt 32-608] Optimized 1 net.  Swapped 21 pins.
INFO: [Physopt 32-735] Processed net VGA_use/AuxRAM_use/character_out[3]_i_214_n_0. Optimization improves timing on the net.
INFO: [Physopt 32-619] Estimated Timing Summary | WNS=-24.776 | TNS=-99.064 |
INFO: [Physopt 32-663] Processed net VGA_use/AuxRAM_use/character_out[3]_i_111_n_0.  Re-placed instance VGA_use/AuxRAM_use/character_out[3]_i_111_rewire
INFO: [Physopt 32-735] Processed net VGA_use/AuxRAM_use/character_out[3]_i_111_n_0. Optimization improves timing on the net.
INFO: [Physopt 32-619] Estimated Timing Summary | WNS=-24.771 | TNS=-99.059 |
INFO: [Physopt 32-702] Processed net VGA_use/AuxRAM_use/character_out[3]_i_221_n_0. Optimizations did not improve timing on the net.
INFO: [Physopt 32-702] Processed net VGA_use/AuxRAM_use/character_out[3]_i_313_n_0. Optimizations did not improve timing on the net.
INFO: [Physopt 32-702] Processed net VGA_use/AuxRAM_use/character_out[3]_i_309_n_0. Optimizations did not improve timing on the net.
INFO: [Physopt 32-608] Optimized 1 net.  Swapped 24 pins.
INFO: [Physopt 32-735] Processed net VGA_use/AuxRAM_use/character_out[3]_i_335_n_0. Optimization improves timing on the net.
INFO: [Physopt 32-619] Estimated Timing Summary | WNS=-24.767 | TNS=-99.039 |
INFO: [Physopt 32-702] Processed net VGA_use/AuxRAM_use/character_out[1]_i_29_n_0. Optimizations did not improve timing on the net.
INFO: [Physopt 32-702] Processed net VGA_use/AuxRAM_use/character_out[1]_i_88_n_0. Optimizations did not improve timing on the net.
INFO: [Physopt 32-702] Processed net VGA_use/AuxRAM_use/character_out[1]_i_166_n_0. Optimizations did not improve timing on the net.
INFO: [Physopt 32-702] Processed net VGA_use/AuxRAM_use/character_out[3]_i_92_n_0. Optimizations did not improve timing on the net.
INFO: [Physopt 32-702] Processed net VGA_use/AuxRAM_use/character_out[3]_i_210_n_0. Optimizations did not improve timing on the net.
INFO: [Physopt 32-702] Processed net VGA_use/AuxRAM_use/character_out[3]_i_206_n_0. Optimizations did not improve timing on the net.
INFO: [Physopt 32-608] Optimized 1 net.  Swapped 22 pins.
INFO: [Physopt 32-735] Processed net VGA_use/AuxRAM_use/character_out[1]_i_263_n_0. Optimization improves timing on the net.
INFO: [Physopt 32-619] Estimated Timing Summary | WNS=-24.766 | TNS=-99.019 |
INFO: [Physopt 32-702] Processed net VGA_use/AuxRAM_use/character_out[1]_i_354_n_0. Optimizations did not improve timing on the net.
INFO: [Physopt 32-702] Processed net VGA_use/AuxRAM_use/character_out[1]_i_428_n_0. Optimizations did not improve timing on the net.
INFO: [Physopt 32-702] Processed net VGA_use/AuxRAM_use/character_out[3]_i_397_n_0. Optimizations did not improve timing on the net.
INFO: [Physopt 32-608] Optimized 1 net.  Swapped 14 pins.
INFO: [Physopt 32-735] Processed net VGA_use/AuxRAM_use/character_out[3]_i_463_n_0. Optimization improves timing on the net.
INFO: [Physopt 32-619] Estimated Timing Summary | WNS=-24.760 | TNS=-99.008 |
INFO: [Physopt 32-702] Processed net VGA_use/DecToDigit_use/character_out_reg[4]_0[3]. Optimizations did not improve timing on the net.
INFO: [Physopt 32-702] Processed net VGA_use/DecToDigit_use/character_out_reg[3]_i_2_n_0. Optimizations did not improve timing on the net.
INFO: [Physopt 32-702] Processed net VGA_use/AuxRAM_use/contador_reg[3]_0. Optimizations did not improve timing on the net.
INFO: [Physopt 32-663] Processed net VGA_use/AuxRAM_use/character_out[3]_i_9_n_0.  Re-placed instance VGA_use/AuxRAM_use/character_out[3]_i_9
INFO: [Physopt 32-735] Processed net VGA_use/AuxRAM_use/character_out[3]_i_9_n_0. Optimization improves timing on the net.
INFO: [Physopt 32-619] Estimated Timing Summary | WNS=-24.755 | TNS=-98.973 |
INFO: [Physopt 32-702] Processed net VGA_use/AuxRAM_use/character_out[1]_i_352_n_0. Optimizations did not improve timing on the net.
INFO: [Physopt 32-702] Processed net VGA_use/AuxRAM_use/character_out[3]_i_386_n_0. Optimizations did not improve timing on the net.
INFO: [Physopt 32-608] Optimized 1 net.  Swapped 23 pins.
INFO: [Physopt 32-735] Processed net VGA_use/AuxRAM_use/character_out[3]_i_445_n_0. Optimization improves timing on the net.
INFO: [Physopt 32-619] Estimated Timing Summary | WNS=-24.750 | TNS=-98.968 |
INFO: [Physopt 32-702] Processed net VGA_use/AuxRAM_use/character_out[1]_i_427_n_0. Optimizations did not improve timing on the net.
INFO: [Physopt 32-702] Processed net VGA_use/AuxRAM_use/character_out[3]_i_399_n_0. Optimizations did not improve timing on the net.
INFO: [Physopt 32-608] Optimized 1 net.  Swapped 22 pins.
INFO: [Physopt 32-735] Processed net VGA_use/AuxRAM_use/character_out[3]_i_468_n_0. Optimization improves timing on the net.
INFO: [Physopt 32-619] Estimated Timing Summary | WNS=-24.747 | TNS=-98.964 |
INFO: [Physopt 32-702] Processed net VGA_use/AuxRAM_use/character_out[3]_i_217_n_0. Optimizations did not improve timing on the net.
INFO: [Physopt 32-608] Optimized 1 net.  Swapped 23 pins.
INFO: [Physopt 32-735] Processed net VGA_use/AuxRAM_use/character_out[1]_i_264_n_0. Optimization improves timing on the net.
INFO: [Physopt 32-619] Estimated Timing Summary | WNS=-24.746 | TNS=-98.962 |
INFO: [Physopt 32-702] Processed net VGA_use/AuxRAM_use/character_out[3]_i_446_n_0. Optimizations did not improve timing on the net.
INFO: [Physopt 32-702] Processed net VGA_use/AuxRAM_use/character_out[3]_i_442_n_0. Optimizations did not improve timing on the net.
INFO: [Physopt 32-608] Optimized 1 net.  Swapped 23 pins.
INFO: [Physopt 32-735] Processed net VGA_use/AuxRAM_use/character_out[3]_i_510_n_0. Optimization improves timing on the net.
INFO: [Physopt 32-619] Estimated Timing Summary | WNS=-24.745 | TNS=-98.960 |
INFO: [Physopt 32-702] Processed net VGA_use/DecToDigit_use/character_out_reg[4]_0[2]. Optimizations did not improve timing on the net.
INFO: [Physopt 32-702] Processed net VGA_use/DecToDigit_use/character_out_reg[2]_i_2_n_0. Optimizations did not improve timing on the net.
INFO: [Physopt 32-702] Processed net VGA_use/AuxRAM_use/contador_reg[3]. Optimizations did not improve timing on the net.
INFO: [Physopt 32-608] Optimized 1 net.  Swapped 23 pins.
INFO: [Physopt 32-735] Processed net VGA_use/AuxRAM_use/character_out[2]_i_11_n_0. Optimization improves timing on the net.
INFO: [Physopt 32-619] Estimated Timing Summary | WNS=-24.745 | TNS=-98.935 |
INFO: [Physopt 32-702] Processed net VGA_use/DecToDigit_use/character_out_reg[1]_i_11_n_0. Optimizations did not improve timing on the net.
INFO: [Physopt 32-702] Processed net VGA_use/AuxRAM_use/contador_reg[0]. Optimizations did not improve timing on the net.
INFO: [Physopt 32-663] Processed net VGA_use/AuxRAM_use/character_out[1]_i_92_n_0.  Re-placed instance VGA_use/AuxRAM_use/character_out[1]_i_92
INFO: [Physopt 32-735] Processed net VGA_use/AuxRAM_use/character_out[1]_i_92_n_0. Optimization improves timing on the net.
INFO: [Physopt 32-619] Estimated Timing Summary | WNS=-24.744 | TNS=-98.934 |
INFO: [Physopt 32-608] Optimized 1 net.  Swapped 24 pins.
INFO: [Physopt 32-735] Processed net VGA_use/AuxRAM_use/character_out[3]_i_443_n_0. Optimization improves timing on the net.
INFO: [Physopt 32-619] Estimated Timing Summary | WNS=-24.744 | TNS=-98.934 |
INFO: [Physopt 32-663] Processed net VGA_use/AuxRAM_use/character_out[3]_i_514_n_0.  Re-placed instance VGA_use/AuxRAM_use/character_out[3]_i_514
INFO: [Physopt 32-735] Processed net VGA_use/AuxRAM_use/character_out[3]_i_514_n_0. Optimization improves timing on the net.
INFO: [Physopt 32-619] Estimated Timing Summary | WNS=-24.744 | TNS=-98.928 |
INFO: [Physopt 32-702] Processed net VGA_use/AuxRAM_use/character_out[3]_i_111_n_0. Optimizations did not improve timing on the net.
INFO: [Physopt 32-702] Processed net VGA_use/AuxRAM_use/character_out[3]_i_229_n_0. Optimizations did not improve timing on the net.
INFO: [Physopt 32-702] Processed net VGA_use/AuxRAM_use/character_out[3]_i_222_n_0. Optimizations did not improve timing on the net.
INFO: [Physopt 32-608] Optimized 1 net.  Swapped 20 pins.
INFO: [Physopt 32-735] Processed net VGA_use/AuxRAM_use/character_out[3]_i_316_n_0. Optimization improves timing on the net.
INFO: [Physopt 32-619] Estimated Timing Summary | WNS=-24.742 | TNS=-98.917 |
INFO: [Physopt 32-619] Estimated Timing Summary | WNS=-24.742 | TNS=-98.917 |
Netlist sorting complete. Time (s): cpu = 00:00:00 ; elapsed = 00:00:00.024 . Memory (MB): peak = 1923.668 ; gain = 0.000
Phase 3 Critical Path Optimization | Checksum: 162aeb2ad

Time (s): cpu = 00:00:36 ; elapsed = 00:00:23 . Memory (MB): peak = 1923.668 ; gain = 0.000

Phase 4 Critical Path Optimization
INFO: [Physopt 32-619] Estimated Timing Summary | WNS=-24.742 | TNS=-98.917 |
INFO: [Physopt 32-702] Processed net VGA_use/DecToDigit_use/character_out_reg[4]_0[1]. Optimizations did not improve timing on the net.
INFO: [Physopt 32-702] Processed net BOOTLOADER_use/boot_addr[1]. Optimizations did not improve timing on the net.
INFO: [Physopt 32-702] Processed net VGA_use/DecToDigit_use/character_out_reg[1]_i_4_n_0. Optimizations did not improve timing on the net.
INFO: [Physopt 32-702] Processed net VGA_use/AuxRAM_use/contador_reg[2]_0. Optimizations did not improve timing on the net.
INFO: [Physopt 32-702] Processed net VGA_use/AuxRAM_use/character_out[1]_i_28_n_0. Optimizations did not improve timing on the net.
INFO: [Physopt 32-702] Processed net VGA_use/AuxRAM_use/s_dRAM_digits[29]. Optimizations did not improve timing on the net.
INFO: [Physopt 32-702] Processed net VGA_use/AuxRAM_use/character_out[3]_i_112_n_0. Optimizations did not improve timing on the net.
INFO: [Physopt 32-702] Processed net VGA_use/AuxRAM_use/character_out[3]_i_105_n_0. Optimizations did not improve timing on the net.
INFO: [Physopt 32-702] Processed net VGA_use/AuxRAM_use/character_out[3]_i_221_n_0. Optimizations did not improve timing on the net.
INFO: [Physopt 32-601] Processed net VGA_use/AuxRAM_use/character_out[3]_i_313_n_0. Net driver VGA_use/AuxRAM_use/character_out[3]_i_313 was replaced.
INFO: [Physopt 32-735] Processed net VGA_use/AuxRAM_use/character_out[3]_i_313_n_0. Optimization improves timing on the net.
INFO: [Physopt 32-619] Estimated Timing Summary | WNS=-24.741 | TNS=-98.916 |
INFO: [Physopt 32-601] Processed net VGA_use/AuxRAM_use/character_out[3]_i_111_n_0. Net driver VGA_use/AuxRAM_use/character_out[3]_i_111_rewire was replaced.
INFO: [Physopt 32-735] Processed net VGA_use/AuxRAM_use/character_out[3]_i_111_n_0. Optimization improves timing on the net.
INFO: [Physopt 32-619] Estimated Timing Summary | WNS=-24.738 | TNS=-98.910 |
INFO: [Physopt 32-702] Processed net VGA_use/DecToDigit_use/character_out_reg[4]_0[0]. Optimizations did not improve timing on the net.
INFO: [Physopt 32-702] Processed net VGA_use/DecToDigit_use/character_out_reg[0]_i_4_n_0. Optimizations did not improve timing on the net.
INFO: [Physopt 32-702] Processed net VGA_use/AuxRAM_use/contador_reg[2]. Optimizations did not improve timing on the net.
INFO: [Physopt 32-702] Processed net VGA_use/AuxRAM_use/character_out[0]_i_31_n_0. Optimizations did not improve timing on the net.
INFO: [Physopt 32-702] Processed net VGA_use/AuxRAM_use/s_dRAM_digits[24]. Optimizations did not improve timing on the net.
INFO: [Physopt 32-702] Processed net VGA_use/AuxRAM_use/character_out[0]_i_128_n_0. Optimizations did not improve timing on the net.
INFO: [Physopt 32-702] Processed net VGA_use/AuxRAM_use/character_out[3]_i_100_n_0. Optimizations did not improve timing on the net.
INFO: [Physopt 32-702] Processed net VGA_use/AuxRAM_use/character_out[1]_i_167_n_0. Optimizations did not improve timing on the net.
INFO: [Physopt 32-81] Processed net VGA_use/AuxRAM_use/character_out[3]_i_215_n_0. Replicated 1 times.
INFO: [Physopt 32-735] Processed net VGA_use/AuxRAM_use/character_out[3]_i_215_n_0. Optimization improves timing on the net.
INFO: [Physopt 32-619] Estimated Timing Summary | WNS=-24.735 | TNS=-98.907 |
INFO: [Physopt 32-702] Processed net VGA_use/AuxRAM_use/character_out[3]_i_215_n_0. Optimizations did not improve timing on the net.
INFO: [Physopt 32-702] Processed net VGA_use/AuxRAM_use/character_out[3]_i_308_n_0. Optimizations did not improve timing on the net.
INFO: [Physopt 32-134] Processed net VGA_use/AuxRAM_use/character_out[1]_i_352_n_0. Rewiring did not optimize the net.
INFO: [Physopt 32-702] Processed net VGA_use/AuxRAM_use/character_out[1]_i_352_n_0. Optimizations did not improve timing on the net.
INFO: [Physopt 32-702] Processed net VGA_use/AuxRAM_use/character_out[3]_i_386_n_0. Optimizations did not improve timing on the net.
INFO: [Physopt 32-702] Processed net VGA_use/AuxRAM_use/character_out[3]_i_446_n_0. Optimizations did not improve timing on the net.
INFO: [Physopt 32-608] Optimized 1 net.  Swapped 18 pins.
INFO: [Physopt 32-735] Processed net VGA_use/AuxRAM_use/character_out[3]_i_443_n_0. Optimization improves timing on the net.
INFO: [Physopt 32-619] Estimated Timing Summary | WNS=-24.734 | TNS=-98.905 |
INFO: [Physopt 32-702] Processed net VGA_use/AuxRAM_use/character_out[3]_i_387_n_0. Optimizations did not improve timing on the net.
INFO: [Physopt 32-608] Optimized 1 net.  Swapped 23 pins.
INFO: [Physopt 32-735] Processed net VGA_use/AuxRAM_use/character_out[3]_i_449_n_0. Optimization improves timing on the net.
INFO: [Physopt 32-619] Estimated Timing Summary | WNS=-24.734 | TNS=-98.891 |
INFO: [Physopt 32-702] Processed net VGA_use/AuxRAM_use/character_out[1]_i_29_n_0. Optimizations did not improve timing on the net.
INFO: [Physopt 32-702] Processed net VGA_use/AuxRAM_use/character_out[1]_i_88_n_0. Optimizations did not improve timing on the net.
INFO: [Physopt 32-608] Optimized 1 net.  Swapped 18 pins.
INFO: [Physopt 32-735] Processed net VGA_use/AuxRAM_use/character_out[1]_i_165_n_0. Optimization improves timing on the net.
INFO: [Physopt 32-619] Estimated Timing Summary | WNS=-24.731 | TNS=-98.888 |
INFO: [Physopt 32-702] Processed net VGA_use/AuxRAM_use/character_out[1]_i_166_n_0. Optimizations did not improve timing on the net.
INFO: [Physopt 32-702] Processed net VGA_use/AuxRAM_use/character_out[3]_i_92_n_0. Optimizations did not improve timing on the net.
INFO: [Physopt 32-702] Processed net VGA_use/AuxRAM_use/character_out[3]_i_210_n_0. Optimizations did not improve timing on the net.
INFO: [Physopt 32-702] Processed net VGA_use/AuxRAM_use/character_out[3]_i_206_n_0. Optimizations did not improve timing on the net.
INFO: [Physopt 32-702] Processed net VGA_use/AuxRAM_use/character_out[1]_i_263_n_0. Optimizations did not improve timing on the net.
INFO: [Physopt 32-81] Processed net VGA_use/AuxRAM_use/character_out[3]_i_302_n_0. Replicated 1 times.
INFO: [Physopt 32-735] Processed net VGA_use/AuxRAM_use/character_out[3]_i_302_n_0. Optimization improves timing on the net.
INFO: [Physopt 32-619] Estimated Timing Summary | WNS=-24.731 | TNS=-98.882 |
INFO: [Physopt 32-663] Processed net VGA_use/AuxRAM_use/character_out[3]_i_209_n_0.  Re-placed instance VGA_use/AuxRAM_use/character_out[3]_i_209
INFO: [Physopt 32-735] Processed net VGA_use/AuxRAM_use/character_out[3]_i_209_n_0. Optimization improves timing on the net.
INFO: [Physopt 32-619] Estimated Timing Summary | WNS=-24.728 | TNS=-98.879 |
INFO: [Physopt 32-702] Processed net VGA_use/AuxRAM_use/character_out[3]_i_313_n_0. Optimizations did not improve timing on the net.
INFO: [Physopt 32-702] Processed net VGA_use/AuxRAM_use/character_out[3]_i_309_n_0. Optimizations did not improve timing on the net.
INFO: [Physopt 32-702] Processed net VGA_use/AuxRAM_use/character_out[3]_i_335_n_0. Optimizations did not improve timing on the net.
INFO: [Physopt 32-601] Processed net VGA_use/AuxRAM_use/character_out[3]_i_405_n_0. Net driver VGA_use/AuxRAM_use/character_out[3]_i_405 was replaced.
INFO: [Physopt 32-735] Processed net VGA_use/AuxRAM_use/character_out[3]_i_405_n_0. Optimization improves timing on the net.
INFO: [Physopt 32-619] Estimated Timing Summary | WNS=-24.727 | TNS=-98.837 |
INFO: [Physopt 32-81] Processed net VGA_use/AuxRAM_use/character_out[3]_i_94_n_0. Replicated 1 times.
INFO: [Physopt 32-735] Processed net VGA_use/AuxRAM_use/character_out[3]_i_94_n_0. Optimization improves timing on the net.
INFO: [Physopt 32-619] Estimated Timing Summary | WNS=-24.724 | TNS=-98.834 |
INFO: [Physopt 32-702] Processed net VGA_use/DecToDigit_use/character_out_reg[4]_0[1]. Optimizations did not improve timing on the net.
INFO: [Physopt 32-702] Processed net BOOTLOADER_use/boot_addr[1]. Optimizations did not improve timing on the net.
INFO: [Physopt 32-702] Processed net VGA_use/DecToDigit_use/character_out_reg[1]_i_4_n_0. Optimizations did not improve timing on the net.
INFO: [Physopt 32-702] Processed net VGA_use/AuxRAM_use/contador_reg[2]_0. Optimizations did not improve timing on the net.
INFO: [Physopt 32-702] Processed net VGA_use/AuxRAM_use/character_out[1]_i_29_n_0. Optimizations did not improve timing on the net.
INFO: [Physopt 32-702] Processed net VGA_use/AuxRAM_use/character_out[1]_i_88_n_0. Optimizations did not improve timing on the net.
INFO: [Physopt 32-702] Processed net VGA_use/AuxRAM_use/character_out[1]_i_166_n_0. Optimizations did not improve timing on the net.
INFO: [Physopt 32-702] Processed net VGA_use/AuxRAM_use/character_out[3]_i_92_n_0. Optimizations did not improve timing on the net.
INFO: [Physopt 32-702] Processed net VGA_use/AuxRAM_use/character_out[3]_i_210_n_0. Optimizations did not improve timing on the net.
INFO: [Physopt 32-608] Optimized 1 net.  Swapped 15 pins.
INFO: [Physopt 32-735] Processed net VGA_use/AuxRAM_use/character_out[3]_i_217_n_0. Optimization improves timing on the net.
INFO: [Physopt 32-619] Estimated Timing Summary | WNS=-24.720 | TNS=-98.826 |
INFO: [Physopt 32-702] Processed net VGA_use/DecToDigit_use/character_out_reg[4]_0[0]. Optimizations did not improve timing on the net.
INFO: [Physopt 32-702] Processed net VGA_use/DecToDigit_use/character_out_reg[0]_i_4_n_0. Optimizations did not improve timing on the net.
INFO: [Physopt 32-702] Processed net VGA_use/AuxRAM_use/contador_reg[2]. Optimizations did not improve timing on the net.
INFO: [Physopt 32-702] Processed net VGA_use/AuxRAM_use/character_out[0]_i_31_n_0. Optimizations did not improve timing on the net.
INFO: [Physopt 32-702] Processed net VGA_use/AuxRAM_use/s_dRAM_digits[24]. Optimizations did not improve timing on the net.
INFO: [Physopt 32-702] Processed net VGA_use/AuxRAM_use/character_out[0]_i_128_n_0. Optimizations did not improve timing on the net.
INFO: [Physopt 32-702] Processed net VGA_use/AuxRAM_use/character_out[3]_i_100_n_0. Optimizations did not improve timing on the net.
INFO: [Physopt 32-702] Processed net VGA_use/AuxRAM_use/character_out[1]_i_167_n_0. Optimizations did not improve timing on the net.
INFO: [Physopt 32-702] Processed net VGA_use/AuxRAM_use/character_out[3]_i_215_n_0. Optimizations did not improve timing on the net.
INFO: [Physopt 32-702] Processed net VGA_use/AuxRAM_use/character_out[3]_i_308_n_0. Optimizations did not improve timing on the net.
INFO: [Physopt 32-702] Processed net VGA_use/AuxRAM_use/character_out[1]_i_352_n_0. Optimizations did not improve timing on the net.
INFO: [Physopt 32-702] Processed net VGA_use/AuxRAM_use/character_out[3]_i_386_n_0. Optimizations did not improve timing on the net.
INFO: [Physopt 32-702] Processed net VGA_use/AuxRAM_use/character_out[3]_i_446_n_0. Optimizations did not improve timing on the net.
INFO: [Physopt 32-608] Optimized 1 net.  Swapped 18 pins.
INFO: [Physopt 32-735] Processed net VGA_use/AuxRAM_use/character_out[3]_i_443_n_0. Optimization improves timing on the net.
INFO: [Physopt 32-619] Estimated Timing Summary | WNS=-24.716 | TNS=-98.822 |
INFO: [Physopt 32-702] Processed net VGA_use/AuxRAM_use/character_out[3]_i_387_n_0. Optimizations did not improve timing on the net.
INFO: [Physopt 32-608] Optimized 1 net.  Swapped 21 pins.
INFO: [Physopt 32-735] Processed net VGA_use/AuxRAM_use/character_out[3]_i_448_n_0. Optimization improves timing on the net.
INFO: [Physopt 32-619] Estimated Timing Summary | WNS=-24.716 | TNS=-98.811 |
INFO: [Physopt 32-702] Processed net VGA_use/AuxRAM_use/character_out[3]_i_206_n_0. Optimizations did not improve timing on the net.
INFO: [Physopt 32-702] Processed net VGA_use/AuxRAM_use/character_out[1]_i_263_n_0. Optimizations did not improve timing on the net.
INFO: [Physopt 32-702] Processed net VGA_use/AuxRAM_use/character_out[3]_i_302_n_0. Optimizations did not improve timing on the net.
INFO: [Physopt 32-608] Optimized 1 net.  Swapped 12 pins.
INFO: [Physopt 32-735] Processed net VGA_use/AuxRAM_use/character_out[3]_i_299_n_0. Optimization improves timing on the net.
INFO: [Physopt 32-619] Estimated Timing Summary | WNS=-24.709 | TNS=-98.720 |
INFO: [Physopt 32-702] Processed net VGA_use/AuxRAM_use/character_out[1]_i_28_n_0. Optimizations did not improve timing on the net.
INFO: [Physopt 32-702] Processed net VGA_use/AuxRAM_use/s_dRAM_digits[29]. Optimizations did not improve timing on the net.
INFO: [Physopt 32-702] Processed net VGA_use/AuxRAM_use/character_out[3]_i_112_n_0. Optimizations did not improve timing on the net.
INFO: [Physopt 32-608] Optimized 1 net.  Swapped 20 pins.
INFO: [Physopt 32-735] Processed net VGA_use/AuxRAM_use/character_out[3]_i_106_n_0. Optimization improves timing on the net.
INFO: [Physopt 32-619] Estimated Timing Summary | WNS=-24.705 | TNS=-98.712 |
INFO: [Physopt 32-663] Processed net VGA_use/AuxRAM_use/character_out[3]_i_220_n_0.  Re-placed instance VGA_use/AuxRAM_use/character_out[3]_i_220
INFO: [Physopt 32-735] Processed net VGA_use/AuxRAM_use/character_out[3]_i_220_n_0. Optimization improves timing on the net.
INFO: [Physopt 32-619] Estimated Timing Summary | WNS=-24.701 | TNS=-98.708 |
INFO: [Physopt 32-702] Processed net VGA_use/AuxRAM_use/character_out[3]_i_448_n_0. Optimizations did not improve timing on the net.
INFO: [Physopt 32-608] Optimized 1 net.  Swapped 21 pins.
INFO: [Physopt 32-735] Processed net VGA_use/AuxRAM_use/character_out[3]_i_464_n_0. Optimization improves timing on the net.
INFO: [Physopt 32-619] Estimated Timing Summary | WNS=-24.701 | TNS=-98.708 |
INFO: [Physopt 32-702] Processed net VGA_use/AuxRAM_use/character_out[3]_i_442_n_0. Optimizations did not improve timing on the net.
INFO: [Physopt 32-702] Processed net VGA_use/AuxRAM_use/character_out[3]_i_511_n_0. Optimizations did not improve timing on the net.
INFO: [Physopt 32-608] Optimized 1 net.  Swapped 24 pins.
INFO: [Physopt 32-735] Processed net VGA_use/AuxRAM_use/character_out[3]_i_554_n_0. Optimization improves timing on the net.
INFO: [Physopt 32-619] Estimated Timing Summary | WNS=-24.701 | TNS=-98.684 |
INFO: [Physopt 32-663] Processed net VGA_use/AuxRAM_use/character_out[1]_i_266_n_0.  Re-placed instance VGA_use/AuxRAM_use/character_out[1]_i_266
INFO: [Physopt 32-735] Processed net VGA_use/AuxRAM_use/character_out[1]_i_266_n_0. Optimization improves timing on the net.
INFO: [Physopt 32-619] Estimated Timing Summary | WNS=-24.696 | TNS=-98.676 |
INFO: [Physopt 32-608] Optimized 1 net.  Swapped 19 pins.
INFO: [Physopt 32-735] Processed net VGA_use/AuxRAM_use/character_out[3]_i_298_n_0. Optimization improves timing on the net.
INFO: [Physopt 32-619] Estimated Timing Summary | WNS=-24.694 | TNS=-98.674 |
INFO: [Physopt 32-702] Processed net VGA_use/AuxRAM_use/character_out[3]_i_298_n_0. Optimizations did not improve timing on the net.
INFO: [Physopt 32-663] Processed net VGA_use/AuxRAM_use/character_out[3]_i_379_n_0.  Re-placed instance VGA_use/AuxRAM_use/character_out[3]_i_379
INFO: [Physopt 32-735] Processed net VGA_use/AuxRAM_use/character_out[3]_i_379_n_0. Optimization improves timing on the net.
INFO: [Physopt 32-619] Estimated Timing Summary | WNS=-24.686 | TNS=-98.666 |
INFO: [Physopt 32-608] Optimized 1 net.  Swapped 11 pins.
INFO: [Physopt 32-735] Processed net VGA_use/AuxRAM_use/character_out[3]_i_209_n_0. Optimization improves timing on the net.
INFO: [Physopt 32-619] Estimated Timing Summary | WNS=-24.685 | TNS=-98.665 |
INFO: [Physopt 32-702] Processed net VGA_use/AuxRAM_use/character_out[3]_i_105_n_0. Optimizations did not improve timing on the net.
INFO: [Physopt 32-702] Processed net VGA_use/AuxRAM_use/character_out[3]_i_221_n_0. Optimizations did not improve timing on the net.
INFO: [Physopt 32-608] Optimized 1 net.  Swapped 19 pins.
INFO: [Physopt 32-735] Processed net VGA_use/AuxRAM_use/character_out[3]_i_313_n_0. Optimization improves timing on the net.
INFO: [Physopt 32-619] Estimated Timing Summary | WNS=-24.682 | TNS=-98.662 |
INFO: [Physopt 32-702] Processed net VGA_use/AuxRAM_use/s_dRAM_digits[33]. Optimizations did not improve timing on the net.
INFO: [Physopt 32-608] Optimized 1 net.  Swapped 20 pins.
INFO: [Physopt 32-735] Processed net VGA_use/AuxRAM_use/character_out[3]_i_116_n_0. Optimization improves timing on the net.
INFO: [Physopt 32-619] Estimated Timing Summary | WNS=-24.675 | TNS=-98.650 |
INFO: [Physopt 32-702] Processed net VGA_use/DecToDigit_use/character_out_reg[4]_0[3]. Optimizations did not improve timing on the net.
INFO: [Physopt 32-702] Processed net VGA_use/DecToDigit_use/character_out_reg[3]_i_2_n_0. Optimizations did not improve timing on the net.
INFO: [Physopt 32-702] Processed net VGA_use/AuxRAM_use/contador_reg[3]_0. Optimizations did not improve timing on the net.
INFO: [Physopt 32-702] Processed net VGA_use/AuxRAM_use/character_out[3]_i_11_n_0. Optimizations did not improve timing on the net.
INFO: [Physopt 32-702] Processed net VGA_use/AuxRAM_use/s_dRAM_digits[35]. Optimizations did not improve timing on the net.
INFO: [Physopt 32-702] Processed net VGA_use/AuxRAM_use/character_out[3]_i_113_n_0. Optimizations did not improve timing on the net.
INFO: [Physopt 32-663] Processed net VGA_use/AuxRAM_use/character_out[3]_i_227_n_0.  Re-placed instance VGA_use/AuxRAM_use/character_out[3]_i_227
INFO: [Physopt 32-735] Processed net VGA_use/AuxRAM_use/character_out[3]_i_227_n_0. Optimization improves timing on the net.
INFO: [Physopt 32-619] Estimated Timing Summary | WNS=-24.674 | TNS=-98.584 |
INFO: [Physopt 32-702] Processed net VGA_use/AuxRAM_use/character_out[1]_i_354_n_0. Optimizations did not improve timing on the net.
INFO: [Physopt 32-702] Processed net VGA_use/AuxRAM_use/character_out[1]_i_427_n_0. Optimizations did not improve timing on the net.
INFO: [Physopt 32-702] Processed net VGA_use/AuxRAM_use/character_out[3]_i_399_n_0. Optimizations did not improve timing on the net.
INFO: [Physopt 32-608] Optimized 1 net.  Swapped 22 pins.
INFO: [Physopt 32-735] Processed net VGA_use/AuxRAM_use/character_out[3]_i_469_n_0. Optimization improves timing on the net.
INFO: [Physopt 32-619] Estimated Timing Summary | WNS=-24.670 | TNS=-98.579 |
INFO: [Physopt 32-608] Optimized 1 net.  Swapped 23 pins.
INFO: [Physopt 32-735] Processed net VGA_use/AuxRAM_use/character_out[1]_i_428_n_0. Optimization improves timing on the net.
INFO: [Physopt 32-619] Estimated Timing Summary | WNS=-24.669 | TNS=-98.578 |
INFO: [Physopt 32-663] Processed net VGA_use/AuxRAM_use/character_out[3]_i_312_n_0.  Re-placed instance VGA_use/AuxRAM_use/character_out[3]_i_312
INFO: [Physopt 32-735] Processed net VGA_use/AuxRAM_use/character_out[3]_i_312_n_0. Optimization improves timing on the net.
INFO: [Physopt 32-619] Estimated Timing Summary | WNS=-24.669 | TNS=-98.578 |
INFO: [Physopt 32-702] Processed net VGA_use/AuxRAM_use/character_out[3]_i_449_n_0. Optimizations did not improve timing on the net.
INFO: [Physopt 32-608] Optimized 1 net.  Swapped 20 pins.
INFO: [Physopt 32-735] Processed net VGA_use/AuxRAM_use/character_out[3]_i_463_n_0. Optimization improves timing on the net.
INFO: [Physopt 32-619] Estimated Timing Summary | WNS=-24.669 | TNS=-98.575 |
INFO: [Physopt 32-663] Processed net VGA_use/AuxRAM_use/character_out[3]_i_95_n_0.  Re-placed instance VGA_use/AuxRAM_use/character_out[3]_i_95
INFO: [Physopt 32-735] Processed net VGA_use/AuxRAM_use/character_out[3]_i_95_n_0. Optimization improves timing on the net.
INFO: [Physopt 32-619] Estimated Timing Summary | WNS=-24.666 | TNS=-98.564 |
INFO: [Physopt 32-702] Processed net VGA_use/AuxRAM_use/character_out[3]_i_445_n_0. Optimizations did not improve timing on the net.
INFO: [Physopt 32-608] Optimized 1 net.  Swapped 22 pins.
INFO: [Physopt 32-735] Processed net VGA_use/AuxRAM_use/character_out[3]_i_440_n_0. Optimization improves timing on the net.
INFO: [Physopt 32-619] Estimated Timing Summary | WNS=-24.664 | TNS=-98.562 |
INFO: [Physopt 32-702] Processed net VGA_use/AuxRAM_use/character_out[3]_i_556_n_0. Optimizations did not improve timing on the net.
INFO: [Physopt 32-663] Processed net VGA_use/AuxRAM_use/character_out[3]_i_568_n_0.  Re-placed instance VGA_use/AuxRAM_use/character_out[3]_i_568
INFO: [Physopt 32-735] Processed net VGA_use/AuxRAM_use/character_out[3]_i_568_n_0. Optimization improves timing on the net.
INFO: [Physopt 32-619] Estimated Timing Summary | WNS=-24.662 | TNS=-98.559 |
INFO: [Physopt 32-608] Optimized 1 net.  Swapped 22 pins.
INFO: [Physopt 32-735] Processed net VGA_use/AuxRAM_use/character_out[3]_i_466_n_0. Optimization improves timing on the net.
INFO: [Physopt 32-619] Estimated Timing Summary | WNS=-24.659 | TNS=-98.556 |
INFO: [Physopt 32-702] Processed net VGA_use/AuxRAM_use/character_out[3]_i_512_n_0. Optimizations did not improve timing on the net.
INFO: [Physopt 32-608] Optimized 1 net.  Swapped 23 pins.
INFO: [Physopt 32-735] Processed net VGA_use/AuxRAM_use/character_out[3]_i_516_n_0. Optimization improves timing on the net.
INFO: [Physopt 32-619] Estimated Timing Summary | WNS=-24.658 | TNS=-98.551 |
INFO: [Physopt 32-619] Estimated Timing Summary | WNS=-24.658 | TNS=-98.551 |
Netlist sorting complete. Time (s): cpu = 00:00:00 ; elapsed = 00:00:00.024 . Memory (MB): peak = 1923.668 ; gain = 0.000
Phase 4 Critical Path Optimization | Checksum: 1058b5caf

Time (s): cpu = 00:01:09 ; elapsed = 00:00:44 . Memory (MB): peak = 1923.668 ; gain = 0.000
Netlist sorting complete. Time (s): cpu = 00:00:00 ; elapsed = 00:00:00.008 . Memory (MB): peak = 1923.668 ; gain = 0.000
INFO: [Physopt 32-603] Post Physical Optimization Timing Summary | WNS=-24.658 | TNS=-98.551 |

Summary of Physical Synthesis Optimizations
============================================


-------------------------------------------------------------------------------------------------------------------------------------------------------------
|  Optimization   |  WNS Gain (ns)  |  TNS Gain (ns)  |  Added Cells  |  Removed Cells  |  Optimized Cells/Nets  |  Dont Touch  |  Iterations  |  Elapsed   |
-------------------------------------------------------------------------------------------------------------------------------------------------------------
|  DSP Register   |          0.000  |          0.000  |            0  |              0  |                     0  |           0  |           1  |  00:00:00  |
|  Critical Path  |          0.253  |          0.945  |           13  |              0  |                    82  |           0  |           2  |  00:00:42  |
|  Total          |          0.253  |          0.945  |           13  |              0  |                    82  |           0  |           3  |  00:00:42  |
-------------------------------------------------------------------------------------------------------------------------------------------------------------


Netlist sorting complete. Time (s): cpu = 00:00:00 ; elapsed = 00:00:00.009 . Memory (MB): peak = 1923.668 ; gain = 0.000
Ending Physical Synthesis Task | Checksum: 1e33cdce8

Time (s): cpu = 00:01:09 ; elapsed = 00:00:44 . Memory (MB): peak = 1923.668 ; gain = 0.000
INFO: [Common 17-83] Releasing license: Implementation
509 Infos, 27 Warnings, 27 Critical Warnings and 0 Errors encountered.
phys_opt_design completed successfully
phys_opt_design: Time (s): cpu = 00:01:13 ; elapsed = 00:00:46 . Memory (MB): peak = 1923.668 ; gain = 0.000
INFO: [Timing 38-480] Writing timing data to binary archive.
Wrote PlaceDB: Time (s): cpu = 00:00:00 ; elapsed = 00:00:00.001 . Memory (MB): peak = 1923.668 ; gain = 0.000
Wrote PulsedLatchDB: Time (s): cpu = 00:00:00 ; elapsed = 00:00:00 . Memory (MB): peak = 1923.668 ; gain = 0.000
Writing XDEF routing.
Writing XDEF routing logical nets.
Write ShapeDB Complete: Time (s): cpu = 00:00:00 ; elapsed = 00:00:00.022 . Memory (MB): peak = 1923.668 ; gain = 0.000
Writing XDEF routing special nets.
Wrote RouteStorage: Time (s): cpu = 00:00:00 ; elapsed = 00:00:00.020 . Memory (MB): peak = 1923.668 ; gain = 0.000
Wrote PlaceStorage: Time (s): cpu = 00:00:01 ; elapsed = 00:00:00.401 . Memory (MB): peak = 1923.668 ; gain = 0.000
Wrote Netlist Cache: Time (s): cpu = 00:00:00 ; elapsed = 00:00:00.009 . Memory (MB): peak = 1923.668 ; gain = 0.000
Wrote Device Cache: Time (s): cpu = 00:00:00 ; elapsed = 00:00:00.007 . Memory (MB): peak = 1923.668 ; gain = 0.000
Write Physdb Complete: Time (s): cpu = 00:00:01 ; elapsed = 00:00:00.446 . Memory (MB): peak = 1923.668 ; gain = 0.000
INFO: [Common 17-1381] The checkpoint 'C:/Users/iruiz/Downloads/CIM31-012_PFA/CIM31-012_PFA/CIM31-012_PFA.runs/impl_1/Top_FPGA_physopt.dcp' has been generated.
Command: route_design
Attempting to get a license for feature 'Implementation' and/or device 'xc7a35t'
INFO: [Common 17-349] Got license for feature 'Implementation' and/or device 'xc7a35t'
INFO: [DRC 23-27] Running DRC with 2 threads
INFO: [Vivado_Tcl 4-198] DRC finished with 0 Errors
INFO: [Vivado_Tcl 4-199] Please refer to the DRC report (report_drc) for more information.


Starting Routing Task
INFO: [Route 35-254] Multithreading enabled for route_design using a maximum of 2 CPUs

Phase 1 Build RT Design
Checksum: PlaceDB: 6650ac16 ConstDB: 0 ShapeSum: da2749eb RouteDB: a0815c57
Post Restoration Checksum: NetGraph: ed1a86ea | NumContArr: 43cb11d5 | Constraints: c2a8fa9d | Timing: c2a8fa9d
Phase 1 Build RT Design | Checksum: 2b6378df9

Time (s): cpu = 00:00:27 ; elapsed = 00:00:23 . Memory (MB): peak = 1923.668 ; gain = 0.000

Phase 2 Router Initialization

Phase 2.1 Fix Topology Constraints
Phase 2.1 Fix Topology Constraints | Checksum: 2b6378df9

Time (s): cpu = 00:00:27 ; elapsed = 00:00:23 . Memory (MB): peak = 1923.668 ; gain = 0.000

Phase 2.2 Pre Route Cleanup
Phase 2.2 Pre Route Cleanup | Checksum: 2b6378df9

Time (s): cpu = 00:00:27 ; elapsed = 00:00:23 . Memory (MB): peak = 1923.668 ; gain = 0.000
 Number of Nodes with overlaps = 0

Phase 2.3 Update Timing
Phase 2.3 Update Timing | Checksum: 2eb77a9c1

Time (s): cpu = 00:00:33 ; elapsed = 00:00:26 . Memory (MB): peak = 1923.668 ; gain = 0.000
INFO: [Route 35-416] Intermediate Timing Summary | WNS=-23.683| TNS=-66625.870| WHS=-0.182 | THS=-39.549|


Phase 2.4 Soft Constraint Pins - Fast Budgeting
Phase 2.4 Soft Constraint Pins - Fast Budgeting | Checksum: 2a52096b3

Time (s): cpu = 00:00:34 ; elapsed = 00:00:27 . Memory (MB): peak = 1923.668 ; gain = 0.000

Router Utilization Summary
  Global Vertical Routing Utilization    = 0 %
  Global Horizontal Routing Utilization  = 0 %
  Routable Net Status*
  *Does not include unroutable nets such as driverless and loadless.
  Run report_route_status for detailed report.
  Number of Failed Nets               = 5073
    (Failed Nets is the sum of unrouted and partially routed nets)
  Number of Unrouted Nets             = 5073
  Number of Partially Routed Nets     = 0
  Number of Node Overlaps             = 0

Phase 2 Router Initialization | Checksum: 2a52096b3

Time (s): cpu = 00:00:35 ; elapsed = 00:00:28 . Memory (MB): peak = 1923.668 ; gain = 0.000

Phase 3 Global Routing
Phase 3 Global Routing | Checksum: 2a52096b3

Time (s): cpu = 00:00:35 ; elapsed = 00:00:28 . Memory (MB): peak = 1923.668 ; gain = 0.000

Phase 4 Initial Routing

Phase 4.1 Initial Net Routing Pass
Phase 4.1 Initial Net Routing Pass | Checksum: 309ce8030

Time (s): cpu = 00:00:40 ; elapsed = 00:00:30 . Memory (MB): peak = 1923.668 ; gain = 0.000
Phase 4 Initial Routing | Checksum: 309ce8030

Time (s): cpu = 00:00:40 ; elapsed = 00:00:30 . Memory (MB): peak = 1923.668 ; gain = 0.000
INFO: [Route 35-580] Design has 21 pins with tight setup and hold constraints.

The top 5 pins with tight setup and hold constraints:

+====================+===================+==============================================================+
| Launch Setup Clock | Launch Hold Clock | Pin                                                          |
+====================+===================+==============================================================+
| sys_clk_pin        | sys_clk_pin       | Inst_CPU/Inst_MemInstr/RAM_reg_768_1023_24_24/RAMS64E_A/ADR4 |
| sys_clk_pin        | sys_clk_pin       | Inst_CPU/Inst_MemInstr/RAM_reg_768_1023_24_24/RAMS64E_B/ADR4 |
| sys_clk_pin        | sys_clk_pin       | Inst_CPU/Inst_MemInstr/RAM_reg_0_255_29_29/RAMS64E_A/ADR1    |
| sys_clk_pin        | sys_clk_pin       | Inst_CPU/Inst_MemInstr/RAM_reg_0_255_29_29/RAMS64E_B/ADR1    |
| sys_clk_pin        | sys_clk_pin       | Inst_CPU/Inst_MemInstr/RAM_reg_512_767_24_24/RAMS64E_A/ADR4  |
+--------------------+-------------------+--------------------------------------------------------------+

File with complete list of pins: tight_setup_hold_pins.txt


Phase 5 Rip-up And Reroute

Phase 5.1 Global Iteration 0
 Number of Nodes with overlaps = 1317
 Number of Nodes with overlaps = 349
 Number of Nodes with overlaps = 155
 Number of Nodes with overlaps = 96
 Number of Nodes with overlaps = 32
 Number of Nodes with overlaps = 23
 Number of Nodes with overlaps = 15
 Number of Nodes with overlaps = 1
 Number of Nodes with overlaps = 1
 Number of Nodes with overlaps = 0
INFO: [Route 35-416] Intermediate Timing Summary | WNS=-28.476| TNS=-80095.694| WHS=N/A    | THS=N/A    |

Phase 5.1 Global Iteration 0 | Checksum: 269312ad8

Time (s): cpu = 00:00:55 ; elapsed = 00:00:42 . Memory (MB): peak = 1923.668 ; gain = 0.000

Phase 5.2 Global Iteration 1
 Number of Nodes with overlaps = 225
 Number of Nodes with overlaps = 163
 Number of Nodes with overlaps = 159
 Number of Nodes with overlaps = 124
 Number of Nodes with overlaps = 107
 Number of Nodes with overlaps = 91
 Number of Nodes with overlaps = 66
 Number of Nodes with overlaps = 68
 Number of Nodes with overlaps = 45
 Number of Nodes with overlaps = 32
 Number of Nodes with overlaps = 8
 Number of Nodes with overlaps = 7
 Number of Nodes with overlaps = 3
 Number of Nodes with overlaps = 3
 Number of Nodes with overlaps = 1
 Number of Nodes with overlaps = 0
INFO: [Route 35-416] Intermediate Timing Summary | WNS=-28.204| TNS=-78882.781| WHS=N/A    | THS=N/A    |

Phase 5.2 Global Iteration 1 | Checksum: 309c4e05f

Time (s): cpu = 00:01:19 ; elapsed = 00:00:59 . Memory (MB): peak = 1923.668 ; gain = 0.000

Phase 5.3 Global Iteration 2
 Number of Nodes with overlaps = 267
 Number of Nodes with overlaps = 279
 Number of Nodes with overlaps = 205
 Number of Nodes with overlaps = 183
 Number of Nodes with overlaps = 169
 Number of Nodes with overlaps = 146
 Number of Nodes with overlaps = 97
 Number of Nodes with overlaps = 69
 Number of Nodes with overlaps = 56
 Number of Nodes with overlaps = 18
 Number of Nodes with overlaps = 19
 Number of Nodes with overlaps = 13
 Number of Nodes with overlaps = 4
 Number of Nodes with overlaps = 1
 Number of Nodes with overlaps = 0
INFO: [Route 35-416] Intermediate Timing Summary | WNS=-27.233| TNS=-75998.341| WHS=N/A    | THS=N/A    |

Phase 5.3 Global Iteration 2 | Checksum: 2abfd2f81

Time (s): cpu = 00:01:48 ; elapsed = 00:01:18 . Memory (MB): peak = 1923.668 ; gain = 0.000

Phase 5.4 Global Iteration 3
 Number of Nodes with overlaps = 287
 Number of Nodes with overlaps = 323
 Number of Nodes with overlaps = 254
 Number of Nodes with overlaps = 173
 Number of Nodes with overlaps = 151
 Number of Nodes with overlaps = 104
 Number of Nodes with overlaps = 54
 Number of Nodes with overlaps = 39
 Number of Nodes with overlaps = 28
 Number of Nodes with overlaps = 19
 Number of Nodes with overlaps = 10
 Number of Nodes with overlaps = 8
 Number of Nodes with overlaps = 4
 Number of Nodes with overlaps = 3
 Number of Nodes with overlaps = 2
 Number of Nodes with overlaps = 2
 Number of Nodes with overlaps = 1
 Number of Nodes with overlaps = 0
INFO: [Route 35-416] Intermediate Timing Summary | WNS=-27.852| TNS=-78193.147| WHS=N/A    | THS=N/A    |

Phase 5.4 Global Iteration 3 | Checksum: 267ea956c

Time (s): cpu = 00:02:12 ; elapsed = 00:01:32 . Memory (MB): peak = 1923.668 ; gain = 0.000
Phase 5 Rip-up And Reroute | Checksum: 267ea956c

Time (s): cpu = 00:02:12 ; elapsed = 00:01:33 . Memory (MB): peak = 1923.668 ; gain = 0.000

Phase 6 Delay and Skew Optimization

Phase 6.1 Delay CleanUp

Phase 6.1.1 Update Timing
Phase 6.1.1 Update Timing | Checksum: 2353431ce

Time (s): cpu = 00:02:13 ; elapsed = 00:01:33 . Memory (MB): peak = 1923.668 ; gain = 0.000
INFO: [Route 35-416] Intermediate Timing Summary | WNS=-27.233| TNS=-75998.341| WHS=N/A    | THS=N/A    |

 Number of Nodes with overlaps = 0
Phase 6.1 Delay CleanUp | Checksum: 29e091e1d

Time (s): cpu = 00:02:13 ; elapsed = 00:01:33 . Memory (MB): peak = 1923.668 ; gain = 0.000

Phase 6.2 Clock Skew Optimization
Phase 6.2 Clock Skew Optimization | Checksum: 29e091e1d

Time (s): cpu = 00:02:13 ; elapsed = 00:01:33 . Memory (MB): peak = 1923.668 ; gain = 0.000
Phase 6 Delay and Skew Optimization | Checksum: 29e091e1d

Time (s): cpu = 00:02:13 ; elapsed = 00:01:33 . Memory (MB): peak = 1923.668 ; gain = 0.000

Phase 7 Post Hold Fix

Phase 7.1 Hold Fix Iter
INFO: [Route 35-416] Intermediate Timing Summary | WNS=-26.882| TNS=-75535.672| WHS=0.059  | THS=0.000  |

Phase 7.1 Hold Fix Iter | Checksum: 279f2250c

Time (s): cpu = 00:02:14 ; elapsed = 00:01:34 . Memory (MB): peak = 1923.668 ; gain = 0.000
Phase 7 Post Hold Fix | Checksum: 279f2250c

Time (s): cpu = 00:02:14 ; elapsed = 00:01:34 . Memory (MB): peak = 1923.668 ; gain = 0.000

Phase 8 Route finalize

Router Utilization Summary
  Global Vertical Routing Utilization    = 3.70095 %
  Global Horizontal Routing Utilization  = 4.08602 %
  Routable Net Status*
  *Does not include unroutable nets such as driverless and loadless.
  Run report_route_status for detailed report.
  Number of Failed Nets               = 0
    (Failed Nets is the sum of unrouted and partially routed nets)
  Number of Unrouted Nets             = 0
  Number of Partially Routed Nets     = 0
  Number of Node Overlaps             = 0


--GLOBAL Congestion:
Utilization threshold used for congestion level computation: 0.85
Congestion Report
North Dir 1x1 Area, Max Cong = 55.8559%, No Congested Regions.
South Dir 1x1 Area, Max Cong = 70.2703%, No Congested Regions.
East Dir 1x1 Area, Max Cong = 80.8824%, No Congested Regions.
West Dir 1x1 Area, Max Cong = 52.9412%, No Congested Regions.

------------------------------
Reporting congestion hotspots
------------------------------
Direction: North
----------------
Congested clusters found at Level 0
Effective congestion level: 0 Aspect Ratio: 1 Sparse Ratio: 0
Direction: South
----------------
Congested clusters found at Level 0
Effective congestion level: 0 Aspect Ratio: 1 Sparse Ratio: 0
Direction: East
----------------
Congested clusters found at Level 0
Effective congestion level: 0 Aspect Ratio: 1 Sparse Ratio: 0
Direction: West
----------------
Congested clusters found at Level 0
Effective congestion level: 0 Aspect Ratio: 1 Sparse Ratio: 0

Phase 8 Route finalize | Checksum: 279f2250c

Time (s): cpu = 00:02:14 ; elapsed = 00:01:34 . Memory (MB): peak = 1923.668 ; gain = 0.000

Phase 9 Verifying routed nets

 Verification completed successfully
Phase 9 Verifying routed nets | Checksum: 279f2250c

Time (s): cpu = 00:02:14 ; elapsed = 00:01:34 . Memory (MB): peak = 1923.668 ; gain = 0.000

Phase 10 Depositing Routes
Phase 10 Depositing Routes | Checksum: 301e1de9c

Time (s): cpu = 00:02:16 ; elapsed = 00:01:35 . Memory (MB): peak = 1923.668 ; gain = 0.000

Phase 11 Post Process Routing
Phase 11 Post Process Routing | Checksum: 301e1de9c

Time (s): cpu = 00:02:16 ; elapsed = 00:01:35 . Memory (MB): peak = 1923.668 ; gain = 0.000

Phase 12 Post Router Timing
INFO: [Route 35-57] Estimated Timing Summary | WNS=-26.882| TNS=-75535.672| WHS=0.059  | THS=0.000  |

WARNING: [Route 35-328] Router estimated timing not met.
Resolution: For a complete and accurate timing signoff, report_timing_summary must be run after route_design. Alternatively, route_design can be run with the -timing_summary option to enable a complete timing signoff at the end of route_design.
Phase 12 Post Router Timing | Checksum: 301e1de9c

Time (s): cpu = 00:02:16 ; elapsed = 00:01:35 . Memory (MB): peak = 1923.668 ; gain = 0.000
Total Elapsed time in route_design: 94.975 secs

Phase 13 Post-Route Event Processing
Phase 13 Post-Route Event Processing | Checksum: 1cb81316b

Time (s): cpu = 00:02:16 ; elapsed = 00:01:35 . Memory (MB): peak = 1923.668 ; gain = 0.000
INFO: [Route 35-16] Router Completed Successfully
Ending Routing Task | Checksum: 1cb81316b

Time (s): cpu = 00:02:16 ; elapsed = 00:01:35 . Memory (MB): peak = 1923.668 ; gain = 0.000

Routing Is Done.
INFO: [Common 17-83] Releasing license: Implementation
527 Infos, 28 Warnings, 27 Critical Warnings and 0 Errors encountered.
route_design completed successfully
route_design: Time (s): cpu = 00:02:16 ; elapsed = 00:01:35 . Memory (MB): peak = 1923.668 ; gain = 0.000
INFO: [Vivado 12-24828] Executing command : report_drc -file Top_FPGA_drc_routed.rpt -pb Top_FPGA_drc_routed.pb -rpx Top_FPGA_drc_routed.rpx
Command: report_drc -file Top_FPGA_drc_routed.rpt -pb Top_FPGA_drc_routed.pb -rpx Top_FPGA_drc_routed.rpx
INFO: [IP_Flow 19-1839] IP Catalog is up to date.
INFO: [DRC 23-27] Running DRC with 2 threads
INFO: [Vivado_Tcl 2-168] The results of DRC are in file C:/Users/iruiz/Downloads/CIM31-012_PFA/CIM31-012_PFA/CIM31-012_PFA.runs/impl_1/Top_FPGA_drc_routed.rpt.
report_drc completed successfully
INFO: [Vivado 12-24828] Executing command : report_methodology -file Top_FPGA_methodology_drc_routed.rpt -pb Top_FPGA_methodology_drc_routed.pb -rpx Top_FPGA_methodology_drc_routed.rpx
Command: report_methodology -file Top_FPGA_methodology_drc_routed.rpt -pb Top_FPGA_methodology_drc_routed.pb -rpx Top_FPGA_methodology_drc_routed.rpx
INFO: [Timing 38-35] Done setting XDC timing constraints.
INFO: [DRC 23-133] Running Methodology with 2 threads
INFO: [Vivado_Tcl 2-1520] The results of Report Methodology are in file C:/Users/iruiz/Downloads/CIM31-012_PFA/CIM31-012_PFA/CIM31-012_PFA.runs/impl_1/Top_FPGA_methodology_drc_routed.rpt.
report_methodology completed successfully
report_drc: Time (s): cpu = 00:00:10 ; elapsed = 00:00:05 . Memory (MB): peak = 1923.668 ; gain = 0.000
INFO: [Vivado 12-24828] Executing command : report_timing_summary -max_paths 10 -routable_nets -report_unconstrained -file Top_FPGA_timing_summary_routed.rpt -pb Top_FPGA_timing_summary_routed.pb -rpx Top_FPGA_timing_summary_routed.rpx -warn_on_violation 
INFO: [Timing 38-35] Done setting XDC timing constraints.
INFO: [Timing 38-91] UpdateTimingParams: Speed grade: -1, Delay Type: min_max.
INFO: [Timing 38-191] Multithreading enabled for timing update using a maximum of 2 CPUs
CRITICAL WARNING: [Timing 38-282] The design failed to meet the timing requirements. Please see the timing summary report for details on the timing violations.
INFO: [Vivado 12-24838] Running report commands "report_incremental_reuse, report_route_status" in parallel.
Running report generation with 2 threads.
INFO: [Vivado 12-24828] Executing command : report_incremental_reuse -file Top_FPGA_incremental_reuse_routed.rpt
INFO: [Vivado_Tcl 4-1062] Incremental flow is disabled. No incremental reuse Info to report.
INFO: [Vivado 12-24828] Executing command : report_route_status -file Top_FPGA_route_status.rpt -pb Top_FPGA_route_status.pb
INFO: [Vivado 12-24828] Executing command : report_power -file Top_FPGA_power_routed.rpt -pb Top_FPGA_power_summary_routed.pb -rpx Top_FPGA_power_routed.rpx
Command: report_power -file Top_FPGA_power_routed.rpt -pb Top_FPGA_power_summary_routed.pb -rpx Top_FPGA_power_routed.rpx
Running Vector-less Activity Propagation...

Finished Running Vector-less Activity Propagation
WARNING: [Power 33-332] Found switching activity that implies high-fanout reset nets being asserted for excessive periods of time which may result in inaccurate power analysis.
Resolution: To review and fix problems, please run Power Constraints Advisor in the GUI from Tools > Power Constraints Advisor or run report_power with the -advisory option to generate a text report.
544 Infos, 29 Warnings, 28 Critical Warnings and 0 Errors encountered.
report_power completed successfully
INFO: [Vivado 12-24828] Executing command : report_clock_utilization -file Top_FPGA_clock_utilization_routed.rpt
INFO: [Vivado 12-24828] Executing command : report_bus_skew -warn_on_violation -file Top_FPGA_bus_skew_routed.rpt -pb Top_FPGA_bus_skew_routed.pb -rpx Top_FPGA_bus_skew_routed.rpx
INFO: [Timing 38-91] UpdateTimingParams: Speed grade: -1, Delay Type: min_max.
INFO: [Timing 38-191] Multithreading enabled for timing update using a maximum of 2 CPUs
generate_parallel_reports: Time (s): cpu = 00:00:22 ; elapsed = 00:00:14 . Memory (MB): peak = 1923.668 ; gain = 0.000
INFO: [Timing 38-480] Writing timing data to binary archive.
Wrote PlaceDB: Time (s): cpu = 00:00:00 ; elapsed = 00:00:00 . Memory (MB): peak = 1923.668 ; gain = 0.000
Wrote PulsedLatchDB: Time (s): cpu = 00:00:00 ; elapsed = 00:00:00 . Memory (MB): peak = 1923.668 ; gain = 0.000
Writing XDEF routing.
Writing XDEF routing logical nets.
Write ShapeDB Complete: Time (s): cpu = 00:00:00 ; elapsed = 00:00:00.030 . Memory (MB): peak = 1923.668 ; gain = 0.000
Writing XDEF routing special nets.
Wrote RouteStorage: Time (s): cpu = 00:00:00 ; elapsed = 00:00:00.109 . Memory (MB): peak = 1923.668 ; gain = 0.000
Wrote PlaceStorage: Time (s): cpu = 00:00:01 ; elapsed = 00:00:00.389 . Memory (MB): peak = 1923.668 ; gain = 0.000
Wrote Netlist Cache: Time (s): cpu = 00:00:00 ; elapsed = 00:00:00.010 . Memory (MB): peak = 1923.668 ; gain = 0.000
Wrote Device Cache: Time (s): cpu = 00:00:00 ; elapsed = 00:00:00.007 . Memory (MB): peak = 1923.668 ; gain = 0.000
Write Physdb Complete: Time (s): cpu = 00:00:01 ; elapsed = 00:00:00.525 . Memory (MB): peak = 1923.668 ; gain = 0.000
INFO: [Common 17-1381] The checkpoint 'C:/Users/iruiz/Downloads/CIM31-012_PFA/CIM31-012_PFA/CIM31-012_PFA.runs/impl_1/Top_FPGA_routed.dcp' has been generated.
Command: write_bitstream -force Top_FPGA.bit
Attempting to get a license for feature 'Implementation' and/or device 'xc7a35t'
INFO: [Common 17-349] Got license for feature 'Implementation' and/or device 'xc7a35t'
Running DRC as a precondition to command write_bitstream
INFO: [IP_Flow 19-1839] IP Catalog is up to date.
INFO: [DRC 23-27] Running DRC with 2 threads
INFO: [Vivado 12-3199] DRC finished with 0 Errors
INFO: [Vivado 12-3200] Please refer to the DRC report (report_drc) for more information.
Integrating Hard IP ELF/MEM with the PDI.
INFO: [Designutils 20-2272] Running write_bitstream with 2 threads.
Loading data files...
Loading site data...
Loading route data...
Processing options...
Creating bitmap...
Creating bitstream...
Writing bitstream ./Top_FPGA.bit...
INFO: [Vivado 12-1842] Bitgen Completed Successfully.
INFO: [Common 17-83] Releasing license: Implementation
558 Infos, 29 Warnings, 28 Critical Warnings and 0 Errors encountered.
write_bitstream completed successfully
write_bitstream: Time (s): cpu = 00:00:20 ; elapsed = 00:00:15 . Memory (MB): peak = 2222.652 ; gain = 298.984
INFO: [Common 17-206] Exiting Vivado at Wed Jun 10 12:10:33 2026...
