Copyright 1986-2022 Xilinx, Inc. All Rights Reserved. Copyright 2022-2025 Advanced Micro Devices, Inc. All Rights Reserved.
------------------------------------------------------------------------------------------------------------------------------------------------------------------------------------------------------------------------------------
| Tool Version : Vivado v.2025.2 (win64) Build 6299465 Fri Nov 14 19:35:11 GMT 2025
| Date         : Wed Jun 10 12:10:14 2026
| Host         : DESKTOP-VRSFIRI running 64-bit major release  (build 9200)
| Command      : report_timing_summary -max_paths 10 -routable_nets -report_unconstrained -file Top_FPGA_timing_summary_routed.rpt -pb Top_FPGA_timing_summary_routed.pb -rpx Top_FPGA_timing_summary_routed.rpx -warn_on_violation
| Design       : Top_FPGA
| Device       : 7a35t-cpg236
| Speed File   : -1  PRODUCTION 1.23 2018-06-13
| Design State : Routed
------------------------------------------------------------------------------------------------------------------------------------------------------------------------------------------------------------------------------------

Timing Summary Report

------------------------------------------------------------------------------------------------
| Timer Settings
| --------------
------------------------------------------------------------------------------------------------

  Enable Multi Corner Analysis               :  Yes
  Enable Pessimism Removal                   :  Yes
  Pessimism Removal Resolution               :  Nearest Common Node
  Enable Input Delay Default Clock           :  No
  Enable Preset / Clear Arcs                 :  No
  Disable Flight Delays                      :  No
  Ignore I/O Paths                           :  No
  Timing Early Launch at Borrowing Latches   :  No
  Borrow Time for Max Delay Exceptions       :  Yes
  Merge Timing Exceptions                    :  Yes
  Inter-SLR Compensation                     :  Conservative

  Corner  Analyze    Analyze    
  Name    Max Paths  Min Paths  
  ------  ---------  ---------  
  Slow    Yes        Yes        
  Fast    Yes        Yes        


------------------------------------------------------------------------------------------------
| Report Methodology
| ------------------
------------------------------------------------------------------------------------------------

Rule       Severity          Description                                                Violations  
---------  ----------------  ---------------------------------------------------------  ----------  
TIMING-17  Critical Warning  Non-clocked sequential cell                                1000        
SYNTH-5    Warning           Mapped onto distributed RAM because of timing constraints  512         
TIMING-16  Warning           Large setup violation                                      4           
TIMING-18  Warning           Missing input or output delay                              41          

Note: This report is based on the most recent report_methodology run and may not be up-to-date. Run report_methodology on the current design for the latest report.



check_timing report

Table of Contents
-----------------
1. checking no_clock (2132)
2. checking constant_clock (0)
3. checking pulse_width_clock (0)
4. checking unconstrained_internal_endpoints (16204)
5. checking no_input_delay (13)
6. checking no_output_delay (22)
7. checking multiple_clock (0)
8. checking generated_clocks (0)
9. checking loops (0)
10. checking partial_input_delay (0)
11. checking partial_output_delay (0)
12. checking latch_loops (0)

1. checking no_clock (2132)
---------------------------
 There are 2092 register/latch pins with no clock driven by root clock pin: Inst_Div1Hz/tempClk1Hz_reg/Q (HIGH)

 There are 40 register/latch pins with no clock driven by root clock pin: VGA_use/vga_control_use/clk_25_reg/Q (HIGH)


2. checking constant_clock (0)
------------------------------
 There are 0 register/latch pins with constant_clock.


3. checking pulse_width_clock (0)
---------------------------------
 There are 0 register/latch pins which need pulse_width check


4. checking unconstrained_internal_endpoints (16204)
----------------------------------------------------
 There are 16204 pins that are not constrained for maximum delay. (HIGH)

 There are 0 pins that are not constrained for maximum delay due to constant clock.


5. checking no_input_delay (13)
-------------------------------
 There are 13 input ports with no input delay specified. (HIGH)

 There are 0 input ports with no input delay but user has a false path constraint.


6. checking no_output_delay (22)
--------------------------------
 There are 22 ports with no output delay specified. (HIGH)

 There are 0 ports with no output delay but user has a false path constraint

 There are 0 ports with no output delay but with a timing clock defined on it or propagating through it


7. checking multiple_clock (0)
------------------------------
 There are 0 register/latch pins with multiple clocks.


8. checking generated_clocks (0)
--------------------------------
 There are 0 generated clocks that are not connected to a clock source.


9. checking loops (0)
---------------------
 There are 0 combinational loops in the design.


10. checking partial_input_delay (0)
------------------------------------
 There are 0 input ports with partial input delay specified.


11. checking partial_output_delay (0)
-------------------------------------
 There are 0 ports with partial output delay specified.


12. checking latch_loops (0)
----------------------------
 There are 0 combinational latch loops in the design through latch input



------------------------------------------------------------------------------------------------
| Design Timing Summary
| ---------------------
------------------------------------------------------------------------------------------------

    WNS(ns)      TNS(ns)  TNS Failing Endpoints  TNS Total Endpoints      WHS(ns)      THS(ns)  THS Failing Endpoints  THS Total Endpoints     WPWS(ns)     TPWS(ns)  TPWS Failing Endpoints  TPWS Total Endpoints  
    -------      -------  ---------------------  -------------------      -------      -------  ---------------------  -------------------     --------     --------  ----------------------  --------------------  
    -26.863     -107.009                      4                 6235        0.061        0.000                      0                 6235        3.750        0.000                       0                   797  


Timing constraints are not met.


------------------------------------------------------------------------------------------------
| Clock Summary
| -------------
------------------------------------------------------------------------------------------------

Clock        Waveform(ns)       Period(ns)      Frequency(MHz)
-----        ------------       ----------      --------------
sys_clk_pin  {0.000 5.000}      10.000          100.000         


------------------------------------------------------------------------------------------------
| Intra Clock Table
| -----------------
------------------------------------------------------------------------------------------------

Clock             WNS(ns)      TNS(ns)  TNS Failing Endpoints  TNS Total Endpoints      WHS(ns)      THS(ns)  THS Failing Endpoints  THS Total Endpoints     WPWS(ns)     TPWS(ns)  TPWS Failing Endpoints  TPWS Total Endpoints  
-----             -------      -------  ---------------------  -------------------      -------      -------  ---------------------  -------------------     --------     --------  ----------------------  --------------------  
sys_clk_pin       -26.863     -107.009                      4                 6235        0.061        0.000                      0                 6235        3.750        0.000                       0                   797  


------------------------------------------------------------------------------------------------
| Inter Clock Table
| -----------------
------------------------------------------------------------------------------------------------

From Clock    To Clock          WNS(ns)      TNS(ns)  TNS Failing Endpoints  TNS Total Endpoints      WHS(ns)      THS(ns)  THS Failing Endpoints  THS Total Endpoints  
----------    --------          -------      -------  ---------------------  -------------------      -------      -------  ---------------------  -------------------  


------------------------------------------------------------------------------------------------
| Other Path Groups Table
| -----------------------
------------------------------------------------------------------------------------------------

Path Group    From Clock    To Clock          WNS(ns)      TNS(ns)  TNS Failing Endpoints  TNS Total Endpoints      WHS(ns)      THS(ns)  THS Failing Endpoints  THS Total Endpoints  
----------    ----------    --------          -------      -------  ---------------------  -------------------      -------      -------  ---------------------  -------------------  


------------------------------------------------------------------------------------------------
| User Ignored Path Table
| -----------------------
------------------------------------------------------------------------------------------------

Path Group    From Clock    To Clock    
----------    ----------    --------    


------------------------------------------------------------------------------------------------
| Unconstrained Path Table
| ------------------------
------------------------------------------------------------------------------------------------

Path Group    From Clock    To Clock    
----------    ----------    --------    
(none)                                    
(none)        sys_clk_pin                 
(none)                      sys_clk_pin   


------------------------------------------------------------------------------------------------
| Timing Details
| --------------
------------------------------------------------------------------------------------------------


---------------------------------------------------------------------------------------------------
From Clock:  sys_clk_pin
  To Clock:  sys_clk_pin

Setup :            4  Failing Endpoints,  Worst Slack      -26.863ns,  Total Violation     -107.009ns
Hold  :            0  Failing Endpoints,  Worst Slack        0.061ns,  Total Violation        0.000ns
PW    :            0  Failing Endpoints,  Worst Slack        3.750ns,  Total Violation        0.000ns
---------------------------------------------------------------------------------------------------


Max Delay Paths
--------------------------------------------------------------------------------------
Slack (VIOLATED) :        -26.863ns  (required time - arrival time)
  Source:                 BOOTLOADER_use/ram_addr_reg[1]/C
                            (rising edge-triggered cell FDRE clocked by sys_clk_pin  {rise@0.000ns fall@5.000ns period=10.000ns})
  Destination:            VGA_use/DecToDigit_use/character_out_reg[3]/D
                            (rising edge-triggered cell FDRE clocked by sys_clk_pin  {rise@0.000ns fall@5.000ns period=10.000ns})
  Path Group:             sys_clk_pin
  Path Type:              Setup (Max at Slow Process Corner)
  Requirement:            10.000ns  (sys_clk_pin rise@10.000ns - sys_clk_pin rise@0.000ns)
  Data Path Delay:        36.681ns  (logic 8.099ns (22.078%)  route 28.582ns (77.922%))
  Logic Levels:           47  (CARRY4=6 LUT1=1 LUT3=2 LUT4=1 LUT5=12 LUT6=17 MUXF7=4 MUXF8=2 RAMD64E=1 RAMS64E=1)
  Clock Path Skew:        -0.211ns (DCD - SCD + CPR)
    Destination Clock Delay (DCD):    4.767ns = ( 14.767 - 10.000 ) 
    Source Clock Delay      (SCD):    5.157ns
    Clock Pessimism Removal (CPR):    0.180ns
  Clock Uncertainty:      0.035ns  ((TSJ^2 + TIJ^2)^1/2 + DJ) / 2 + PE
    Total System Jitter     (TSJ):    0.071ns
    Total Input Jitter      (TIJ):    0.000ns
    Discrete Jitter          (DJ):    0.000ns
    Phase Error              (PE):    0.000ns

    Location             Delay type                Incr(ns)  Path(ns)    Netlist Resource(s)
  -------------------------------------------------------------------    -------------------
                         (clock sys_clk_pin rise edge)
                                                      0.000     0.000 r  
    W5                                                0.000     0.000 r  clk_100MHz (IN)
                         net (fo=0)                   0.000     0.000    clk_100MHz
    W5                   IBUF (Prop_ibuf_I_O)         1.458     1.458 r  clk_100MHz_IBUF_inst/O
                         net (fo=1, routed)           1.967     3.425    clk_100MHz_IBUF
    BUFGCTRL_X0Y1        BUFG (Prop_bufg_I_O)         0.096     3.521 r  clk_100MHz_IBUF_BUFG_inst/O
                         net (fo=796, routed)         1.636     5.157    BOOTLOADER_use/clk_100MHz_IBUF_BUFG
    SLICE_X7Y49          FDRE                                         r  BOOTLOADER_use/ram_addr_reg[1]/C
  -------------------------------------------------------------------    -------------------
    SLICE_X7Y49          FDRE (Prop_fdre_C_Q)         0.456     5.613 r  BOOTLOADER_use/ram_addr_reg[1]/Q
                         net (fo=1, routed)           0.404     6.017    BOOTLOADER_use/boot_addr[1]
    SLICE_X7Y49          LUT3 (Prop_lut3_I0_O)        0.124     6.141 r  BOOTLOADER_use/RAM_reg_0_255_0_0_i_9__0/O
                         net (fo=512, routed)         1.491     7.632    Inst_CPU/Inst_MemInstr/RAM_reg_768_1023_3_3/A1
    SLICE_X8Y42          RAMS64E (Prop_rams64e_ADR1_O)
                                                      0.386     8.018 f  Inst_CPU/Inst_MemInstr/RAM_reg_768_1023_3_3/RAMS64E_C/O
                         net (fo=1, routed)           0.000     8.018    Inst_CPU/Inst_MemInstr/RAM_reg_768_1023_3_3/OC
    SLICE_X8Y42          MUXF7 (Prop_muxf7_I1_O)      0.247     8.265 f  Inst_CPU/Inst_MemInstr/RAM_reg_768_1023_3_3/F7.B/O
                         net (fo=1, routed)           0.000     8.265    Inst_CPU/Inst_MemInstr/RAM_reg_768_1023_3_3/O0
    SLICE_X8Y42          MUXF8 (Prop_muxf8_I0_O)      0.098     8.363 f  Inst_CPU/Inst_MemInstr/RAM_reg_768_1023_3_3/F8/O
                         net (fo=1, routed)           1.283     9.645    Inst_CPU/Inst_MemInstr/RAM_reg_768_1023_3_3_n_0
    SLICE_X11Y48         LUT6 (Prop_lut6_I0_O)        0.319     9.964 f  Inst_CPU/Inst_MemInstr/Rs1SumOffsetOut_carry_i_42/O
                         net (fo=14, routed)          0.900    10.865    Inst_CPU/Inst_MemInstr/s_Instruction[3]
    SLICE_X11Y53         LUT3 (Prop_lut3_I1_O)        0.124    10.989 r  Inst_CPU/Inst_MemInstr/temp_i_34/O
                         net (fo=1, routed)           0.469    11.458    Inst_CPU/Inst_MemInstr/temp_i_34_n_0
    SLICE_X11Y53         LUT6 (Prop_lut6_I5_O)        0.124    11.582 f  Inst_CPU/Inst_MemInstr/temp_i_16/O
                         net (fo=1, routed)           0.810    12.391    Inst_CPU/Inst_MemInstr/temp_i_16_n_0
    SLICE_X11Y51         LUT6 (Prop_lut6_I2_O)        0.124    12.515 f  Inst_CPU/Inst_MemInstr/temp_i_9/O
                         net (fo=20, routed)          0.997    13.512    Inst_CPU/Inst_MemInstr/s_ICode[3]
    SLICE_X11Y47         LUT5 (Prop_lut5_I0_O)        0.124    13.636 r  Inst_CPU/Inst_MemInstr/Res0_carry_i_18/O
                         net (fo=3, routed)           0.455    14.091    Inst_CPU/Inst_MemInstr_n_354
    SLICE_X11Y44         LUT6 (Prop_lut6_I4_O)        0.124    14.215 r  Inst_CPU/Res0_carry_i_11/O
                         net (fo=116, routed)         0.903    15.117    Inst_CPU/Inst_BancoReg/ciclo_regs[15].R32_n.bank/registro[28].FF_D_use/s_ALU_B[1]
    SLICE_X11Y47         LUT6 (Prop_lut6_I1_O)        0.124    15.241 r  Inst_CPU/Inst_BancoReg/ciclo_regs[15].R32_n.bank/registro[28].FF_D_use/RAM_reg_0_255_0_0_i_122/O
                         net (fo=3, routed)           0.808    16.049    Inst_CPU/Inst_BancoReg/ciclo_regs[15].R32_n.bank/registro[24].FF_D_use/RAM_reg_0_255_0_0_i_124
    SLICE_X11Y46         LUT6 (Prop_lut6_I2_O)        0.124    16.173 r  Inst_CPU/Inst_BancoReg/ciclo_regs[15].R32_n.bank/registro[24].FF_D_use/RAM_reg_0_255_0_0_i_74/O
                         net (fo=3, routed)           0.957    17.130    Inst_CPU/Inst_MemInstr/RAM_reg_0_255_0_0_i_76_0
    SLICE_X28Y49         LUT5 (Prop_lut5_I4_O)        0.124    17.254 r  Inst_CPU/Inst_MemInstr/RAM_reg_0_255_0_0_i_124/O
                         net (fo=2, routed)           0.609    17.864    Inst_CPU/Inst_MemInstr/RAM_reg_0_255_0_0_i_124_n_0
    SLICE_X31Y49         LUT6 (Prop_lut6_I1_O)        0.124    17.988 r  Inst_CPU/Inst_MemInstr/RAM_reg_0_255_0_0_i_76/O
                         net (fo=1, routed)           0.151    18.139    Inst_CPU/Inst_MemInstr/RAM_reg_0_255_0_0_i_76_n_0
    SLICE_X31Y49         LUT6 (Prop_lut6_I4_O)        0.124    18.263 r  Inst_CPU/Inst_MemInstr/RAM_reg_0_255_0_0_i_32/O
                         net (fo=11, routed)          0.922    19.185    Inst_CPU/Inst_MemInstr/RAM_reg_0_255_0_0_i_32_n_0
    SLICE_X45Y45         LUT5 (Prop_lut5_I0_O)        0.124    19.309 r  Inst_CPU/Inst_MemInstr/RAM_reg_512_639_8_8_i_2/O
                         net (fo=204, routed)         1.222    20.530    VGA_use/AuxRAM_use/RAM_reg_768_895_8_8/A2
    SLICE_X50Y48         RAMD64E (Prop_ramd64e_RADR2_O)
                                                      0.124    20.654 f  VGA_use/AuxRAM_use/RAM_reg_768_895_8_8/SP.LOW/O
                         net (fo=1, routed)           0.000    20.654    VGA_use/AuxRAM_use/RAM_reg_768_895_8_8/SPO0
    SLICE_X50Y48         MUXF7 (Prop_muxf7_I0_O)      0.241    20.895 f  VGA_use/AuxRAM_use/RAM_reg_768_895_8_8/F7.SP/O
                         net (fo=1, routed)           1.255    22.150    VGA_use/AuxRAM_use/RAM_reg_768_895_8_8_n_1
    SLICE_X40Y51         LUT6 (Prop_lut6_I1_O)        0.298    22.448 f  VGA_use/AuxRAM_use/character_out[3]_i_415/O
                         net (fo=1, routed)           0.000    22.448    VGA_use/AuxRAM_use/character_out[3]_i_415_n_0
    SLICE_X40Y51         MUXF7 (Prop_muxf7_I1_O)      0.217    22.665 f  VGA_use/AuxRAM_use/character_out_reg[3]_i_351/O
                         net (fo=2, routed)           0.778    23.442    VGA_use/AuxRAM_use/s_dRAM[8]
    SLICE_X36Y56         LUT1 (Prop_lut1_I0_O)        0.299    23.741 r  VGA_use/AuxRAM_use/character_out[3]_i_343/O
                         net (fo=1, routed)           0.000    23.741    VGA_use/AuxRAM_use/BinToDec_use/p_0_in[8]
    SLICE_X36Y56         CARRY4 (Prop_carry4_S[3]_CO[3])
                                                      0.401    24.142 r  VGA_use/AuxRAM_use/character_out_reg[3]_i_262/CO[3]
                         net (fo=1, routed)           0.000    24.142    VGA_use/AuxRAM_use/character_out_reg[3]_i_262_n_0
    SLICE_X36Y57         CARRY4 (Prop_carry4_CI_CO[3])
                                                      0.114    24.256 r  VGA_use/AuxRAM_use/character_out_reg[0]_i_221/CO[3]
                         net (fo=1, routed)           0.000    24.256    VGA_use/AuxRAM_use/character_out_reg[0]_i_221_n_0
    SLICE_X36Y58         CARRY4 (Prop_carry4_CI_CO[3])
                                                      0.114    24.370 r  VGA_use/AuxRAM_use/character_out_reg[3]_i_481/CO[3]
                         net (fo=1, routed)           0.000    24.370    VGA_use/AuxRAM_use/character_out_reg[3]_i_481_n_0
    SLICE_X36Y59         CARRY4 (Prop_carry4_CI_CO[3])
                                                      0.114    24.484 r  VGA_use/AuxRAM_use/character_out_reg[3]_i_550/CO[3]
                         net (fo=1, routed)           0.000    24.484    VGA_use/AuxRAM_use/character_out_reg[3]_i_550_n_0
    SLICE_X36Y60         CARRY4 (Prop_carry4_CI_CO[3])
                                                      0.114    24.598 r  VGA_use/AuxRAM_use/character_out_reg[3]_i_608/CO[3]
                         net (fo=1, routed)           0.000    24.598    VGA_use/AuxRAM_use/character_out_reg[3]_i_608_n_0
    SLICE_X36Y61         CARRY4 (Prop_carry4_CI_O[3])
                                                      0.313    24.911 r  VGA_use/AuxRAM_use/character_out_reg[3]_i_612/O[3]
                         net (fo=1, routed)           0.299    25.211    VGA_use/AuxRAM_use/BinToDec_use/plusOp[28]
    SLICE_X39Y62         LUT6 (Prop_lut6_I0_O)        0.306    25.517 r  VGA_use/AuxRAM_use/character_out[3]_i_574/O
                         net (fo=12, routed)          1.067    26.583    VGA_use/AuxRAM_use/character_out[3]_i_574_n_0
    SLICE_X39Y62         LUT6 (Prop_lut6_I4_O)        0.124    26.707 r  VGA_use/AuxRAM_use/character_out[3]_i_580/O
                         net (fo=5, routed)           0.812    27.519    VGA_use/AuxRAM_use/character_out[3]_i_580_n_0
    SLICE_X39Y64         LUT4 (Prop_lut4_I1_O)        0.124    27.643 r  VGA_use/AuxRAM_use/character_out[3]_i_527/O
                         net (fo=7, routed)           0.879    28.523    VGA_use/AuxRAM_use/character_out[3]_i_527_n_0
    SLICE_X40Y65         LUT6 (Prop_lut6_I1_O)        0.124    28.647 r  VGA_use/AuxRAM_use/character_out[3]_i_572/O
                         net (fo=4, routed)           0.815    29.462    VGA_use/AuxRAM_use/character_out[3]_i_572_n_0
    SLICE_X36Y65         LUT5 (Prop_lut5_I3_O)        0.124    29.586 r  VGA_use/AuxRAM_use/character_out[3]_i_516/O
                         net (fo=6, routed)           0.854    30.440    VGA_use/AuxRAM_use/character_out[3]_i_516_n_0
    SLICE_X36Y67         LUT5 (Prop_lut5_I0_O)        0.124    30.564 r  VGA_use/AuxRAM_use/character_out[3]_i_453/O
                         net (fo=12, routed)          0.877    31.441    VGA_use/AuxRAM_use/character_out[3]_i_453_n_0
    SLICE_X39Y68         LUT6 (Prop_lut6_I4_O)        0.124    31.565 r  VGA_use/AuxRAM_use/character_out[3]_i_465/O
                         net (fo=6, routed)           0.846    32.412    VGA_use/AuxRAM_use/character_out[3]_i_465_n_0
    SLICE_X39Y67         LUT5 (Prop_lut5_I2_O)        0.124    32.536 r  VGA_use/AuxRAM_use/character_out[3]_i_397/O
                         net (fo=8, routed)           1.032    33.568    VGA_use/AuxRAM_use/character_out[3]_i_397_n_0
    SLICE_X40Y69         LUT6 (Prop_lut6_I4_O)        0.124    33.692 r  VGA_use/AuxRAM_use/character_out[1]_i_427/O
                         net (fo=4, routed)           0.999    34.691    VGA_use/AuxRAM_use/character_out[1]_i_427_n_0
    SLICE_X45Y67         LUT6 (Prop_lut6_I3_O)        0.124    34.815 r  VGA_use/AuxRAM_use/character_out[1]_i_353/O
                         net (fo=6, routed)           0.830    35.645    VGA_use/AuxRAM_use/character_out[1]_i_353_n_0
    SLICE_X44Y68         LUT5 (Prop_lut5_I1_O)        0.124    35.769 r  VGA_use/AuxRAM_use/character_out[3]_i_307/O
                         net (fo=6, routed)           0.666    36.435    VGA_use/AuxRAM_use/character_out[3]_i_307_n_0
    SLICE_X44Y67         LUT5 (Prop_lut5_I4_O)        0.124    36.559 r  VGA_use/AuxRAM_use/character_out[3]_i_313/O
                         net (fo=5, routed)           0.478    37.037    VGA_use/AuxRAM_use/character_out[3]_i_313_n_0
    SLICE_X45Y68         LUT5 (Prop_lut5_I4_O)        0.124    37.161 r  VGA_use/AuxRAM_use/character_out[3]_i_239/O
                         net (fo=5, routed)           0.841    38.002    VGA_use/AuxRAM_use/character_out[3]_i_239_n_0
    SLICE_X44Y70         LUT6 (Prop_lut6_I5_O)        0.124    38.126 r  VGA_use/AuxRAM_use/character_out[3]_i_121/O
                         net (fo=6, routed)           0.822    38.949    VGA_use/AuxRAM_use/character_out[3]_i_121_n_0
    SLICE_X46Y70         LUT5 (Prop_lut5_I0_O)        0.124    39.073 r  VGA_use/AuxRAM_use/character_out[3]_i_114/O
                         net (fo=4, routed)           0.989    40.062    VGA_use/AuxRAM_use/character_out[3]_i_114_n_0
    SLICE_X47Y72         LUT5 (Prop_lut5_I1_O)        0.124    40.186 r  VGA_use/AuxRAM_use/character_out[3]_i_34/O
                         net (fo=1, routed)           0.488    40.674    VGA_use/AuxRAM_use/s_dRAM_digits[35]
    SLICE_X49Y72         LUT5 (Prop_lut5_I1_O)        0.124    40.798 r  VGA_use/AuxRAM_use/character_out[3]_i_11/O
                         net (fo=1, routed)           0.574    41.372    VGA_use/AuxRAM_use/character_out[3]_i_11_n_0
    SLICE_X49Y73         LUT6 (Prop_lut6_I5_O)        0.124    41.496 r  VGA_use/AuxRAM_use/character_out[3]_i_4/O
                         net (fo=1, routed)           0.000    41.496    VGA_use/DecToDigit_use/character_out_reg[3]_1
    SLICE_X49Y73         MUXF7 (Prop_muxf7_I0_O)      0.238    41.734 r  VGA_use/DecToDigit_use/character_out_reg[3]_i_2/O
                         net (fo=1, routed)           0.000    41.734    VGA_use/DecToDigit_use/character_out_reg[3]_i_2_n_0
    SLICE_X49Y73         MUXF8 (Prop_muxf8_I0_O)      0.104    41.838 r  VGA_use/DecToDigit_use/character_out_reg[3]_i_1/O
                         net (fo=1, routed)           0.000    41.838    VGA_use/DecToDigit_use/character_out_reg[3]_i_1_n_0
    SLICE_X49Y73         FDRE                                         r  VGA_use/DecToDigit_use/character_out_reg[3]/D
  -------------------------------------------------------------------    -------------------

                         (clock sys_clk_pin rise edge)
                                                     10.000    10.000 r  
    W5                                                0.000    10.000 r  clk_100MHz (IN)
                         net (fo=0)                   0.000    10.000    clk_100MHz
    W5                   IBUF (Prop_ibuf_I_O)         1.388    11.388 r  clk_100MHz_IBUF_inst/O
                         net (fo=1, routed)           1.862    13.250    clk_100MHz_IBUF
    BUFGCTRL_X0Y1        BUFG (Prop_bufg_I_O)         0.091    13.341 r  clk_100MHz_IBUF_BUFG_inst/O
                         net (fo=796, routed)         1.426    14.767    VGA_use/DecToDigit_use/clk_100MHz_IBUF_BUFG
    SLICE_X49Y73         FDRE                                         r  VGA_use/DecToDigit_use/character_out_reg[3]/C
                         clock pessimism              0.180    14.947    
                         clock uncertainty           -0.035    14.911    
    SLICE_X49Y73         FDRE (Setup_fdre_C_D)        0.064    14.975    VGA_use/DecToDigit_use/character_out_reg[3]
  -------------------------------------------------------------------
                         required time                         14.975    
                         arrival time                         -41.838    
  -------------------------------------------------------------------
                         slack                                -26.863    

Slack (VIOLATED) :        -26.794ns  (required time - arrival time)
  Source:                 BOOTLOADER_use/ram_addr_reg[1]/C
                            (rising edge-triggered cell FDRE clocked by sys_clk_pin  {rise@0.000ns fall@5.000ns period=10.000ns})
  Destination:            VGA_use/DecToDigit_use/character_out_reg[1]/D
                            (rising edge-triggered cell FDRE clocked by sys_clk_pin  {rise@0.000ns fall@5.000ns period=10.000ns})
  Path Group:             sys_clk_pin
  Path Type:              Setup (Max at Slow Process Corner)
  Requirement:            10.000ns  (sys_clk_pin rise@10.000ns - sys_clk_pin rise@0.000ns)
  Data Path Delay:        36.576ns  (logic 8.298ns (22.686%)  route 28.279ns (77.314%))
  Logic Levels:           47  (CARRY4=6 LUT1=1 LUT3=2 LUT4=2 LUT5=8 LUT6=20 MUXF7=4 MUXF8=2 RAMD64E=1 RAMS64E=1)
  Clock Path Skew:        -0.214ns (DCD - SCD + CPR)
    Destination Clock Delay (DCD):    4.764ns = ( 14.764 - 10.000 ) 
    Source Clock Delay      (SCD):    5.157ns
    Clock Pessimism Removal (CPR):    0.180ns
  Clock Uncertainty:      0.035ns  ((TSJ^2 + TIJ^2)^1/2 + DJ) / 2 + PE
    Total System Jitter     (TSJ):    0.071ns
    Total Input Jitter      (TIJ):    0.000ns
    Discrete Jitter          (DJ):    0.000ns
    Phase Error              (PE):    0.000ns

    Location             Delay type                Incr(ns)  Path(ns)    Netlist Resource(s)
  -------------------------------------------------------------------    -------------------
                         (clock sys_clk_pin rise edge)
                                                      0.000     0.000 r  
    W5                                                0.000     0.000 r  clk_100MHz (IN)
                         net (fo=0)                   0.000     0.000    clk_100MHz
    W5                   IBUF (Prop_ibuf_I_O)         1.458     1.458 r  clk_100MHz_IBUF_inst/O
                         net (fo=1, routed)           1.967     3.425    clk_100MHz_IBUF
    BUFGCTRL_X0Y1        BUFG (Prop_bufg_I_O)         0.096     3.521 r  clk_100MHz_IBUF_BUFG_inst/O
                         net (fo=796, routed)         1.636     5.157    BOOTLOADER_use/clk_100MHz_IBUF_BUFG
    SLICE_X7Y49          FDRE                                         r  BOOTLOADER_use/ram_addr_reg[1]/C
  -------------------------------------------------------------------    -------------------
    SLICE_X7Y49          FDRE (Prop_fdre_C_Q)         0.456     5.613 r  BOOTLOADER_use/ram_addr_reg[1]/Q
                         net (fo=1, routed)           0.404     6.017    BOOTLOADER_use/boot_addr[1]
    SLICE_X7Y49          LUT3 (Prop_lut3_I0_O)        0.124     6.141 r  BOOTLOADER_use/RAM_reg_0_255_0_0_i_9__0/O
                         net (fo=512, routed)         1.491     7.632    Inst_CPU/Inst_MemInstr/RAM_reg_768_1023_3_3/A1
    SLICE_X8Y42          RAMS64E (Prop_rams64e_ADR1_O)
                                                      0.386     8.018 f  Inst_CPU/Inst_MemInstr/RAM_reg_768_1023_3_3/RAMS64E_C/O
                         net (fo=1, routed)           0.000     8.018    Inst_CPU/Inst_MemInstr/RAM_reg_768_1023_3_3/OC
    SLICE_X8Y42          MUXF7 (Prop_muxf7_I1_O)      0.247     8.265 f  Inst_CPU/Inst_MemInstr/RAM_reg_768_1023_3_3/F7.B/O
                         net (fo=1, routed)           0.000     8.265    Inst_CPU/Inst_MemInstr/RAM_reg_768_1023_3_3/O0
    SLICE_X8Y42          MUXF8 (Prop_muxf8_I0_O)      0.098     8.363 f  Inst_CPU/Inst_MemInstr/RAM_reg_768_1023_3_3/F8/O
                         net (fo=1, routed)           1.283     9.645    Inst_CPU/Inst_MemInstr/RAM_reg_768_1023_3_3_n_0
    SLICE_X11Y48         LUT6 (Prop_lut6_I0_O)        0.319     9.964 f  Inst_CPU/Inst_MemInstr/Rs1SumOffsetOut_carry_i_42/O
                         net (fo=14, routed)          0.900    10.865    Inst_CPU/Inst_MemInstr/s_Instruction[3]
    SLICE_X11Y53         LUT3 (Prop_lut3_I1_O)        0.124    10.989 r  Inst_CPU/Inst_MemInstr/temp_i_34/O
                         net (fo=1, routed)           0.469    11.458    Inst_CPU/Inst_MemInstr/temp_i_34_n_0
    SLICE_X11Y53         LUT6 (Prop_lut6_I5_O)        0.124    11.582 f  Inst_CPU/Inst_MemInstr/temp_i_16/O
                         net (fo=1, routed)           0.810    12.391    Inst_CPU/Inst_MemInstr/temp_i_16_n_0
    SLICE_X11Y51         LUT6 (Prop_lut6_I2_O)        0.124    12.515 f  Inst_CPU/Inst_MemInstr/temp_i_9/O
                         net (fo=20, routed)          0.997    13.512    Inst_CPU/Inst_MemInstr/s_ICode[3]
    SLICE_X11Y47         LUT5 (Prop_lut5_I0_O)        0.124    13.636 r  Inst_CPU/Inst_MemInstr/Res0_carry_i_18/O
                         net (fo=3, routed)           0.455    14.091    Inst_CPU/Inst_MemInstr_n_354
    SLICE_X11Y44         LUT6 (Prop_lut6_I4_O)        0.124    14.215 r  Inst_CPU/Res0_carry_i_11/O
                         net (fo=116, routed)         0.903    15.117    Inst_CPU/Inst_BancoReg/ciclo_regs[15].R32_n.bank/registro[28].FF_D_use/s_ALU_B[1]
    SLICE_X11Y47         LUT6 (Prop_lut6_I1_O)        0.124    15.241 r  Inst_CPU/Inst_BancoReg/ciclo_regs[15].R32_n.bank/registro[28].FF_D_use/RAM_reg_0_255_0_0_i_122/O
                         net (fo=3, routed)           0.808    16.049    Inst_CPU/Inst_BancoReg/ciclo_regs[15].R32_n.bank/registro[24].FF_D_use/RAM_reg_0_255_0_0_i_124
    SLICE_X11Y46         LUT6 (Prop_lut6_I2_O)        0.124    16.173 r  Inst_CPU/Inst_BancoReg/ciclo_regs[15].R32_n.bank/registro[24].FF_D_use/RAM_reg_0_255_0_0_i_74/O
                         net (fo=3, routed)           0.957    17.130    Inst_CPU/Inst_MemInstr/RAM_reg_0_255_0_0_i_76_0
    SLICE_X28Y49         LUT5 (Prop_lut5_I4_O)        0.124    17.254 r  Inst_CPU/Inst_MemInstr/RAM_reg_0_255_0_0_i_124/O
                         net (fo=2, routed)           0.609    17.864    Inst_CPU/Inst_MemInstr/RAM_reg_0_255_0_0_i_124_n_0
    SLICE_X31Y49         LUT6 (Prop_lut6_I1_O)        0.124    17.988 r  Inst_CPU/Inst_MemInstr/RAM_reg_0_255_0_0_i_76/O
                         net (fo=1, routed)           0.151    18.139    Inst_CPU/Inst_MemInstr/RAM_reg_0_255_0_0_i_76_n_0
    SLICE_X31Y49         LUT6 (Prop_lut6_I4_O)        0.124    18.263 r  Inst_CPU/Inst_MemInstr/RAM_reg_0_255_0_0_i_32/O
                         net (fo=11, routed)          0.922    19.185    Inst_CPU/Inst_MemInstr/RAM_reg_0_255_0_0_i_32_n_0
    SLICE_X45Y45         LUT5 (Prop_lut5_I0_O)        0.124    19.309 r  Inst_CPU/Inst_MemInstr/RAM_reg_512_639_8_8_i_2/O
                         net (fo=204, routed)         1.222    20.530    VGA_use/AuxRAM_use/RAM_reg_768_895_8_8/A2
    SLICE_X50Y48         RAMD64E (Prop_ramd64e_RADR2_O)
                                                      0.124    20.654 f  VGA_use/AuxRAM_use/RAM_reg_768_895_8_8/SP.LOW/O
                         net (fo=1, routed)           0.000    20.654    VGA_use/AuxRAM_use/RAM_reg_768_895_8_8/SPO0
    SLICE_X50Y48         MUXF7 (Prop_muxf7_I0_O)      0.241    20.895 f  VGA_use/AuxRAM_use/RAM_reg_768_895_8_8/F7.SP/O
                         net (fo=1, routed)           1.255    22.150    VGA_use/AuxRAM_use/RAM_reg_768_895_8_8_n_1
    SLICE_X40Y51         LUT6 (Prop_lut6_I1_O)        0.298    22.448 f  VGA_use/AuxRAM_use/character_out[3]_i_415/O
                         net (fo=1, routed)           0.000    22.448    VGA_use/AuxRAM_use/character_out[3]_i_415_n_0
    SLICE_X40Y51         MUXF7 (Prop_muxf7_I1_O)      0.217    22.665 f  VGA_use/AuxRAM_use/character_out_reg[3]_i_351/O
                         net (fo=2, routed)           0.778    23.442    VGA_use/AuxRAM_use/s_dRAM[8]
    SLICE_X36Y56         LUT1 (Prop_lut1_I0_O)        0.299    23.741 r  VGA_use/AuxRAM_use/character_out[3]_i_343/O
                         net (fo=1, routed)           0.000    23.741    VGA_use/AuxRAM_use/BinToDec_use/p_0_in[8]
    SLICE_X36Y56         CARRY4 (Prop_carry4_S[3]_CO[3])
                                                      0.401    24.142 r  VGA_use/AuxRAM_use/character_out_reg[3]_i_262/CO[3]
                         net (fo=1, routed)           0.000    24.142    VGA_use/AuxRAM_use/character_out_reg[3]_i_262_n_0
    SLICE_X36Y57         CARRY4 (Prop_carry4_CI_CO[3])
                                                      0.114    24.256 r  VGA_use/AuxRAM_use/character_out_reg[0]_i_221/CO[3]
                         net (fo=1, routed)           0.000    24.256    VGA_use/AuxRAM_use/character_out_reg[0]_i_221_n_0
    SLICE_X36Y58         CARRY4 (Prop_carry4_CI_CO[3])
                                                      0.114    24.370 r  VGA_use/AuxRAM_use/character_out_reg[3]_i_481/CO[3]
                         net (fo=1, routed)           0.000    24.370    VGA_use/AuxRAM_use/character_out_reg[3]_i_481_n_0
    SLICE_X36Y59         CARRY4 (Prop_carry4_CI_CO[3])
                                                      0.114    24.484 r  VGA_use/AuxRAM_use/character_out_reg[3]_i_550/CO[3]
                         net (fo=1, routed)           0.000    24.484    VGA_use/AuxRAM_use/character_out_reg[3]_i_550_n_0
    SLICE_X36Y60         CARRY4 (Prop_carry4_CI_CO[3])
                                                      0.114    24.598 r  VGA_use/AuxRAM_use/character_out_reg[3]_i_608/CO[3]
                         net (fo=1, routed)           0.000    24.598    VGA_use/AuxRAM_use/character_out_reg[3]_i_608_n_0
    SLICE_X36Y61         CARRY4 (Prop_carry4_CI_O[3])
                                                      0.313    24.911 r  VGA_use/AuxRAM_use/character_out_reg[3]_i_612/O[3]
                         net (fo=1, routed)           0.299    25.211    VGA_use/AuxRAM_use/BinToDec_use/plusOp[28]
    SLICE_X39Y62         LUT6 (Prop_lut6_I0_O)        0.306    25.517 r  VGA_use/AuxRAM_use/character_out[3]_i_574/O
                         net (fo=12, routed)          1.067    26.583    VGA_use/AuxRAM_use/character_out[3]_i_574_n_0
    SLICE_X39Y62         LUT6 (Prop_lut6_I4_O)        0.124    26.707 r  VGA_use/AuxRAM_use/character_out[3]_i_580/O
                         net (fo=5, routed)           0.812    27.519    VGA_use/AuxRAM_use/character_out[3]_i_580_n_0
    SLICE_X39Y64         LUT4 (Prop_lut4_I1_O)        0.124    27.643 r  VGA_use/AuxRAM_use/character_out[3]_i_527/O
                         net (fo=7, routed)           0.879    28.523    VGA_use/AuxRAM_use/character_out[3]_i_527_n_0
    SLICE_X40Y65         LUT6 (Prop_lut6_I1_O)        0.124    28.647 r  VGA_use/AuxRAM_use/character_out[3]_i_572/O
                         net (fo=4, routed)           0.815    29.462    VGA_use/AuxRAM_use/character_out[3]_i_572_n_0
    SLICE_X36Y65         LUT5 (Prop_lut5_I3_O)        0.124    29.586 r  VGA_use/AuxRAM_use/character_out[3]_i_516/O
                         net (fo=6, routed)           0.854    30.440    VGA_use/AuxRAM_use/character_out[3]_i_516_n_0
    SLICE_X36Y67         LUT5 (Prop_lut5_I0_O)        0.124    30.564 r  VGA_use/AuxRAM_use/character_out[3]_i_453/O
                         net (fo=12, routed)          0.877    31.441    VGA_use/AuxRAM_use/character_out[3]_i_453_n_0
    SLICE_X39Y68         LUT6 (Prop_lut6_I4_O)        0.124    31.565 r  VGA_use/AuxRAM_use/character_out[3]_i_465/O
                         net (fo=6, routed)           0.846    32.412    VGA_use/AuxRAM_use/character_out[3]_i_465_n_0
    SLICE_X39Y67         LUT5 (Prop_lut5_I2_O)        0.124    32.536 r  VGA_use/AuxRAM_use/character_out[3]_i_397/O
                         net (fo=8, routed)           1.032    33.568    VGA_use/AuxRAM_use/character_out[3]_i_397_n_0
    SLICE_X40Y69         LUT6 (Prop_lut6_I4_O)        0.124    33.692 r  VGA_use/AuxRAM_use/character_out[1]_i_427/O
                         net (fo=4, routed)           0.999    34.691    VGA_use/AuxRAM_use/character_out[1]_i_427_n_0
    SLICE_X45Y67         LUT6 (Prop_lut6_I3_O)        0.124    34.815 r  VGA_use/AuxRAM_use/character_out[1]_i_353/O
                         net (fo=6, routed)           0.804    35.619    VGA_use/AuxRAM_use/character_out[1]_i_353_n_0
    SLICE_X45Y69         LUT6 (Prop_lut6_I2_O)        0.124    35.743 f  VGA_use/AuxRAM_use/character_out[1]_i_266/O
                         net (fo=8, routed)           1.300    37.043    VGA_use/AuxRAM_use/character_out[1]_i_266_n_0
    SLICE_X50Y69         LUT4 (Prop_lut4_I3_O)        0.124    37.167 r  VGA_use/AuxRAM_use/character_out[3]_i_217/O
                         net (fo=2, routed)           0.506    37.673    VGA_use/AuxRAM_use/character_out[3]_i_217_n_0
    SLICE_X51Y69         LUT5 (Prop_lut5_I0_O)        0.124    37.797 r  VGA_use/AuxRAM_use/character_out[3]_i_210/O
                         net (fo=6, routed)           0.532    38.329    VGA_use/AuxRAM_use/character_out[3]_i_210_n_0
    SLICE_X48Y69         LUT6 (Prop_lut6_I4_O)        0.124    38.453 r  VGA_use/AuxRAM_use/character_out[3]_i_97/O
                         net (fo=7, routed)           0.620    39.073    VGA_use/AuxRAM_use/character_out[3]_i_97_n_0
    SLICE_X49Y70         LUT6 (Prop_lut6_I5_O)        0.124    39.197 r  VGA_use/AuxRAM_use/character_out[1]_i_91/O
                         net (fo=5, routed)           0.834    40.032    VGA_use/AuxRAM_use/character_out[1]_i_91_n_0
    SLICE_X46Y73         LUT6 (Prop_lut6_I5_O)        0.124    40.156 r  VGA_use/AuxRAM_use/character_out[1]_i_90/O
                         net (fo=1, routed)           0.500    40.656    VGA_use/AuxRAM_use/character_out[1]_i_90_n_0
    SLICE_X47Y73         LUT6 (Prop_lut6_I4_O)        0.124    40.780 r  VGA_use/AuxRAM_use/character_out[1]_i_29/O
                         net (fo=1, routed)           0.000    40.780    VGA_use/AuxRAM_use/character_out[1]_i_29_n_0
    SLICE_X47Y73         MUXF7 (Prop_muxf7_I1_O)      0.245    41.025 r  VGA_use/AuxRAM_use/character_out_reg[1]_i_10/O
                         net (fo=1, routed)           0.000    41.025    VGA_use/DecToDigit_use/character_out_reg[1]_1
    SLICE_X47Y73         MUXF8 (Prop_muxf8_I0_O)      0.104    41.129 r  VGA_use/DecToDigit_use/character_out_reg[1]_i_4/O
                         net (fo=1, routed)           0.289    41.418    VGA_use/DecToDigit_use/character_out_reg[1]_i_4_n_0
    SLICE_X45Y73         LUT5 (Prop_lut5_I4_O)        0.316    41.734 r  VGA_use/DecToDigit_use/character_out[1]_i_1/O
                         net (fo=1, routed)           0.000    41.734    VGA_use/DecToDigit_use/character_out[1]_i_1_n_0
    SLICE_X45Y73         FDRE                                         r  VGA_use/DecToDigit_use/character_out_reg[1]/D
  -------------------------------------------------------------------    -------------------

                         (clock sys_clk_pin rise edge)
                                                     10.000    10.000 r  
    W5                                                0.000    10.000 r  clk_100MHz (IN)
                         net (fo=0)                   0.000    10.000    clk_100MHz
    W5                   IBUF (Prop_ibuf_I_O)         1.388    11.388 r  clk_100MHz_IBUF_inst/O
                         net (fo=1, routed)           1.862    13.250    clk_100MHz_IBUF
    BUFGCTRL_X0Y1        BUFG (Prop_bufg_I_O)         0.091    13.341 r  clk_100MHz_IBUF_BUFG_inst/O
                         net (fo=796, routed)         1.423    14.764    VGA_use/DecToDigit_use/clk_100MHz_IBUF_BUFG
    SLICE_X45Y73         FDRE                                         r  VGA_use/DecToDigit_use/character_out_reg[1]/C
                         clock pessimism              0.180    14.944    
                         clock uncertainty           -0.035    14.908    
    SLICE_X45Y73         FDRE (Setup_fdre_C_D)        0.031    14.939    VGA_use/DecToDigit_use/character_out_reg[1]
  -------------------------------------------------------------------
                         required time                         14.939    
                         arrival time                         -41.734    
  -------------------------------------------------------------------
                         slack                                -26.794    

Slack (VIOLATED) :        -26.687ns  (required time - arrival time)
  Source:                 BOOTLOADER_use/ram_addr_reg[1]/C
                            (rising edge-triggered cell FDRE clocked by sys_clk_pin  {rise@0.000ns fall@5.000ns period=10.000ns})
  Destination:            VGA_use/DecToDigit_use/character_out_reg[0]/D
                            (rising edge-triggered cell FDRE clocked by sys_clk_pin  {rise@0.000ns fall@5.000ns period=10.000ns})
  Path Group:             sys_clk_pin
  Path Type:              Setup (Max at Slow Process Corner)
  Requirement:            10.000ns  (sys_clk_pin rise@10.000ns - sys_clk_pin rise@0.000ns)
  Data Path Delay:        36.471ns  (logic 8.291ns (22.732%)  route 28.180ns (77.268%))
  Logic Levels:           47  (CARRY4=6 LUT1=1 LUT3=2 LUT4=2 LUT5=8 LUT6=20 MUXF7=4 MUXF8=2 RAMD64E=1 RAMS64E=1)
  Clock Path Skew:        -0.210ns (DCD - SCD + CPR)
    Destination Clock Delay (DCD):    4.768ns = ( 14.768 - 10.000 ) 
    Source Clock Delay      (SCD):    5.157ns
    Clock Pessimism Removal (CPR):    0.180ns
  Clock Uncertainty:      0.035ns  ((TSJ^2 + TIJ^2)^1/2 + DJ) / 2 + PE
    Total System Jitter     (TSJ):    0.071ns
    Total Input Jitter      (TIJ):    0.000ns
    Discrete Jitter          (DJ):    0.000ns
    Phase Error              (PE):    0.000ns

    Location             Delay type                Incr(ns)  Path(ns)    Netlist Resource(s)
  -------------------------------------------------------------------    -------------------
                         (clock sys_clk_pin rise edge)
                                                      0.000     0.000 r  
    W5                                                0.000     0.000 r  clk_100MHz (IN)
                         net (fo=0)                   0.000     0.000    clk_100MHz
    W5                   IBUF (Prop_ibuf_I_O)         1.458     1.458 r  clk_100MHz_IBUF_inst/O
                         net (fo=1, routed)           1.967     3.425    clk_100MHz_IBUF
    BUFGCTRL_X0Y1        BUFG (Prop_bufg_I_O)         0.096     3.521 r  clk_100MHz_IBUF_BUFG_inst/O
                         net (fo=796, routed)         1.636     5.157    BOOTLOADER_use/clk_100MHz_IBUF_BUFG
    SLICE_X7Y49          FDRE                                         r  BOOTLOADER_use/ram_addr_reg[1]/C
  -------------------------------------------------------------------    -------------------
    SLICE_X7Y49          FDRE (Prop_fdre_C_Q)         0.456     5.613 r  BOOTLOADER_use/ram_addr_reg[1]/Q
                         net (fo=1, routed)           0.404     6.017    BOOTLOADER_use/boot_addr[1]
    SLICE_X7Y49          LUT3 (Prop_lut3_I0_O)        0.124     6.141 r  BOOTLOADER_use/RAM_reg_0_255_0_0_i_9__0/O
                         net (fo=512, routed)         1.491     7.632    Inst_CPU/Inst_MemInstr/RAM_reg_768_1023_3_3/A1
    SLICE_X8Y42          RAMS64E (Prop_rams64e_ADR1_O)
                                                      0.386     8.018 f  Inst_CPU/Inst_MemInstr/RAM_reg_768_1023_3_3/RAMS64E_C/O
                         net (fo=1, routed)           0.000     8.018    Inst_CPU/Inst_MemInstr/RAM_reg_768_1023_3_3/OC
    SLICE_X8Y42          MUXF7 (Prop_muxf7_I1_O)      0.247     8.265 f  Inst_CPU/Inst_MemInstr/RAM_reg_768_1023_3_3/F7.B/O
                         net (fo=1, routed)           0.000     8.265    Inst_CPU/Inst_MemInstr/RAM_reg_768_1023_3_3/O0
    SLICE_X8Y42          MUXF8 (Prop_muxf8_I0_O)      0.098     8.363 f  Inst_CPU/Inst_MemInstr/RAM_reg_768_1023_3_3/F8/O
                         net (fo=1, routed)           1.283     9.645    Inst_CPU/Inst_MemInstr/RAM_reg_768_1023_3_3_n_0
    SLICE_X11Y48         LUT6 (Prop_lut6_I0_O)        0.319     9.964 f  Inst_CPU/Inst_MemInstr/Rs1SumOffsetOut_carry_i_42/O
                         net (fo=14, routed)          0.900    10.865    Inst_CPU/Inst_MemInstr/s_Instruction[3]
    SLICE_X11Y53         LUT3 (Prop_lut3_I1_O)        0.124    10.989 r  Inst_CPU/Inst_MemInstr/temp_i_34/O
                         net (fo=1, routed)           0.469    11.458    Inst_CPU/Inst_MemInstr/temp_i_34_n_0
    SLICE_X11Y53         LUT6 (Prop_lut6_I5_O)        0.124    11.582 f  Inst_CPU/Inst_MemInstr/temp_i_16/O
                         net (fo=1, routed)           0.810    12.391    Inst_CPU/Inst_MemInstr/temp_i_16_n_0
    SLICE_X11Y51         LUT6 (Prop_lut6_I2_O)        0.124    12.515 f  Inst_CPU/Inst_MemInstr/temp_i_9/O
                         net (fo=20, routed)          0.997    13.512    Inst_CPU/Inst_MemInstr/s_ICode[3]
    SLICE_X11Y47         LUT5 (Prop_lut5_I0_O)        0.124    13.636 r  Inst_CPU/Inst_MemInstr/Res0_carry_i_18/O
                         net (fo=3, routed)           0.455    14.091    Inst_CPU/Inst_MemInstr_n_354
    SLICE_X11Y44         LUT6 (Prop_lut6_I4_O)        0.124    14.215 r  Inst_CPU/Res0_carry_i_11/O
                         net (fo=116, routed)         0.903    15.117    Inst_CPU/Inst_BancoReg/ciclo_regs[15].R32_n.bank/registro[28].FF_D_use/s_ALU_B[1]
    SLICE_X11Y47         LUT6 (Prop_lut6_I1_O)        0.124    15.241 r  Inst_CPU/Inst_BancoReg/ciclo_regs[15].R32_n.bank/registro[28].FF_D_use/RAM_reg_0_255_0_0_i_122/O
                         net (fo=3, routed)           0.808    16.049    Inst_CPU/Inst_BancoReg/ciclo_regs[15].R32_n.bank/registro[24].FF_D_use/RAM_reg_0_255_0_0_i_124
    SLICE_X11Y46         LUT6 (Prop_lut6_I2_O)        0.124    16.173 r  Inst_CPU/Inst_BancoReg/ciclo_regs[15].R32_n.bank/registro[24].FF_D_use/RAM_reg_0_255_0_0_i_74/O
                         net (fo=3, routed)           0.957    17.130    Inst_CPU/Inst_MemInstr/RAM_reg_0_255_0_0_i_76_0
    SLICE_X28Y49         LUT5 (Prop_lut5_I4_O)        0.124    17.254 r  Inst_CPU/Inst_MemInstr/RAM_reg_0_255_0_0_i_124/O
                         net (fo=2, routed)           0.609    17.864    Inst_CPU/Inst_MemInstr/RAM_reg_0_255_0_0_i_124_n_0
    SLICE_X31Y49         LUT6 (Prop_lut6_I1_O)        0.124    17.988 r  Inst_CPU/Inst_MemInstr/RAM_reg_0_255_0_0_i_76/O
                         net (fo=1, routed)           0.151    18.139    Inst_CPU/Inst_MemInstr/RAM_reg_0_255_0_0_i_76_n_0
    SLICE_X31Y49         LUT6 (Prop_lut6_I4_O)        0.124    18.263 r  Inst_CPU/Inst_MemInstr/RAM_reg_0_255_0_0_i_32/O
                         net (fo=11, routed)          0.922    19.185    Inst_CPU/Inst_MemInstr/RAM_reg_0_255_0_0_i_32_n_0
    SLICE_X45Y45         LUT5 (Prop_lut5_I0_O)        0.124    19.309 r  Inst_CPU/Inst_MemInstr/RAM_reg_512_639_8_8_i_2/O
                         net (fo=204, routed)         1.222    20.530    VGA_use/AuxRAM_use/RAM_reg_768_895_8_8/A2
    SLICE_X50Y48         RAMD64E (Prop_ramd64e_RADR2_O)
                                                      0.124    20.654 f  VGA_use/AuxRAM_use/RAM_reg_768_895_8_8/SP.LOW/O
                         net (fo=1, routed)           0.000    20.654    VGA_use/AuxRAM_use/RAM_reg_768_895_8_8/SPO0
    SLICE_X50Y48         MUXF7 (Prop_muxf7_I0_O)      0.241    20.895 f  VGA_use/AuxRAM_use/RAM_reg_768_895_8_8/F7.SP/O
                         net (fo=1, routed)           1.255    22.150    VGA_use/AuxRAM_use/RAM_reg_768_895_8_8_n_1
    SLICE_X40Y51         LUT6 (Prop_lut6_I1_O)        0.298    22.448 f  VGA_use/AuxRAM_use/character_out[3]_i_415/O
                         net (fo=1, routed)           0.000    22.448    VGA_use/AuxRAM_use/character_out[3]_i_415_n_0
    SLICE_X40Y51         MUXF7 (Prop_muxf7_I1_O)      0.217    22.665 f  VGA_use/AuxRAM_use/character_out_reg[3]_i_351/O
                         net (fo=2, routed)           0.778    23.442    VGA_use/AuxRAM_use/s_dRAM[8]
    SLICE_X36Y56         LUT1 (Prop_lut1_I0_O)        0.299    23.741 r  VGA_use/AuxRAM_use/character_out[3]_i_343/O
                         net (fo=1, routed)           0.000    23.741    VGA_use/AuxRAM_use/BinToDec_use/p_0_in[8]
    SLICE_X36Y56         CARRY4 (Prop_carry4_S[3]_CO[3])
                                                      0.401    24.142 r  VGA_use/AuxRAM_use/character_out_reg[3]_i_262/CO[3]
                         net (fo=1, routed)           0.000    24.142    VGA_use/AuxRAM_use/character_out_reg[3]_i_262_n_0
    SLICE_X36Y57         CARRY4 (Prop_carry4_CI_CO[3])
                                                      0.114    24.256 r  VGA_use/AuxRAM_use/character_out_reg[0]_i_221/CO[3]
                         net (fo=1, routed)           0.000    24.256    VGA_use/AuxRAM_use/character_out_reg[0]_i_221_n_0
    SLICE_X36Y58         CARRY4 (Prop_carry4_CI_CO[3])
                                                      0.114    24.370 r  VGA_use/AuxRAM_use/character_out_reg[3]_i_481/CO[3]
                         net (fo=1, routed)           0.000    24.370    VGA_use/AuxRAM_use/character_out_reg[3]_i_481_n_0
    SLICE_X36Y59         CARRY4 (Prop_carry4_CI_CO[3])
                                                      0.114    24.484 r  VGA_use/AuxRAM_use/character_out_reg[3]_i_550/CO[3]
                         net (fo=1, routed)           0.000    24.484    VGA_use/AuxRAM_use/character_out_reg[3]_i_550_n_0
    SLICE_X36Y60         CARRY4 (Prop_carry4_CI_CO[3])
                                                      0.114    24.598 r  VGA_use/AuxRAM_use/character_out_reg[3]_i_608/CO[3]
                         net (fo=1, routed)           0.000    24.598    VGA_use/AuxRAM_use/character_out_reg[3]_i_608_n_0
    SLICE_X36Y61         CARRY4 (Prop_carry4_CI_O[3])
                                                      0.313    24.911 r  VGA_use/AuxRAM_use/character_out_reg[3]_i_612/O[3]
                         net (fo=1, routed)           0.299    25.211    VGA_use/AuxRAM_use/BinToDec_use/plusOp[28]
    SLICE_X39Y62         LUT6 (Prop_lut6_I0_O)        0.306    25.517 r  VGA_use/AuxRAM_use/character_out[3]_i_574/O
                         net (fo=12, routed)          1.067    26.583    VGA_use/AuxRAM_use/character_out[3]_i_574_n_0
    SLICE_X39Y62         LUT6 (Prop_lut6_I4_O)        0.124    26.707 r  VGA_use/AuxRAM_use/character_out[3]_i_580/O
                         net (fo=5, routed)           0.812    27.519    VGA_use/AuxRAM_use/character_out[3]_i_580_n_0
    SLICE_X39Y64         LUT4 (Prop_lut4_I1_O)        0.124    27.643 r  VGA_use/AuxRAM_use/character_out[3]_i_527/O
                         net (fo=7, routed)           0.879    28.523    VGA_use/AuxRAM_use/character_out[3]_i_527_n_0
    SLICE_X40Y65         LUT6 (Prop_lut6_I1_O)        0.124    28.647 r  VGA_use/AuxRAM_use/character_out[3]_i_572/O
                         net (fo=4, routed)           0.815    29.462    VGA_use/AuxRAM_use/character_out[3]_i_572_n_0
    SLICE_X36Y65         LUT5 (Prop_lut5_I3_O)        0.124    29.586 r  VGA_use/AuxRAM_use/character_out[3]_i_516/O
                         net (fo=6, routed)           0.854    30.440    VGA_use/AuxRAM_use/character_out[3]_i_516_n_0
    SLICE_X36Y67         LUT5 (Prop_lut5_I0_O)        0.124    30.564 r  VGA_use/AuxRAM_use/character_out[3]_i_453/O
                         net (fo=12, routed)          0.877    31.441    VGA_use/AuxRAM_use/character_out[3]_i_453_n_0
    SLICE_X39Y68         LUT6 (Prop_lut6_I4_O)        0.124    31.565 r  VGA_use/AuxRAM_use/character_out[3]_i_465/O
                         net (fo=6, routed)           0.846    32.412    VGA_use/AuxRAM_use/character_out[3]_i_465_n_0
    SLICE_X39Y67         LUT5 (Prop_lut5_I2_O)        0.124    32.536 r  VGA_use/AuxRAM_use/character_out[3]_i_397/O
                         net (fo=8, routed)           1.032    33.568    VGA_use/AuxRAM_use/character_out[3]_i_397_n_0
    SLICE_X40Y69         LUT6 (Prop_lut6_I4_O)        0.124    33.692 r  VGA_use/AuxRAM_use/character_out[1]_i_427/O
                         net (fo=4, routed)           0.999    34.691    VGA_use/AuxRAM_use/character_out[1]_i_427_n_0
    SLICE_X45Y67         LUT6 (Prop_lut6_I3_O)        0.124    34.815 r  VGA_use/AuxRAM_use/character_out[1]_i_353/O
                         net (fo=6, routed)           0.804    35.619    VGA_use/AuxRAM_use/character_out[1]_i_353_n_0
    SLICE_X45Y69         LUT6 (Prop_lut6_I2_O)        0.124    35.743 f  VGA_use/AuxRAM_use/character_out[1]_i_266/O
                         net (fo=8, routed)           1.300    37.043    VGA_use/AuxRAM_use/character_out[1]_i_266_n_0
    SLICE_X50Y69         LUT4 (Prop_lut4_I3_O)        0.124    37.167 r  VGA_use/AuxRAM_use/character_out[3]_i_217/O
                         net (fo=2, routed)           0.506    37.673    VGA_use/AuxRAM_use/character_out[3]_i_217_n_0
    SLICE_X51Y69         LUT5 (Prop_lut5_I0_O)        0.124    37.797 r  VGA_use/AuxRAM_use/character_out[3]_i_210/O
                         net (fo=6, routed)           0.532    38.329    VGA_use/AuxRAM_use/character_out[3]_i_210_n_0
    SLICE_X48Y69         LUT6 (Prop_lut6_I4_O)        0.124    38.453 r  VGA_use/AuxRAM_use/character_out[3]_i_97/O
                         net (fo=7, routed)           0.620    39.073    VGA_use/AuxRAM_use/character_out[3]_i_97_n_0
    SLICE_X49Y70         LUT6 (Prop_lut6_I5_O)        0.124    39.197 r  VGA_use/AuxRAM_use/character_out[1]_i_91/O
                         net (fo=5, routed)           0.668    39.865    VGA_use/AuxRAM_use/character_out[1]_i_91_n_0
    SLICE_X45Y70         LUT6 (Prop_lut6_I5_O)        0.124    39.989 r  VGA_use/AuxRAM_use/character_out[0]_i_81/O
                         net (fo=1, routed)           0.565    40.554    VGA_use/AuxRAM_use/s_dRAM_digits[28]
    SLICE_X47Y70         LUT6 (Prop_lut6_I0_O)        0.124    40.678 r  VGA_use/AuxRAM_use/character_out[0]_i_30/O
                         net (fo=1, routed)           0.000    40.678    VGA_use/AuxRAM_use/character_out[0]_i_30_n_0
    SLICE_X47Y70         MUXF7 (Prop_muxf7_I0_O)      0.238    40.916 r  VGA_use/AuxRAM_use/character_out_reg[0]_i_11/O
                         net (fo=1, routed)           0.000    40.916    VGA_use/DecToDigit_use/character_out_reg[0]_1
    SLICE_X47Y70         MUXF8 (Prop_muxf8_I0_O)      0.104    41.020 r  VGA_use/DecToDigit_use/character_out_reg[0]_i_4/O
                         net (fo=1, routed)           0.292    41.312    VGA_use/DecToDigit_use/character_out_reg[0]_i_4_n_0
    SLICE_X45Y70         LUT5 (Prop_lut5_I4_O)        0.316    41.628 r  VGA_use/DecToDigit_use/character_out[0]_i_1/O
                         net (fo=1, routed)           0.000    41.628    VGA_use/DecToDigit_use/character_out[0]_i_1_n_0
    SLICE_X45Y70         FDRE                                         r  VGA_use/DecToDigit_use/character_out_reg[0]/D
  -------------------------------------------------------------------    -------------------

                         (clock sys_clk_pin rise edge)
                                                     10.000    10.000 r  
    W5                                                0.000    10.000 r  clk_100MHz (IN)
                         net (fo=0)                   0.000    10.000    clk_100MHz
    W5                   IBUF (Prop_ibuf_I_O)         1.388    11.388 r  clk_100MHz_IBUF_inst/O
                         net (fo=1, routed)           1.862    13.250    clk_100MHz_IBUF
    BUFGCTRL_X0Y1        BUFG (Prop_bufg_I_O)         0.091    13.341 r  clk_100MHz_IBUF_BUFG_inst/O
                         net (fo=796, routed)         1.427    14.768    VGA_use/DecToDigit_use/clk_100MHz_IBUF_BUFG
    SLICE_X45Y70         FDRE                                         r  VGA_use/DecToDigit_use/character_out_reg[0]/C
                         clock pessimism              0.180    14.948    
                         clock uncertainty           -0.035    14.912    
    SLICE_X45Y70         FDRE (Setup_fdre_C_D)        0.029    14.941    VGA_use/DecToDigit_use/character_out_reg[0]
  -------------------------------------------------------------------
                         required time                         14.941    
                         arrival time                         -41.628    
  -------------------------------------------------------------------
                         slack                                -26.687    

Slack (VIOLATED) :        -26.665ns  (required time - arrival time)
  Source:                 BOOTLOADER_use/ram_addr_reg[1]/C
                            (rising edge-triggered cell FDRE clocked by sys_clk_pin  {rise@0.000ns fall@5.000ns period=10.000ns})
  Destination:            VGA_use/DecToDigit_use/character_out_reg[2]/D
                            (rising edge-triggered cell FDRE clocked by sys_clk_pin  {rise@0.000ns fall@5.000ns period=10.000ns})
  Path Group:             sys_clk_pin
  Path Type:              Setup (Max at Slow Process Corner)
  Requirement:            10.000ns  (sys_clk_pin rise@10.000ns - sys_clk_pin rise@0.000ns)
  Data Path Delay:        36.530ns  (logic 8.096ns (22.162%)  route 28.434ns (77.838%))
  Logic Levels:           47  (CARRY4=6 LUT1=1 LUT3=2 LUT4=1 LUT5=10 LUT6=19 MUXF7=4 MUXF8=2 RAMD64E=1 RAMS64E=1)
  Clock Path Skew:        -0.213ns (DCD - SCD + CPR)
    Destination Clock Delay (DCD):    4.765ns = ( 14.765 - 10.000 ) 
    Source Clock Delay      (SCD):    5.157ns
    Clock Pessimism Removal (CPR):    0.180ns
  Clock Uncertainty:      0.035ns  ((TSJ^2 + TIJ^2)^1/2 + DJ) / 2 + PE
    Total System Jitter     (TSJ):    0.071ns
    Total Input Jitter      (TIJ):    0.000ns
    Discrete Jitter          (DJ):    0.000ns
    Phase Error              (PE):    0.000ns

    Location             Delay type                Incr(ns)  Path(ns)    Netlist Resource(s)
  -------------------------------------------------------------------    -------------------
                         (clock sys_clk_pin rise edge)
                                                      0.000     0.000 r  
    W5                                                0.000     0.000 r  clk_100MHz (IN)
                         net (fo=0)                   0.000     0.000    clk_100MHz
    W5                   IBUF (Prop_ibuf_I_O)         1.458     1.458 r  clk_100MHz_IBUF_inst/O
                         net (fo=1, routed)           1.967     3.425    clk_100MHz_IBUF
    BUFGCTRL_X0Y1        BUFG (Prop_bufg_I_O)         0.096     3.521 r  clk_100MHz_IBUF_BUFG_inst/O
                         net (fo=796, routed)         1.636     5.157    BOOTLOADER_use/clk_100MHz_IBUF_BUFG
    SLICE_X7Y49          FDRE                                         r  BOOTLOADER_use/ram_addr_reg[1]/C
  -------------------------------------------------------------------    -------------------
    SLICE_X7Y49          FDRE (Prop_fdre_C_Q)         0.456     5.613 r  BOOTLOADER_use/ram_addr_reg[1]/Q
                         net (fo=1, routed)           0.404     6.017    BOOTLOADER_use/boot_addr[1]
    SLICE_X7Y49          LUT3 (Prop_lut3_I0_O)        0.124     6.141 r  BOOTLOADER_use/RAM_reg_0_255_0_0_i_9__0/O
                         net (fo=512, routed)         1.491     7.632    Inst_CPU/Inst_MemInstr/RAM_reg_768_1023_3_3/A1
    SLICE_X8Y42          RAMS64E (Prop_rams64e_ADR1_O)
                                                      0.386     8.018 f  Inst_CPU/Inst_MemInstr/RAM_reg_768_1023_3_3/RAMS64E_C/O
                         net (fo=1, routed)           0.000     8.018    Inst_CPU/Inst_MemInstr/RAM_reg_768_1023_3_3/OC
    SLICE_X8Y42          MUXF7 (Prop_muxf7_I1_O)      0.247     8.265 f  Inst_CPU/Inst_MemInstr/RAM_reg_768_1023_3_3/F7.B/O
                         net (fo=1, routed)           0.000     8.265    Inst_CPU/Inst_MemInstr/RAM_reg_768_1023_3_3/O0
    SLICE_X8Y42          MUXF8 (Prop_muxf8_I0_O)      0.098     8.363 f  Inst_CPU/Inst_MemInstr/RAM_reg_768_1023_3_3/F8/O
                         net (fo=1, routed)           1.283     9.645    Inst_CPU/Inst_MemInstr/RAM_reg_768_1023_3_3_n_0
    SLICE_X11Y48         LUT6 (Prop_lut6_I0_O)        0.319     9.964 f  Inst_CPU/Inst_MemInstr/Rs1SumOffsetOut_carry_i_42/O
                         net (fo=14, routed)          0.900    10.865    Inst_CPU/Inst_MemInstr/s_Instruction[3]
    SLICE_X11Y53         LUT3 (Prop_lut3_I1_O)        0.124    10.989 r  Inst_CPU/Inst_MemInstr/temp_i_34/O
                         net (fo=1, routed)           0.469    11.458    Inst_CPU/Inst_MemInstr/temp_i_34_n_0
    SLICE_X11Y53         LUT6 (Prop_lut6_I5_O)        0.124    11.582 f  Inst_CPU/Inst_MemInstr/temp_i_16/O
                         net (fo=1, routed)           0.810    12.391    Inst_CPU/Inst_MemInstr/temp_i_16_n_0
    SLICE_X11Y51         LUT6 (Prop_lut6_I2_O)        0.124    12.515 f  Inst_CPU/Inst_MemInstr/temp_i_9/O
                         net (fo=20, routed)          0.997    13.512    Inst_CPU/Inst_MemInstr/s_ICode[3]
    SLICE_X11Y47         LUT5 (Prop_lut5_I0_O)        0.124    13.636 r  Inst_CPU/Inst_MemInstr/Res0_carry_i_18/O
                         net (fo=3, routed)           0.455    14.091    Inst_CPU/Inst_MemInstr_n_354
    SLICE_X11Y44         LUT6 (Prop_lut6_I4_O)        0.124    14.215 r  Inst_CPU/Res0_carry_i_11/O
                         net (fo=116, routed)         0.903    15.117    Inst_CPU/Inst_BancoReg/ciclo_regs[15].R32_n.bank/registro[28].FF_D_use/s_ALU_B[1]
    SLICE_X11Y47         LUT6 (Prop_lut6_I1_O)        0.124    15.241 r  Inst_CPU/Inst_BancoReg/ciclo_regs[15].R32_n.bank/registro[28].FF_D_use/RAM_reg_0_255_0_0_i_122/O
                         net (fo=3, routed)           0.808    16.049    Inst_CPU/Inst_BancoReg/ciclo_regs[15].R32_n.bank/registro[24].FF_D_use/RAM_reg_0_255_0_0_i_124
    SLICE_X11Y46         LUT6 (Prop_lut6_I2_O)        0.124    16.173 r  Inst_CPU/Inst_BancoReg/ciclo_regs[15].R32_n.bank/registro[24].FF_D_use/RAM_reg_0_255_0_0_i_74/O
                         net (fo=3, routed)           0.957    17.130    Inst_CPU/Inst_MemInstr/RAM_reg_0_255_0_0_i_76_0
    SLICE_X28Y49         LUT5 (Prop_lut5_I4_O)        0.124    17.254 r  Inst_CPU/Inst_MemInstr/RAM_reg_0_255_0_0_i_124/O
                         net (fo=2, routed)           0.609    17.864    Inst_CPU/Inst_MemInstr/RAM_reg_0_255_0_0_i_124_n_0
    SLICE_X31Y49         LUT6 (Prop_lut6_I1_O)        0.124    17.988 r  Inst_CPU/Inst_MemInstr/RAM_reg_0_255_0_0_i_76/O
                         net (fo=1, routed)           0.151    18.139    Inst_CPU/Inst_MemInstr/RAM_reg_0_255_0_0_i_76_n_0
    SLICE_X31Y49         LUT6 (Prop_lut6_I4_O)        0.124    18.263 r  Inst_CPU/Inst_MemInstr/RAM_reg_0_255_0_0_i_32/O
                         net (fo=11, routed)          0.922    19.185    Inst_CPU/Inst_MemInstr/RAM_reg_0_255_0_0_i_32_n_0
    SLICE_X45Y45         LUT5 (Prop_lut5_I0_O)        0.124    19.309 r  Inst_CPU/Inst_MemInstr/RAM_reg_512_639_8_8_i_2/O
                         net (fo=204, routed)         1.222    20.530    VGA_use/AuxRAM_use/RAM_reg_768_895_8_8/A2
    SLICE_X50Y48         RAMD64E (Prop_ramd64e_RADR2_O)
                                                      0.124    20.654 f  VGA_use/AuxRAM_use/RAM_reg_768_895_8_8/SP.LOW/O
                         net (fo=1, routed)           0.000    20.654    VGA_use/AuxRAM_use/RAM_reg_768_895_8_8/SPO0
    SLICE_X50Y48         MUXF7 (Prop_muxf7_I0_O)      0.241    20.895 f  VGA_use/AuxRAM_use/RAM_reg_768_895_8_8/F7.SP/O
                         net (fo=1, routed)           1.255    22.150    VGA_use/AuxRAM_use/RAM_reg_768_895_8_8_n_1
    SLICE_X40Y51         LUT6 (Prop_lut6_I1_O)        0.298    22.448 f  VGA_use/AuxRAM_use/character_out[3]_i_415/O
                         net (fo=1, routed)           0.000    22.448    VGA_use/AuxRAM_use/character_out[3]_i_415_n_0
    SLICE_X40Y51         MUXF7 (Prop_muxf7_I1_O)      0.217    22.665 f  VGA_use/AuxRAM_use/character_out_reg[3]_i_351/O
                         net (fo=2, routed)           0.778    23.442    VGA_use/AuxRAM_use/s_dRAM[8]
    SLICE_X36Y56         LUT1 (Prop_lut1_I0_O)        0.299    23.741 r  VGA_use/AuxRAM_use/character_out[3]_i_343/O
                         net (fo=1, routed)           0.000    23.741    VGA_use/AuxRAM_use/BinToDec_use/p_0_in[8]
    SLICE_X36Y56         CARRY4 (Prop_carry4_S[3]_CO[3])
                                                      0.401    24.142 r  VGA_use/AuxRAM_use/character_out_reg[3]_i_262/CO[3]
                         net (fo=1, routed)           0.000    24.142    VGA_use/AuxRAM_use/character_out_reg[3]_i_262_n_0
    SLICE_X36Y57         CARRY4 (Prop_carry4_CI_CO[3])
                                                      0.114    24.256 r  VGA_use/AuxRAM_use/character_out_reg[0]_i_221/CO[3]
                         net (fo=1, routed)           0.000    24.256    VGA_use/AuxRAM_use/character_out_reg[0]_i_221_n_0
    SLICE_X36Y58         CARRY4 (Prop_carry4_CI_CO[3])
                                                      0.114    24.370 r  VGA_use/AuxRAM_use/character_out_reg[3]_i_481/CO[3]
                         net (fo=1, routed)           0.000    24.370    VGA_use/AuxRAM_use/character_out_reg[3]_i_481_n_0
    SLICE_X36Y59         CARRY4 (Prop_carry4_CI_CO[3])
                                                      0.114    24.484 r  VGA_use/AuxRAM_use/character_out_reg[3]_i_550/CO[3]
                         net (fo=1, routed)           0.000    24.484    VGA_use/AuxRAM_use/character_out_reg[3]_i_550_n_0
    SLICE_X36Y60         CARRY4 (Prop_carry4_CI_CO[3])
                                                      0.114    24.598 r  VGA_use/AuxRAM_use/character_out_reg[3]_i_608/CO[3]
                         net (fo=1, routed)           0.000    24.598    VGA_use/AuxRAM_use/character_out_reg[3]_i_608_n_0
    SLICE_X36Y61         CARRY4 (Prop_carry4_CI_O[3])
                                                      0.313    24.911 r  VGA_use/AuxRAM_use/character_out_reg[3]_i_612/O[3]
                         net (fo=1, routed)           0.299    25.211    VGA_use/AuxRAM_use/BinToDec_use/plusOp[28]
    SLICE_X39Y62         LUT6 (Prop_lut6_I0_O)        0.306    25.517 r  VGA_use/AuxRAM_use/character_out[3]_i_574/O
                         net (fo=12, routed)          1.067    26.583    VGA_use/AuxRAM_use/character_out[3]_i_574_n_0
    SLICE_X39Y62         LUT6 (Prop_lut6_I4_O)        0.124    26.707 r  VGA_use/AuxRAM_use/character_out[3]_i_580/O
                         net (fo=5, routed)           0.812    27.519    VGA_use/AuxRAM_use/character_out[3]_i_580_n_0
    SLICE_X39Y64         LUT4 (Prop_lut4_I1_O)        0.124    27.643 r  VGA_use/AuxRAM_use/character_out[3]_i_527/O
                         net (fo=7, routed)           0.879    28.523    VGA_use/AuxRAM_use/character_out[3]_i_527_n_0
    SLICE_X40Y65         LUT6 (Prop_lut6_I1_O)        0.124    28.647 r  VGA_use/AuxRAM_use/character_out[3]_i_572/O
                         net (fo=4, routed)           0.815    29.462    VGA_use/AuxRAM_use/character_out[3]_i_572_n_0
    SLICE_X36Y65         LUT5 (Prop_lut5_I3_O)        0.124    29.586 r  VGA_use/AuxRAM_use/character_out[3]_i_516/O
                         net (fo=6, routed)           0.854    30.440    VGA_use/AuxRAM_use/character_out[3]_i_516_n_0
    SLICE_X36Y67         LUT5 (Prop_lut5_I0_O)        0.124    30.564 r  VGA_use/AuxRAM_use/character_out[3]_i_453/O
                         net (fo=12, routed)          0.877    31.441    VGA_use/AuxRAM_use/character_out[3]_i_453_n_0
    SLICE_X39Y68         LUT6 (Prop_lut6_I4_O)        0.124    31.565 r  VGA_use/AuxRAM_use/character_out[3]_i_465/O
                         net (fo=6, routed)           0.846    32.412    VGA_use/AuxRAM_use/character_out[3]_i_465_n_0
    SLICE_X39Y67         LUT5 (Prop_lut5_I2_O)        0.124    32.536 r  VGA_use/AuxRAM_use/character_out[3]_i_397/O
                         net (fo=8, routed)           1.032    33.568    VGA_use/AuxRAM_use/character_out[3]_i_397_n_0
    SLICE_X40Y69         LUT6 (Prop_lut6_I4_O)        0.124    33.692 r  VGA_use/AuxRAM_use/character_out[1]_i_427/O
                         net (fo=4, routed)           0.999    34.691    VGA_use/AuxRAM_use/character_out[1]_i_427_n_0
    SLICE_X45Y67         LUT6 (Prop_lut6_I3_O)        0.124    34.815 r  VGA_use/AuxRAM_use/character_out[1]_i_353/O
                         net (fo=6, routed)           0.830    35.645    VGA_use/AuxRAM_use/character_out[1]_i_353_n_0
    SLICE_X44Y68         LUT5 (Prop_lut5_I1_O)        0.124    35.769 r  VGA_use/AuxRAM_use/character_out[3]_i_307/O
                         net (fo=6, routed)           0.692    36.461    VGA_use/AuxRAM_use/character_out[3]_i_307_n_0
    SLICE_X43Y67         LUT6 (Prop_lut6_I0_O)        0.124    36.585 r  VGA_use/AuxRAM_use/character_out[3]_i_318/O
                         net (fo=4, routed)           0.695    37.280    VGA_use/AuxRAM_use/character_out[3]_i_318_n_0
    SLICE_X47Y68         LUT6 (Prop_lut6_I5_O)        0.124    37.404 r  VGA_use/AuxRAM_use/character_out[3]_i_221/O
                         net (fo=11, routed)          1.160    38.563    VGA_use/AuxRAM_use/character_out[3]_i_221_n_0
    SLICE_X44Y71         LUT5 (Prop_lut5_I1_O)        0.124    38.687 r  VGA_use/AuxRAM_use/character_out[3]_i_105/O
                         net (fo=3, routed)           0.586    39.273    VGA_use/AuxRAM_use/character_out[3]_i_105_n_0
    SLICE_X47Y71         LUT5 (Prop_lut5_I2_O)        0.124    39.397 r  VGA_use/AuxRAM_use/character_out[3]_i_112/O
                         net (fo=4, routed)           0.691    40.089    VGA_use/AuxRAM_use/character_out[3]_i_112_n_0
    SLICE_X46Y71         LUT5 (Prop_lut5_I4_O)        0.124    40.213 r  VGA_use/AuxRAM_use/character_out[2]_i_32/O
                         net (fo=1, routed)           0.583    40.796    VGA_use/AuxRAM_use/s_dRAM_digits[30]
    SLICE_X44Y72         LUT6 (Prop_lut6_I0_O)        0.124    40.920 r  VGA_use/AuxRAM_use/character_out[2]_i_11/O
                         net (fo=1, routed)           0.304    41.224    VGA_use/AuxRAM_use/character_out[2]_i_11_n_0
    SLICE_X46Y72         LUT6 (Prop_lut6_I5_O)        0.124    41.348 r  VGA_use/AuxRAM_use/character_out[2]_i_4/O
                         net (fo=1, routed)           0.000    41.348    VGA_use/DecToDigit_use/character_out_reg[2]_1
    SLICE_X46Y72         MUXF7 (Prop_muxf7_I0_O)      0.241    41.589 r  VGA_use/DecToDigit_use/character_out_reg[2]_i_2/O
                         net (fo=1, routed)           0.000    41.589    VGA_use/DecToDigit_use/character_out_reg[2]_i_2_n_0
    SLICE_X46Y72         MUXF8 (Prop_muxf8_I0_O)      0.098    41.687 r  VGA_use/DecToDigit_use/character_out_reg[2]_i_1/O
                         net (fo=1, routed)           0.000    41.687    VGA_use/DecToDigit_use/character_out_reg[2]_i_1_n_0
    SLICE_X46Y72         FDRE                                         r  VGA_use/DecToDigit_use/character_out_reg[2]/D
  -------------------------------------------------------------------    -------------------

                         (clock sys_clk_pin rise edge)
                                                     10.000    10.000 r  
    W5                                                0.000    10.000 r  clk_100MHz (IN)
                         net (fo=0)                   0.000    10.000    clk_100MHz
    W5                   IBUF (Prop_ibuf_I_O)         1.388    11.388 r  clk_100MHz_IBUF_inst/O
                         net (fo=1, routed)           1.862    13.250    clk_100MHz_IBUF
    BUFGCTRL_X0Y1        BUFG (Prop_bufg_I_O)         0.091    13.341 r  clk_100MHz_IBUF_BUFG_inst/O
                         net (fo=796, routed)         1.424    14.765    VGA_use/DecToDigit_use/clk_100MHz_IBUF_BUFG
    SLICE_X46Y72         FDRE                                         r  VGA_use/DecToDigit_use/character_out_reg[2]/C
                         clock pessimism              0.180    14.945    
                         clock uncertainty           -0.035    14.909    
    SLICE_X46Y72         FDRE (Setup_fdre_C_D)        0.113    15.022    VGA_use/DecToDigit_use/character_out_reg[2]
  -------------------------------------------------------------------
                         required time                         15.022    
                         arrival time                         -41.687    
  -------------------------------------------------------------------
                         slack                                -26.665    

Slack (MET) :             4.202ns  (required time - arrival time)
  Source:                 UART_use/clk_count_reg[12]/C
                            (rising edge-triggered cell FDRE clocked by sys_clk_pin  {rise@0.000ns fall@5.000ns period=10.000ns})
  Destination:            UART_use/clk_count_reg[13]/R
                            (rising edge-triggered cell FDRE clocked by sys_clk_pin  {rise@0.000ns fall@5.000ns period=10.000ns})
  Path Group:             sys_clk_pin
  Path Type:              Setup (Max at Slow Process Corner)
  Requirement:            10.000ns  (sys_clk_pin rise@10.000ns - sys_clk_pin rise@0.000ns)
  Data Path Delay:        5.313ns  (logic 0.952ns (17.917%)  route 4.361ns (82.083%))
  Logic Levels:           4  (LUT4=1 LUT5=1 LUT6=2)
  Clock Path Skew:        -0.020ns (DCD - SCD + CPR)
    Destination Clock Delay (DCD):    4.848ns = ( 14.848 - 10.000 ) 
    Source Clock Delay      (SCD):    5.142ns
    Clock Pessimism Removal (CPR):    0.274ns
  Clock Uncertainty:      0.035ns  ((TSJ^2 + TIJ^2)^1/2 + DJ) / 2 + PE
    Total System Jitter     (TSJ):    0.071ns
    Total Input Jitter      (TIJ):    0.000ns
    Discrete Jitter          (DJ):    0.000ns
    Phase Error              (PE):    0.000ns

    Location             Delay type                Incr(ns)  Path(ns)    Netlist Resource(s)
  -------------------------------------------------------------------    -------------------
                         (clock sys_clk_pin rise edge)
                                                      0.000     0.000 r  
    W5                                                0.000     0.000 r  clk_100MHz (IN)
                         net (fo=0)                   0.000     0.000    clk_100MHz
    W5                   IBUF (Prop_ibuf_I_O)         1.458     1.458 r  clk_100MHz_IBUF_inst/O
                         net (fo=1, routed)           1.967     3.425    clk_100MHz_IBUF
    BUFGCTRL_X0Y1        BUFG (Prop_bufg_I_O)         0.096     3.521 r  clk_100MHz_IBUF_BUFG_inst/O
                         net (fo=796, routed)         1.621     5.142    UART_use/clk_100MHz_IBUF_BUFG
    SLICE_X1Y27          FDRE                                         r  UART_use/clk_count_reg[12]/C
  -------------------------------------------------------------------    -------------------
    SLICE_X1Y27          FDRE (Prop_fdre_C_Q)         0.456     5.598 f  UART_use/clk_count_reg[12]/Q
                         net (fo=3, routed)           0.837     6.435    UART_use/clk_count_reg_n_0_[12]
    SLICE_X0Y26          LUT4 (Prop_lut4_I0_O)        0.124     6.559 r  UART_use/state[1]_i_8/O
                         net (fo=1, routed)           0.670     7.229    UART_use/state[1]_i_8_n_0
    SLICE_X0Y26          LUT5 (Prop_lut5_I4_O)        0.124     7.353 f  UART_use/state[1]_i_7/O
                         net (fo=2, routed)           0.942     8.295    UART_use/state[1]_i_7_n_0
    SLICE_X0Y25          LUT6 (Prop_lut6_I5_O)        0.124     8.419 r  UART_use/state[1]_i_3/O
                         net (fo=4, routed)           0.810     9.229    UART_use/state[1]_i_3_n_0
    SLICE_X0Y27          LUT6 (Prop_lut6_I3_O)        0.124     9.353 r  UART_use/clk_count[13]_i_1/O
                         net (fo=14, routed)          1.103    10.456    UART_use/clk_count[13]_i_1_n_0
    SLICE_X1Y28          FDRE                                         r  UART_use/clk_count_reg[13]/R
  -------------------------------------------------------------------    -------------------

                         (clock sys_clk_pin rise edge)
                                                     10.000    10.000 r  
    W5                                                0.000    10.000 r  clk_100MHz (IN)
                         net (fo=0)                   0.000    10.000    clk_100MHz
    W5                   IBUF (Prop_ibuf_I_O)         1.388    11.388 r  clk_100MHz_IBUF_inst/O
                         net (fo=1, routed)           1.862    13.250    clk_100MHz_IBUF
    BUFGCTRL_X0Y1        BUFG (Prop_bufg_I_O)         0.091    13.341 r  clk_100MHz_IBUF_BUFG_inst/O
                         net (fo=796, routed)         1.507    14.848    UART_use/clk_100MHz_IBUF_BUFG
    SLICE_X1Y28          FDRE                                         r  UART_use/clk_count_reg[13]/C
                         clock pessimism              0.274    15.122    
                         clock uncertainty           -0.035    15.087    
    SLICE_X1Y28          FDRE (Setup_fdre_C_R)       -0.429    14.658    UART_use/clk_count_reg[13]
  -------------------------------------------------------------------
                         required time                         14.658    
                         arrival time                         -10.456    
  -------------------------------------------------------------------
                         slack                                  4.202    

Slack (MET) :             4.346ns  (required time - arrival time)
  Source:                 Inst_Div1Hz/contador_reg[22]/C
                            (rising edge-triggered cell FDRE clocked by sys_clk_pin  {rise@0.000ns fall@5.000ns period=10.000ns})
  Destination:            Inst_Div1Hz/tempClk1Hz_reg/D
                            (rising edge-triggered cell FDRE clocked by sys_clk_pin  {rise@0.000ns fall@5.000ns period=10.000ns})
  Path Group:             sys_clk_pin
  Path Type:              Setup (Max at Slow Process Corner)
  Requirement:            10.000ns  (sys_clk_pin rise@10.000ns - sys_clk_pin rise@0.000ns)
  Data Path Delay:        5.536ns  (logic 0.952ns (17.197%)  route 4.584ns (82.803%))
  Logic Levels:           4  (LUT2=1 LUT6=3)
  Clock Path Skew:        -0.112ns (DCD - SCD + CPR)
    Destination Clock Delay (DCD):    4.785ns = ( 14.785 - 10.000 ) 
    Source Clock Delay      (SCD):    5.085ns
    Clock Pessimism Removal (CPR):    0.188ns
  Clock Uncertainty:      0.035ns  ((TSJ^2 + TIJ^2)^1/2 + DJ) / 2 + PE
    Total System Jitter     (TSJ):    0.071ns
    Total Input Jitter      (TIJ):    0.000ns
    Discrete Jitter          (DJ):    0.000ns
    Phase Error              (PE):    0.000ns

    Location             Delay type                Incr(ns)  Path(ns)    Netlist Resource(s)
  -------------------------------------------------------------------    -------------------
                         (clock sys_clk_pin rise edge)
                                                      0.000     0.000 r  
    W5                                                0.000     0.000 r  clk_100MHz (IN)
                         net (fo=0)                   0.000     0.000    clk_100MHz
    W5                   IBUF (Prop_ibuf_I_O)         1.458     1.458 r  clk_100MHz_IBUF_inst/O
                         net (fo=1, routed)           1.967     3.425    clk_100MHz_IBUF
    BUFGCTRL_X0Y1        BUFG (Prop_bufg_I_O)         0.096     3.521 r  clk_100MHz_IBUF_BUFG_inst/O
                         net (fo=796, routed)         1.564     5.085    Inst_Div1Hz/clk_100MHz_IBUF_BUFG
    SLICE_X53Y34         FDRE                                         r  Inst_Div1Hz/contador_reg[22]/C
  -------------------------------------------------------------------    -------------------
    SLICE_X53Y34         FDRE (Prop_fdre_C_Q)         0.456     5.541 r  Inst_Div1Hz/contador_reg[22]/Q
                         net (fo=2, routed)           0.871     6.412    Inst_Div1Hz/contador[22]
    SLICE_X52Y33         LUT6 (Prop_lut6_I1_O)        0.124     6.536 f  Inst_Div1Hz/contador[25]_i_5/O
                         net (fo=1, routed)           0.452     6.988    Inst_Div1Hz/contador[25]_i_5_n_0
    SLICE_X52Y33         LUT6 (Prop_lut6_I0_O)        0.124     7.112 f  Inst_Div1Hz/contador[25]_i_3/O
                         net (fo=1, routed)           0.449     7.560    Inst_Div1Hz/contador[25]_i_3_n_0
    SLICE_X52Y30         LUT6 (Prop_lut6_I5_O)        0.124     7.684 r  Inst_Div1Hz/contador[25]_i_1/O
                         net (fo=27, routed)          2.813    10.497    Inst_Div1Hz/tempClk1Hz
    SLICE_X35Y44         LUT2 (Prop_lut2_I0_O)        0.124    10.621 r  Inst_Div1Hz/tempClk1Hz_i_1/O
                         net (fo=1, routed)           0.000    10.621    Inst_Div1Hz/tempClk1Hz_i_1_n_0
    SLICE_X35Y44         FDRE                                         r  Inst_Div1Hz/tempClk1Hz_reg/D
  -------------------------------------------------------------------    -------------------

                         (clock sys_clk_pin rise edge)
                                                     10.000    10.000 r  
    W5                                                0.000    10.000 r  clk_100MHz (IN)
                         net (fo=0)                   0.000    10.000    clk_100MHz
    W5                   IBUF (Prop_ibuf_I_O)         1.388    11.388 r  clk_100MHz_IBUF_inst/O
                         net (fo=1, routed)           1.862    13.250    clk_100MHz_IBUF
    BUFGCTRL_X0Y1        BUFG (Prop_bufg_I_O)         0.091    13.341 r  clk_100MHz_IBUF_BUFG_inst/O
                         net (fo=796, routed)         1.444    14.785    Inst_Div1Hz/clk_100MHz_IBUF_BUFG
    SLICE_X35Y44         FDRE                                         r  Inst_Div1Hz/tempClk1Hz_reg/C
                         clock pessimism              0.188    14.973    
                         clock uncertainty           -0.035    14.938    
    SLICE_X35Y44         FDRE (Setup_fdre_C_D)        0.029    14.967    Inst_Div1Hz/tempClk1Hz_reg
  -------------------------------------------------------------------
                         required time                         14.967    
                         arrival time                         -10.621    
  -------------------------------------------------------------------
                         slack                                  4.346    

Slack (MET) :             4.350ns  (required time - arrival time)
  Source:                 UART_use/clk_count_reg[13]/C
                            (rising edge-triggered cell FDRE clocked by sys_clk_pin  {rise@0.000ns fall@5.000ns period=10.000ns})
  Destination:            UART_use/clk_count_reg[10]/R
                            (rising edge-triggered cell FDRE clocked by sys_clk_pin  {rise@0.000ns fall@5.000ns period=10.000ns})
  Path Group:             sys_clk_pin
  Path Type:              Setup (Max at Slow Process Corner)
  Requirement:            10.000ns  (sys_clk_pin rise@10.000ns - sys_clk_pin rise@0.000ns)
  Data Path Delay:        5.160ns  (logic 0.952ns (18.449%)  route 4.208ns (81.551%))
  Logic Levels:           4  (LUT4=1 LUT5=1 LUT6=2)
  Clock Path Skew:        -0.025ns (DCD - SCD + CPR)
    Destination Clock Delay (DCD):    4.846ns = ( 14.846 - 10.000 ) 
    Source Clock Delay      (SCD):    5.145ns
    Clock Pessimism Removal (CPR):    0.274ns
  Clock Uncertainty:      0.035ns  ((TSJ^2 + TIJ^2)^1/2 + DJ) / 2 + PE
    Total System Jitter     (TSJ):    0.071ns
    Total Input Jitter      (TIJ):    0.000ns
    Discrete Jitter          (DJ):    0.000ns
    Phase Error              (PE):    0.000ns

    Location             Delay type                Incr(ns)  Path(ns)    Netlist Resource(s)
  -------------------------------------------------------------------    -------------------
                         (clock sys_clk_pin rise edge)
                                                      0.000     0.000 r  
    W5                                                0.000     0.000 r  clk_100MHz (IN)
                         net (fo=0)                   0.000     0.000    clk_100MHz
    W5                   IBUF (Prop_ibuf_I_O)         1.458     1.458 r  clk_100MHz_IBUF_inst/O
                         net (fo=1, routed)           1.967     3.425    clk_100MHz_IBUF
    BUFGCTRL_X0Y1        BUFG (Prop_bufg_I_O)         0.096     3.521 r  clk_100MHz_IBUF_BUFG_inst/O
                         net (fo=796, routed)         1.624     5.145    UART_use/clk_100MHz_IBUF_BUFG
    SLICE_X1Y28          FDRE                                         r  UART_use/clk_count_reg[13]/C
  -------------------------------------------------------------------    -------------------
    SLICE_X1Y28          FDRE (Prop_fdre_C_Q)         0.456     5.601 r  UART_use/clk_count_reg[13]/Q
                         net (fo=3, routed)           0.822     6.423    UART_use/clk_count_reg_n_0_[13]
    SLICE_X0Y26          LUT4 (Prop_lut4_I2_O)        0.124     6.547 r  UART_use/state[1]_i_8/O
                         net (fo=1, routed)           0.670     7.217    UART_use/state[1]_i_8_n_0
    SLICE_X0Y26          LUT5 (Prop_lut5_I4_O)        0.124     7.341 f  UART_use/state[1]_i_7/O
                         net (fo=2, routed)           0.942     8.283    UART_use/state[1]_i_7_n_0
    SLICE_X0Y25          LUT6 (Prop_lut6_I5_O)        0.124     8.407 r  UART_use/state[1]_i_3/O
                         net (fo=4, routed)           0.810     9.217    UART_use/state[1]_i_3_n_0
    SLICE_X0Y27          LUT6 (Prop_lut6_I3_O)        0.124     9.341 r  UART_use/clk_count[13]_i_1/O
                         net (fo=14, routed)          0.964    10.305    UART_use/clk_count[13]_i_1_n_0
    SLICE_X1Y27          FDRE                                         r  UART_use/clk_count_reg[10]/R
  -------------------------------------------------------------------    -------------------

                         (clock sys_clk_pin rise edge)
                                                     10.000    10.000 r  
    W5                                                0.000    10.000 r  clk_100MHz (IN)
                         net (fo=0)                   0.000    10.000    clk_100MHz
    W5                   IBUF (Prop_ibuf_I_O)         1.388    11.388 r  clk_100MHz_IBUF_inst/O
                         net (fo=1, routed)           1.862    13.250    clk_100MHz_IBUF
    BUFGCTRL_X0Y1        BUFG (Prop_bufg_I_O)         0.091    13.341 r  clk_100MHz_IBUF_BUFG_inst/O
                         net (fo=796, routed)         1.505    14.846    UART_use/clk_100MHz_IBUF_BUFG
    SLICE_X1Y27          FDRE                                         r  UART_use/clk_count_reg[10]/C
                         clock pessimism              0.274    15.120    
                         clock uncertainty           -0.035    15.085    
    SLICE_X1Y27          FDRE (Setup_fdre_C_R)       -0.429    14.656    UART_use/clk_count_reg[10]
  -------------------------------------------------------------------
                         required time                         14.656    
                         arrival time                         -10.305    
  -------------------------------------------------------------------
                         slack                                  4.350    

Slack (MET) :             4.350ns  (required time - arrival time)
  Source:                 UART_use/clk_count_reg[13]/C
                            (rising edge-triggered cell FDRE clocked by sys_clk_pin  {rise@0.000ns fall@5.000ns period=10.000ns})
  Destination:            UART_use/clk_count_reg[11]/R
                            (rising edge-triggered cell FDRE clocked by sys_clk_pin  {rise@0.000ns fall@5.000ns period=10.000ns})
  Path Group:             sys_clk_pin
  Path Type:              Setup (Max at Slow Process Corner)
  Requirement:            10.000ns  (sys_clk_pin rise@10.000ns - sys_clk_pin rise@0.000ns)
  Data Path Delay:        5.160ns  (logic 0.952ns (18.449%)  route 4.208ns (81.551%))
  Logic Levels:           4  (LUT4=1 LUT5=1 LUT6=2)
  Clock Path Skew:        -0.025ns (DCD - SCD + CPR)
    Destination Clock Delay (DCD):    4.846ns = ( 14.846 - 10.000 ) 
    Source Clock Delay      (SCD):    5.145ns
    Clock Pessimism Removal (CPR):    0.274ns
  Clock Uncertainty:      0.035ns  ((TSJ^2 + TIJ^2)^1/2 + DJ) / 2 + PE
    Total System Jitter     (TSJ):    0.071ns
    Total Input Jitter      (TIJ):    0.000ns
    Discrete Jitter          (DJ):    0.000ns
    Phase Error              (PE):    0.000ns

    Location             Delay type                Incr(ns)  Path(ns)    Netlist Resource(s)
  -------------------------------------------------------------------    -------------------
                         (clock sys_clk_pin rise edge)
                                                      0.000     0.000 r  
    W5                                                0.000     0.000 r  clk_100MHz (IN)
                         net (fo=0)                   0.000     0.000    clk_100MHz
    W5                   IBUF (Prop_ibuf_I_O)         1.458     1.458 r  clk_100MHz_IBUF_inst/O
                         net (fo=1, routed)           1.967     3.425    clk_100MHz_IBUF
    BUFGCTRL_X0Y1        BUFG (Prop_bufg_I_O)         0.096     3.521 r  clk_100MHz_IBUF_BUFG_inst/O
                         net (fo=796, routed)         1.624     5.145    UART_use/clk_100MHz_IBUF_BUFG
    SLICE_X1Y28          FDRE                                         r  UART_use/clk_count_reg[13]/C
  -------------------------------------------------------------------    -------------------
    SLICE_X1Y28          FDRE (Prop_fdre_C_Q)         0.456     5.601 r  UART_use/clk_count_reg[13]/Q
                         net (fo=3, routed)           0.822     6.423    UART_use/clk_count_reg_n_0_[13]
    SLICE_X0Y26          LUT4 (Prop_lut4_I2_O)        0.124     6.547 r  UART_use/state[1]_i_8/O
                         net (fo=1, routed)           0.670     7.217    UART_use/state[1]_i_8_n_0
    SLICE_X0Y26          LUT5 (Prop_lut5_I4_O)        0.124     7.341 f  UART_use/state[1]_i_7/O
                         net (fo=2, routed)           0.942     8.283    UART_use/state[1]_i_7_n_0
    SLICE_X0Y25          LUT6 (Prop_lut6_I5_O)        0.124     8.407 r  UART_use/state[1]_i_3/O
                         net (fo=4, routed)           0.810     9.217    UART_use/state[1]_i_3_n_0
    SLICE_X0Y27          LUT6 (Prop_lut6_I3_O)        0.124     9.341 r  UART_use/clk_count[13]_i_1/O
                         net (fo=14, routed)          0.964    10.305    UART_use/clk_count[13]_i_1_n_0
    SLICE_X1Y27          FDRE                                         r  UART_use/clk_count_reg[11]/R
  -------------------------------------------------------------------    -------------------

                         (clock sys_clk_pin rise edge)
                                                     10.000    10.000 r  
    W5                                                0.000    10.000 r  clk_100MHz (IN)
                         net (fo=0)                   0.000    10.000    clk_100MHz
    W5                   IBUF (Prop_ibuf_I_O)         1.388    11.388 r  clk_100MHz_IBUF_inst/O
                         net (fo=1, routed)           1.862    13.250    clk_100MHz_IBUF
    BUFGCTRL_X0Y1        BUFG (Prop_bufg_I_O)         0.091    13.341 r  clk_100MHz_IBUF_BUFG_inst/O
                         net (fo=796, routed)         1.505    14.846    UART_use/clk_100MHz_IBUF_BUFG
    SLICE_X1Y27          FDRE                                         r  UART_use/clk_count_reg[11]/C
                         clock pessimism              0.274    15.120    
                         clock uncertainty           -0.035    15.085    
    SLICE_X1Y27          FDRE (Setup_fdre_C_R)       -0.429    14.656    UART_use/clk_count_reg[11]
  -------------------------------------------------------------------
                         required time                         14.656    
                         arrival time                         -10.305    
  -------------------------------------------------------------------
                         slack                                  4.350    

Slack (MET) :             4.350ns  (required time - arrival time)
  Source:                 UART_use/clk_count_reg[13]/C
                            (rising edge-triggered cell FDRE clocked by sys_clk_pin  {rise@0.000ns fall@5.000ns period=10.000ns})
  Destination:            UART_use/clk_count_reg[12]/R
                            (rising edge-triggered cell FDRE clocked by sys_clk_pin  {rise@0.000ns fall@5.000ns period=10.000ns})
  Path Group:             sys_clk_pin
  Path Type:              Setup (Max at Slow Process Corner)
  Requirement:            10.000ns  (sys_clk_pin rise@10.000ns - sys_clk_pin rise@0.000ns)
  Data Path Delay:        5.160ns  (logic 0.952ns (18.449%)  route 4.208ns (81.551%))
  Logic Levels:           4  (LUT4=1 LUT5=1 LUT6=2)
  Clock Path Skew:        -0.025ns (DCD - SCD + CPR)
    Destination Clock Delay (DCD):    4.846ns = ( 14.846 - 10.000 ) 
    Source Clock Delay      (SCD):    5.145ns
    Clock Pessimism Removal (CPR):    0.274ns
  Clock Uncertainty:      0.035ns  ((TSJ^2 + TIJ^2)^1/2 + DJ) / 2 + PE
    Total System Jitter     (TSJ):    0.071ns
    Total Input Jitter      (TIJ):    0.000ns
    Discrete Jitter          (DJ):    0.000ns
    Phase Error              (PE):    0.000ns

    Location             Delay type                Incr(ns)  Path(ns)    Netlist Resource(s)
  -------------------------------------------------------------------    -------------------
                         (clock sys_clk_pin rise edge)
                                                      0.000     0.000 r  
    W5                                                0.000     0.000 r  clk_100MHz (IN)
                         net (fo=0)                   0.000     0.000    clk_100MHz
    W5                   IBUF (Prop_ibuf_I_O)         1.458     1.458 r  clk_100MHz_IBUF_inst/O
                         net (fo=1, routed)           1.967     3.425    clk_100MHz_IBUF
    BUFGCTRL_X0Y1        BUFG (Prop_bufg_I_O)         0.096     3.521 r  clk_100MHz_IBUF_BUFG_inst/O
                         net (fo=796, routed)         1.624     5.145    UART_use/clk_100MHz_IBUF_BUFG
    SLICE_X1Y28          FDRE                                         r  UART_use/clk_count_reg[13]/C
  -------------------------------------------------------------------    -------------------
    SLICE_X1Y28          FDRE (Prop_fdre_C_Q)         0.456     5.601 r  UART_use/clk_count_reg[13]/Q
                         net (fo=3, routed)           0.822     6.423    UART_use/clk_count_reg_n_0_[13]
    SLICE_X0Y26          LUT4 (Prop_lut4_I2_O)        0.124     6.547 r  UART_use/state[1]_i_8/O
                         net (fo=1, routed)           0.670     7.217    UART_use/state[1]_i_8_n_0
    SLICE_X0Y26          LUT5 (Prop_lut5_I4_O)        0.124     7.341 f  UART_use/state[1]_i_7/O
                         net (fo=2, routed)           0.942     8.283    UART_use/state[1]_i_7_n_0
    SLICE_X0Y25          LUT6 (Prop_lut6_I5_O)        0.124     8.407 r  UART_use/state[1]_i_3/O
                         net (fo=4, routed)           0.810     9.217    UART_use/state[1]_i_3_n_0
    SLICE_X0Y27          LUT6 (Prop_lut6_I3_O)        0.124     9.341 r  UART_use/clk_count[13]_i_1/O
                         net (fo=14, routed)          0.964    10.305    UART_use/clk_count[13]_i_1_n_0
    SLICE_X1Y27          FDRE                                         r  UART_use/clk_count_reg[12]/R
  -------------------------------------------------------------------    -------------------

                         (clock sys_clk_pin rise edge)
                                                     10.000    10.000 r  
    W5                                                0.000    10.000 r  clk_100MHz (IN)
                         net (fo=0)                   0.000    10.000    clk_100MHz
    W5                   IBUF (Prop_ibuf_I_O)         1.388    11.388 r  clk_100MHz_IBUF_inst/O
                         net (fo=1, routed)           1.862    13.250    clk_100MHz_IBUF
    BUFGCTRL_X0Y1        BUFG (Prop_bufg_I_O)         0.091    13.341 r  clk_100MHz_IBUF_BUFG_inst/O
                         net (fo=796, routed)         1.505    14.846    UART_use/clk_100MHz_IBUF_BUFG
    SLICE_X1Y27          FDRE                                         r  UART_use/clk_count_reg[12]/C
                         clock pessimism              0.274    15.120    
                         clock uncertainty           -0.035    15.085    
    SLICE_X1Y27          FDRE (Setup_fdre_C_R)       -0.429    14.656    UART_use/clk_count_reg[12]
  -------------------------------------------------------------------
                         required time                         14.656    
                         arrival time                         -10.305    
  -------------------------------------------------------------------
                         slack                                  4.350    

Slack (MET) :             4.350ns  (required time - arrival time)
  Source:                 UART_use/clk_count_reg[13]/C
                            (rising edge-triggered cell FDRE clocked by sys_clk_pin  {rise@0.000ns fall@5.000ns period=10.000ns})
  Destination:            UART_use/clk_count_reg[9]/R
                            (rising edge-triggered cell FDRE clocked by sys_clk_pin  {rise@0.000ns fall@5.000ns period=10.000ns})
  Path Group:             sys_clk_pin
  Path Type:              Setup (Max at Slow Process Corner)
  Requirement:            10.000ns  (sys_clk_pin rise@10.000ns - sys_clk_pin rise@0.000ns)
  Data Path Delay:        5.160ns  (logic 0.952ns (18.449%)  route 4.208ns (81.551%))
  Logic Levels:           4  (LUT4=1 LUT5=1 LUT6=2)
  Clock Path Skew:        -0.025ns (DCD - SCD + CPR)
    Destination Clock Delay (DCD):    4.846ns = ( 14.846 - 10.000 ) 
    Source Clock Delay      (SCD):    5.145ns
    Clock Pessimism Removal (CPR):    0.274ns
  Clock Uncertainty:      0.035ns  ((TSJ^2 + TIJ^2)^1/2 + DJ) / 2 + PE
    Total System Jitter     (TSJ):    0.071ns
    Total Input Jitter      (TIJ):    0.000ns
    Discrete Jitter          (DJ):    0.000ns
    Phase Error              (PE):    0.000ns

    Location             Delay type                Incr(ns)  Path(ns)    Netlist Resource(s)
  -------------------------------------------------------------------    -------------------
                         (clock sys_clk_pin rise edge)
                                                      0.000     0.000 r  
    W5                                                0.000     0.000 r  clk_100MHz (IN)
                         net (fo=0)                   0.000     0.000    clk_100MHz
    W5                   IBUF (Prop_ibuf_I_O)         1.458     1.458 r  clk_100MHz_IBUF_inst/O
                         net (fo=1, routed)           1.967     3.425    clk_100MHz_IBUF
    BUFGCTRL_X0Y1        BUFG (Prop_bufg_I_O)         0.096     3.521 r  clk_100MHz_IBUF_BUFG_inst/O
                         net (fo=796, routed)         1.624     5.145    UART_use/clk_100MHz_IBUF_BUFG
    SLICE_X1Y28          FDRE                                         r  UART_use/clk_count_reg[13]/C
  -------------------------------------------------------------------    -------------------
    SLICE_X1Y28          FDRE (Prop_fdre_C_Q)         0.456     5.601 r  UART_use/clk_count_reg[13]/Q
                         net (fo=3, routed)           0.822     6.423    UART_use/clk_count_reg_n_0_[13]
    SLICE_X0Y26          LUT4 (Prop_lut4_I2_O)        0.124     6.547 r  UART_use/state[1]_i_8/O
                         net (fo=1, routed)           0.670     7.217    UART_use/state[1]_i_8_n_0
    SLICE_X0Y26          LUT5 (Prop_lut5_I4_O)        0.124     7.341 f  UART_use/state[1]_i_7/O
                         net (fo=2, routed)           0.942     8.283    UART_use/state[1]_i_7_n_0
    SLICE_X0Y25          LUT6 (Prop_lut6_I5_O)        0.124     8.407 r  UART_use/state[1]_i_3/O
                         net (fo=4, routed)           0.810     9.217    UART_use/state[1]_i_3_n_0
    SLICE_X0Y27          LUT6 (Prop_lut6_I3_O)        0.124     9.341 r  UART_use/clk_count[13]_i_1/O
                         net (fo=14, routed)          0.964    10.305    UART_use/clk_count[13]_i_1_n_0
    SLICE_X1Y27          FDRE                                         r  UART_use/clk_count_reg[9]/R
  -------------------------------------------------------------------    -------------------

                         (clock sys_clk_pin rise edge)
                                                     10.000    10.000 r  
    W5                                                0.000    10.000 r  clk_100MHz (IN)
                         net (fo=0)                   0.000    10.000    clk_100MHz
    W5                   IBUF (Prop_ibuf_I_O)         1.388    11.388 r  clk_100MHz_IBUF_inst/O
                         net (fo=1, routed)           1.862    13.250    clk_100MHz_IBUF
    BUFGCTRL_X0Y1        BUFG (Prop_bufg_I_O)         0.091    13.341 r  clk_100MHz_IBUF_BUFG_inst/O
                         net (fo=796, routed)         1.505    14.846    UART_use/clk_100MHz_IBUF_BUFG
    SLICE_X1Y27          FDRE                                         r  UART_use/clk_count_reg[9]/C
                         clock pessimism              0.274    15.120    
                         clock uncertainty           -0.035    15.085    
    SLICE_X1Y27          FDRE (Setup_fdre_C_R)       -0.429    14.656    UART_use/clk_count_reg[9]
  -------------------------------------------------------------------
                         required time                         14.656    
                         arrival time                         -10.305    
  -------------------------------------------------------------------
                         slack                                  4.350    





Min Delay Paths
--------------------------------------------------------------------------------------
Slack (MET) :             0.061ns  (arrival time - required time)
  Source:                 VGA_use/DecToDigit_use/addressTextRAM_reg[0]/C
                            (rising edge-triggered cell FDRE clocked by sys_clk_pin  {rise@0.000ns fall@5.000ns period=10.000ns})
  Destination:            VGA_use/TextRAM_use/mem_reg_64_127_3_4/RAMA/WADR0
                            (rising edge-triggered cell RAMD64E clocked by sys_clk_pin  {rise@0.000ns fall@5.000ns period=10.000ns})
  Path Group:             sys_clk_pin
  Path Type:              Hold (Min at Fast Process Corner)
  Requirement:            0.000ns  (sys_clk_pin rise@0.000ns - sys_clk_pin rise@0.000ns)
  Data Path Delay:        0.384ns  (logic 0.141ns (36.741%)  route 0.243ns (63.259%))
  Logic Levels:           0  
  Clock Path Skew:        0.013ns (DCD - SCD - CPR)
    Destination Clock Delay (DCD):    1.950ns
    Source Clock Delay      (SCD):    1.437ns
    Clock Pessimism Removal (CPR):    0.500ns

    Location             Delay type                Incr(ns)  Path(ns)    Netlist Resource(s)
  -------------------------------------------------------------------    -------------------
                         (clock sys_clk_pin rise edge)
                                                      0.000     0.000 r  
    W5                                                0.000     0.000 r  clk_100MHz (IN)
                         net (fo=0)                   0.000     0.000    clk_100MHz
    W5                   IBUF (Prop_ibuf_I_O)         0.226     0.226 r  clk_100MHz_IBUF_inst/O
                         net (fo=1, routed)           0.631     0.858    clk_100MHz_IBUF
    BUFGCTRL_X0Y1        BUFG (Prop_bufg_I_O)         0.026     0.884 r  clk_100MHz_IBUF_BUFG_inst/O
                         net (fo=796, routed)         0.554     1.437    VGA_use/DecToDigit_use/clk_100MHz_IBUF_BUFG
    SLICE_X53Y71         FDRE                                         r  VGA_use/DecToDigit_use/addressTextRAM_reg[0]/C
  -------------------------------------------------------------------    -------------------
    SLICE_X53Y71         FDRE (Prop_fdre_C_Q)         0.141     1.578 r  VGA_use/DecToDigit_use/addressTextRAM_reg[0]/Q
                         net (fo=120, routed)         0.243     1.821    VGA_use/TextRAM_use/mem_reg_64_127_3_4/ADDRD0
    SLICE_X52Y71         RAMD64E                                      r  VGA_use/TextRAM_use/mem_reg_64_127_3_4/RAMA/WADR0
  -------------------------------------------------------------------    -------------------

                         (clock sys_clk_pin rise edge)
                                                      0.000     0.000 r  
    W5                                                0.000     0.000 r  clk_100MHz (IN)
                         net (fo=0)                   0.000     0.000    clk_100MHz
    W5                   IBUF (Prop_ibuf_I_O)         0.414     0.414 r  clk_100MHz_IBUF_inst/O
                         net (fo=1, routed)           0.685     1.099    clk_100MHz_IBUF
    BUFGCTRL_X0Y1        BUFG (Prop_bufg_I_O)         0.029     1.128 r  clk_100MHz_IBUF_BUFG_inst/O
                         net (fo=796, routed)         0.822     1.950    VGA_use/TextRAM_use/mem_reg_64_127_3_4/WCLK
    SLICE_X52Y71         RAMD64E                                      r  VGA_use/TextRAM_use/mem_reg_64_127_3_4/RAMA/CLK
                         clock pessimism             -0.500     1.450    
    SLICE_X52Y71         RAMD64E (Hold_ramd64e_CLK_WADR0)
                                                      0.310     1.760    VGA_use/TextRAM_use/mem_reg_64_127_3_4/RAMA
  -------------------------------------------------------------------
                         required time                         -1.760    
                         arrival time                           1.821    
  -------------------------------------------------------------------
                         slack                                  0.061    

Slack (MET) :             0.061ns  (arrival time - required time)
  Source:                 VGA_use/DecToDigit_use/addressTextRAM_reg[0]/C
                            (rising edge-triggered cell FDRE clocked by sys_clk_pin  {rise@0.000ns fall@5.000ns period=10.000ns})
  Destination:            VGA_use/TextRAM_use/mem_reg_64_127_3_4/RAMB/WADR0
                            (rising edge-triggered cell RAMD64E clocked by sys_clk_pin  {rise@0.000ns fall@5.000ns period=10.000ns})
  Path Group:             sys_clk_pin
  Path Type:              Hold (Min at Fast Process Corner)
  Requirement:            0.000ns  (sys_clk_pin rise@0.000ns - sys_clk_pin rise@0.000ns)
  Data Path Delay:        0.384ns  (logic 0.141ns (36.741%)  route 0.243ns (63.259%))
  Logic Levels:           0  
  Clock Path Skew:        0.013ns (DCD - SCD - CPR)
    Destination Clock Delay (DCD):    1.950ns
    Source Clock Delay      (SCD):    1.437ns
    Clock Pessimism Removal (CPR):    0.500ns

    Location             Delay type                Incr(ns)  Path(ns)    Netlist Resource(s)
  -------------------------------------------------------------------    -------------------
                         (clock sys_clk_pin rise edge)
                                                      0.000     0.000 r  
    W5                                                0.000     0.000 r  clk_100MHz (IN)
                         net (fo=0)                   0.000     0.000    clk_100MHz
    W5                   IBUF (Prop_ibuf_I_O)         0.226     0.226 r  clk_100MHz_IBUF_inst/O
                         net (fo=1, routed)           0.631     0.858    clk_100MHz_IBUF
    BUFGCTRL_X0Y1        BUFG (Prop_bufg_I_O)         0.026     0.884 r  clk_100MHz_IBUF_BUFG_inst/O
                         net (fo=796, routed)         0.554     1.437    VGA_use/DecToDigit_use/clk_100MHz_IBUF_BUFG
    SLICE_X53Y71         FDRE                                         r  VGA_use/DecToDigit_use/addressTextRAM_reg[0]/C
  -------------------------------------------------------------------    -------------------
    SLICE_X53Y71         FDRE (Prop_fdre_C_Q)         0.141     1.578 r  VGA_use/DecToDigit_use/addressTextRAM_reg[0]/Q
                         net (fo=120, routed)         0.243     1.821    VGA_use/TextRAM_use/mem_reg_64_127_3_4/ADDRD0
    SLICE_X52Y71         RAMD64E                                      r  VGA_use/TextRAM_use/mem_reg_64_127_3_4/RAMB/WADR0
  -------------------------------------------------------------------    -------------------

                         (clock sys_clk_pin rise edge)
                                                      0.000     0.000 r  
    W5                                                0.000     0.000 r  clk_100MHz (IN)
                         net (fo=0)                   0.000     0.000    clk_100MHz
    W5                   IBUF (Prop_ibuf_I_O)         0.414     0.414 r  clk_100MHz_IBUF_inst/O
                         net (fo=1, routed)           0.685     1.099    clk_100MHz_IBUF
    BUFGCTRL_X0Y1        BUFG (Prop_bufg_I_O)         0.029     1.128 r  clk_100MHz_IBUF_BUFG_inst/O
                         net (fo=796, routed)         0.822     1.950    VGA_use/TextRAM_use/mem_reg_64_127_3_4/WCLK
    SLICE_X52Y71         RAMD64E                                      r  VGA_use/TextRAM_use/mem_reg_64_127_3_4/RAMB/CLK
                         clock pessimism             -0.500     1.450    
    SLICE_X52Y71         RAMD64E (Hold_ramd64e_CLK_WADR0)
                                                      0.310     1.760    VGA_use/TextRAM_use/mem_reg_64_127_3_4/RAMB
  -------------------------------------------------------------------
                         required time                         -1.760    
                         arrival time                           1.821    
  -------------------------------------------------------------------
                         slack                                  0.061    

Slack (MET) :             0.061ns  (arrival time - required time)
  Source:                 VGA_use/DecToDigit_use/addressTextRAM_reg[0]/C
                            (rising edge-triggered cell FDRE clocked by sys_clk_pin  {rise@0.000ns fall@5.000ns period=10.000ns})
  Destination:            VGA_use/TextRAM_use/mem_reg_64_127_3_4/RAMC/WADR0
                            (rising edge-triggered cell RAMD64E clocked by sys_clk_pin  {rise@0.000ns fall@5.000ns period=10.000ns})
  Path Group:             sys_clk_pin
  Path Type:              Hold (Min at Fast Process Corner)
  Requirement:            0.000ns  (sys_clk_pin rise@0.000ns - sys_clk_pin rise@0.000ns)
  Data Path Delay:        0.384ns  (logic 0.141ns (36.741%)  route 0.243ns (63.259%))
  Logic Levels:           0  
  Clock Path Skew:        0.013ns (DCD - SCD - CPR)
    Destination Clock Delay (DCD):    1.950ns
    Source Clock Delay      (SCD):    1.437ns
    Clock Pessimism Removal (CPR):    0.500ns

    Location             Delay type                Incr(ns)  Path(ns)    Netlist Resource(s)
  -------------------------------------------------------------------    -------------------
                         (clock sys_clk_pin rise edge)
                                                      0.000     0.000 r  
    W5                                                0.000     0.000 r  clk_100MHz (IN)
                         net (fo=0)                   0.000     0.000    clk_100MHz
    W5                   IBUF (Prop_ibuf_I_O)         0.226     0.226 r  clk_100MHz_IBUF_inst/O
                         net (fo=1, routed)           0.631     0.858    clk_100MHz_IBUF
    BUFGCTRL_X0Y1        BUFG (Prop_bufg_I_O)         0.026     0.884 r  clk_100MHz_IBUF_BUFG_inst/O
                         net (fo=796, routed)         0.554     1.437    VGA_use/DecToDigit_use/clk_100MHz_IBUF_BUFG
    SLICE_X53Y71         FDRE                                         r  VGA_use/DecToDigit_use/addressTextRAM_reg[0]/C
  -------------------------------------------------------------------    -------------------
    SLICE_X53Y71         FDRE (Prop_fdre_C_Q)         0.141     1.578 r  VGA_use/DecToDigit_use/addressTextRAM_reg[0]/Q
                         net (fo=120, routed)         0.243     1.821    VGA_use/TextRAM_use/mem_reg_64_127_3_4/ADDRD0
    SLICE_X52Y71         RAMD64E                                      r  VGA_use/TextRAM_use/mem_reg_64_127_3_4/RAMC/WADR0
  -------------------------------------------------------------------    -------------------

                         (clock sys_clk_pin rise edge)
                                                      0.000     0.000 r  
    W5                                                0.000     0.000 r  clk_100MHz (IN)
                         net (fo=0)                   0.000     0.000    clk_100MHz
    W5                   IBUF (Prop_ibuf_I_O)         0.414     0.414 r  clk_100MHz_IBUF_inst/O
                         net (fo=1, routed)           0.685     1.099    clk_100MHz_IBUF
    BUFGCTRL_X0Y1        BUFG (Prop_bufg_I_O)         0.029     1.128 r  clk_100MHz_IBUF_BUFG_inst/O
                         net (fo=796, routed)         0.822     1.950    VGA_use/TextRAM_use/mem_reg_64_127_3_4/WCLK
    SLICE_X52Y71         RAMD64E                                      r  VGA_use/TextRAM_use/mem_reg_64_127_3_4/RAMC/CLK
                         clock pessimism             -0.500     1.450    
    SLICE_X52Y71         RAMD64E (Hold_ramd64e_CLK_WADR0)
                                                      0.310     1.760    VGA_use/TextRAM_use/mem_reg_64_127_3_4/RAMC
  -------------------------------------------------------------------
                         required time                         -1.760    
                         arrival time                           1.821    
  -------------------------------------------------------------------
                         slack                                  0.061    

Slack (MET) :             0.061ns  (arrival time - required time)
  Source:                 VGA_use/DecToDigit_use/addressTextRAM_reg[0]/C
                            (rising edge-triggered cell FDRE clocked by sys_clk_pin  {rise@0.000ns fall@5.000ns period=10.000ns})
  Destination:            VGA_use/TextRAM_use/mem_reg_64_127_3_4/RAMD/WADR0
                            (rising edge-triggered cell RAMD64E clocked by sys_clk_pin  {rise@0.000ns fall@5.000ns period=10.000ns})
  Path Group:             sys_clk_pin
  Path Type:              Hold (Min at Fast Process Corner)
  Requirement:            0.000ns  (sys_clk_pin rise@0.000ns - sys_clk_pin rise@0.000ns)
  Data Path Delay:        0.384ns  (logic 0.141ns (36.741%)  route 0.243ns (63.259%))
  Logic Levels:           0  
  Clock Path Skew:        0.013ns (DCD - SCD - CPR)
    Destination Clock Delay (DCD):    1.950ns
    Source Clock Delay      (SCD):    1.437ns
    Clock Pessimism Removal (CPR):    0.500ns

    Location             Delay type                Incr(ns)  Path(ns)    Netlist Resource(s)
  -------------------------------------------------------------------    -------------------
                         (clock sys_clk_pin rise edge)
                                                      0.000     0.000 r  
    W5                                                0.000     0.000 r  clk_100MHz (IN)
                         net (fo=0)                   0.000     0.000    clk_100MHz
    W5                   IBUF (Prop_ibuf_I_O)         0.226     0.226 r  clk_100MHz_IBUF_inst/O
                         net (fo=1, routed)           0.631     0.858    clk_100MHz_IBUF
    BUFGCTRL_X0Y1        BUFG (Prop_bufg_I_O)         0.026     0.884 r  clk_100MHz_IBUF_BUFG_inst/O
                         net (fo=796, routed)         0.554     1.437    VGA_use/DecToDigit_use/clk_100MHz_IBUF_BUFG
    SLICE_X53Y71         FDRE                                         r  VGA_use/DecToDigit_use/addressTextRAM_reg[0]/C
  -------------------------------------------------------------------    -------------------
    SLICE_X53Y71         FDRE (Prop_fdre_C_Q)         0.141     1.578 r  VGA_use/DecToDigit_use/addressTextRAM_reg[0]/Q
                         net (fo=120, routed)         0.243     1.821    VGA_use/TextRAM_use/mem_reg_64_127_3_4/ADDRD0
    SLICE_X52Y71         RAMD64E                                      r  VGA_use/TextRAM_use/mem_reg_64_127_3_4/RAMD/WADR0
  -------------------------------------------------------------------    -------------------

                         (clock sys_clk_pin rise edge)
                                                      0.000     0.000 r  
    W5                                                0.000     0.000 r  clk_100MHz (IN)
                         net (fo=0)                   0.000     0.000    clk_100MHz
    W5                   IBUF (Prop_ibuf_I_O)         0.414     0.414 r  clk_100MHz_IBUF_inst/O
                         net (fo=1, routed)           0.685     1.099    clk_100MHz_IBUF
    BUFGCTRL_X0Y1        BUFG (Prop_bufg_I_O)         0.029     1.128 r  clk_100MHz_IBUF_BUFG_inst/O
                         net (fo=796, routed)         0.822     1.950    VGA_use/TextRAM_use/mem_reg_64_127_3_4/WCLK
    SLICE_X52Y71         RAMD64E                                      r  VGA_use/TextRAM_use/mem_reg_64_127_3_4/RAMD/CLK
                         clock pessimism             -0.500     1.450    
    SLICE_X52Y71         RAMD64E (Hold_ramd64e_CLK_WADR0)
                                                      0.310     1.760    VGA_use/TextRAM_use/mem_reg_64_127_3_4/RAMD
  -------------------------------------------------------------------
                         required time                         -1.760    
                         arrival time                           1.821    
  -------------------------------------------------------------------
                         slack                                  0.061    

Slack (MET) :             0.075ns  (arrival time - required time)
  Source:                 VGA_use/DecToDigit_use/addressTextRAM_reg[3]/C
                            (rising edge-triggered cell FDRE clocked by sys_clk_pin  {rise@0.000ns fall@5.000ns period=10.000ns})
  Destination:            VGA_use/TextRAM_use/mem_reg_64_127_3_4/RAMA/WADR3
                            (rising edge-triggered cell RAMD64E clocked by sys_clk_pin  {rise@0.000ns fall@5.000ns period=10.000ns})
  Path Group:             sys_clk_pin
  Path Type:              Hold (Min at Fast Process Corner)
  Requirement:            0.000ns  (sys_clk_pin rise@0.000ns - sys_clk_pin rise@0.000ns)
  Data Path Delay:        0.329ns  (logic 0.141ns (42.851%)  route 0.188ns (57.149%))
  Logic Levels:           0  
  Clock Path Skew:        0.014ns (DCD - SCD - CPR)
    Destination Clock Delay (DCD):    1.950ns
    Source Clock Delay      (SCD):    1.437ns
    Clock Pessimism Removal (CPR):    0.499ns

    Location             Delay type                Incr(ns)  Path(ns)    Netlist Resource(s)
  -------------------------------------------------------------------    -------------------
                         (clock sys_clk_pin rise edge)
                                                      0.000     0.000 r  
    W5                                                0.000     0.000 r  clk_100MHz (IN)
                         net (fo=0)                   0.000     0.000    clk_100MHz
    W5                   IBUF (Prop_ibuf_I_O)         0.226     0.226 r  clk_100MHz_IBUF_inst/O
                         net (fo=1, routed)           0.631     0.858    clk_100MHz_IBUF
    BUFGCTRL_X0Y1        BUFG (Prop_bufg_I_O)         0.026     0.884 r  clk_100MHz_IBUF_BUFG_inst/O
                         net (fo=796, routed)         0.554     1.437    VGA_use/DecToDigit_use/clk_100MHz_IBUF_BUFG
    SLICE_X53Y72         FDRE                                         r  VGA_use/DecToDigit_use/addressTextRAM_reg[3]/C
  -------------------------------------------------------------------    -------------------
    SLICE_X53Y72         FDRE (Prop_fdre_C_Q)         0.141     1.578 r  VGA_use/DecToDigit_use/addressTextRAM_reg[3]/Q
                         net (fo=120, routed)         0.188     1.766    VGA_use/TextRAM_use/mem_reg_64_127_3_4/ADDRD3
    SLICE_X52Y71         RAMD64E                                      r  VGA_use/TextRAM_use/mem_reg_64_127_3_4/RAMA/WADR3
  -------------------------------------------------------------------    -------------------

                         (clock sys_clk_pin rise edge)
                                                      0.000     0.000 r  
    W5                                                0.000     0.000 r  clk_100MHz (IN)
                         net (fo=0)                   0.000     0.000    clk_100MHz
    W5                   IBUF (Prop_ibuf_I_O)         0.414     0.414 r  clk_100MHz_IBUF_inst/O
                         net (fo=1, routed)           0.685     1.099    clk_100MHz_IBUF
    BUFGCTRL_X0Y1        BUFG (Prop_bufg_I_O)         0.029     1.128 r  clk_100MHz_IBUF_BUFG_inst/O
                         net (fo=796, routed)         0.822     1.950    VGA_use/TextRAM_use/mem_reg_64_127_3_4/WCLK
    SLICE_X52Y71         RAMD64E                                      r  VGA_use/TextRAM_use/mem_reg_64_127_3_4/RAMA/CLK
                         clock pessimism             -0.499     1.451    
    SLICE_X52Y71         RAMD64E (Hold_ramd64e_CLK_WADR3)
                                                      0.240     1.691    VGA_use/TextRAM_use/mem_reg_64_127_3_4/RAMA
  -------------------------------------------------------------------
                         required time                         -1.691    
                         arrival time                           1.766    
  -------------------------------------------------------------------
                         slack                                  0.075    

Slack (MET) :             0.075ns  (arrival time - required time)
  Source:                 VGA_use/DecToDigit_use/addressTextRAM_reg[3]/C
                            (rising edge-triggered cell FDRE clocked by sys_clk_pin  {rise@0.000ns fall@5.000ns period=10.000ns})
  Destination:            VGA_use/TextRAM_use/mem_reg_64_127_3_4/RAMB/WADR3
                            (rising edge-triggered cell RAMD64E clocked by sys_clk_pin  {rise@0.000ns fall@5.000ns period=10.000ns})
  Path Group:             sys_clk_pin
  Path Type:              Hold (Min at Fast Process Corner)
  Requirement:            0.000ns  (sys_clk_pin rise@0.000ns - sys_clk_pin rise@0.000ns)
  Data Path Delay:        0.329ns  (logic 0.141ns (42.851%)  route 0.188ns (57.149%))
  Logic Levels:           0  
  Clock Path Skew:        0.014ns (DCD - SCD - CPR)
    Destination Clock Delay (DCD):    1.950ns
    Source Clock Delay      (SCD):    1.437ns
    Clock Pessimism Removal (CPR):    0.499ns

    Location             Delay type                Incr(ns)  Path(ns)    Netlist Resource(s)
  -------------------------------------------------------------------    -------------------
                         (clock sys_clk_pin rise edge)
                                                      0.000     0.000 r  
    W5                                                0.000     0.000 r  clk_100MHz (IN)
                         net (fo=0)                   0.000     0.000    clk_100MHz
    W5                   IBUF (Prop_ibuf_I_O)         0.226     0.226 r  clk_100MHz_IBUF_inst/O
                         net (fo=1, routed)           0.631     0.858    clk_100MHz_IBUF
    BUFGCTRL_X0Y1        BUFG (Prop_bufg_I_O)         0.026     0.884 r  clk_100MHz_IBUF_BUFG_inst/O
                         net (fo=796, routed)         0.554     1.437    VGA_use/DecToDigit_use/clk_100MHz_IBUF_BUFG
    SLICE_X53Y72         FDRE                                         r  VGA_use/DecToDigit_use/addressTextRAM_reg[3]/C
  -------------------------------------------------------------------    -------------------
    SLICE_X53Y72         FDRE (Prop_fdre_C_Q)         0.141     1.578 r  VGA_use/DecToDigit_use/addressTextRAM_reg[3]/Q
                         net (fo=120, routed)         0.188     1.766    VGA_use/TextRAM_use/mem_reg_64_127_3_4/ADDRD3
    SLICE_X52Y71         RAMD64E                                      r  VGA_use/TextRAM_use/mem_reg_64_127_3_4/RAMB/WADR3
  -------------------------------------------------------------------    -------------------

                         (clock sys_clk_pin rise edge)
                                                      0.000     0.000 r  
    W5                                                0.000     0.000 r  clk_100MHz (IN)
                         net (fo=0)                   0.000     0.000    clk_100MHz
    W5                   IBUF (Prop_ibuf_I_O)         0.414     0.414 r  clk_100MHz_IBUF_inst/O
                         net (fo=1, routed)           0.685     1.099    clk_100MHz_IBUF
    BUFGCTRL_X0Y1        BUFG (Prop_bufg_I_O)         0.029     1.128 r  clk_100MHz_IBUF_BUFG_inst/O
                         net (fo=796, routed)         0.822     1.950    VGA_use/TextRAM_use/mem_reg_64_127_3_4/WCLK
    SLICE_X52Y71         RAMD64E                                      r  VGA_use/TextRAM_use/mem_reg_64_127_3_4/RAMB/CLK
                         clock pessimism             -0.499     1.451    
    SLICE_X52Y71         RAMD64E (Hold_ramd64e_CLK_WADR3)
                                                      0.240     1.691    VGA_use/TextRAM_use/mem_reg_64_127_3_4/RAMB
  -------------------------------------------------------------------
                         required time                         -1.691    
                         arrival time                           1.766    
  -------------------------------------------------------------------
                         slack                                  0.075    

Slack (MET) :             0.075ns  (arrival time - required time)
  Source:                 VGA_use/DecToDigit_use/addressTextRAM_reg[3]/C
                            (rising edge-triggered cell FDRE clocked by sys_clk_pin  {rise@0.000ns fall@5.000ns period=10.000ns})
  Destination:            VGA_use/TextRAM_use/mem_reg_64_127_3_4/RAMC/WADR3
                            (rising edge-triggered cell RAMD64E clocked by sys_clk_pin  {rise@0.000ns fall@5.000ns period=10.000ns})
  Path Group:             sys_clk_pin
  Path Type:              Hold (Min at Fast Process Corner)
  Requirement:            0.000ns  (sys_clk_pin rise@0.000ns - sys_clk_pin rise@0.000ns)
  Data Path Delay:        0.329ns  (logic 0.141ns (42.851%)  route 0.188ns (57.149%))
  Logic Levels:           0  
  Clock Path Skew:        0.014ns (DCD - SCD - CPR)
    Destination Clock Delay (DCD):    1.950ns
    Source Clock Delay      (SCD):    1.437ns
    Clock Pessimism Removal (CPR):    0.499ns

    Location             Delay type                Incr(ns)  Path(ns)    Netlist Resource(s)
  -------------------------------------------------------------------    -------------------
                         (clock sys_clk_pin rise edge)
                                                      0.000     0.000 r  
    W5                                                0.000     0.000 r  clk_100MHz (IN)
                         net (fo=0)                   0.000     0.000    clk_100MHz
    W5                   IBUF (Prop_ibuf_I_O)         0.226     0.226 r  clk_100MHz_IBUF_inst/O
                         net (fo=1, routed)           0.631     0.858    clk_100MHz_IBUF
    BUFGCTRL_X0Y1        BUFG (Prop_bufg_I_O)         0.026     0.884 r  clk_100MHz_IBUF_BUFG_inst/O
                         net (fo=796, routed)         0.554     1.437    VGA_use/DecToDigit_use/clk_100MHz_IBUF_BUFG
    SLICE_X53Y72         FDRE                                         r  VGA_use/DecToDigit_use/addressTextRAM_reg[3]/C
  -------------------------------------------------------------------    -------------------
    SLICE_X53Y72         FDRE (Prop_fdre_C_Q)         0.141     1.578 r  VGA_use/DecToDigit_use/addressTextRAM_reg[3]/Q
                         net (fo=120, routed)         0.188     1.766    VGA_use/TextRAM_use/mem_reg_64_127_3_4/ADDRD3
    SLICE_X52Y71         RAMD64E                                      r  VGA_use/TextRAM_use/mem_reg_64_127_3_4/RAMC/WADR3
  -------------------------------------------------------------------    -------------------

                         (clock sys_clk_pin rise edge)
                                                      0.000     0.000 r  
    W5                                                0.000     0.000 r  clk_100MHz (IN)
                         net (fo=0)                   0.000     0.000    clk_100MHz
    W5                   IBUF (Prop_ibuf_I_O)         0.414     0.414 r  clk_100MHz_IBUF_inst/O
                         net (fo=1, routed)           0.685     1.099    clk_100MHz_IBUF
    BUFGCTRL_X0Y1        BUFG (Prop_bufg_I_O)         0.029     1.128 r  clk_100MHz_IBUF_BUFG_inst/O
                         net (fo=796, routed)         0.822     1.950    VGA_use/TextRAM_use/mem_reg_64_127_3_4/WCLK
    SLICE_X52Y71         RAMD64E                                      r  VGA_use/TextRAM_use/mem_reg_64_127_3_4/RAMC/CLK
                         clock pessimism             -0.499     1.451    
    SLICE_X52Y71         RAMD64E (Hold_ramd64e_CLK_WADR3)
                                                      0.240     1.691    VGA_use/TextRAM_use/mem_reg_64_127_3_4/RAMC
  -------------------------------------------------------------------
                         required time                         -1.691    
                         arrival time                           1.766    
  -------------------------------------------------------------------
                         slack                                  0.075    

Slack (MET) :             0.075ns  (arrival time - required time)
  Source:                 VGA_use/DecToDigit_use/addressTextRAM_reg[3]/C
                            (rising edge-triggered cell FDRE clocked by sys_clk_pin  {rise@0.000ns fall@5.000ns period=10.000ns})
  Destination:            VGA_use/TextRAM_use/mem_reg_64_127_3_4/RAMD/WADR3
                            (rising edge-triggered cell RAMD64E clocked by sys_clk_pin  {rise@0.000ns fall@5.000ns period=10.000ns})
  Path Group:             sys_clk_pin
  Path Type:              Hold (Min at Fast Process Corner)
  Requirement:            0.000ns  (sys_clk_pin rise@0.000ns - sys_clk_pin rise@0.000ns)
  Data Path Delay:        0.329ns  (logic 0.141ns (42.851%)  route 0.188ns (57.149%))
  Logic Levels:           0  
  Clock Path Skew:        0.014ns (DCD - SCD - CPR)
    Destination Clock Delay (DCD):    1.950ns
    Source Clock Delay      (SCD):    1.437ns
    Clock Pessimism Removal (CPR):    0.499ns

    Location             Delay type                Incr(ns)  Path(ns)    Netlist Resource(s)
  -------------------------------------------------------------------    -------------------
                         (clock sys_clk_pin rise edge)
                                                      0.000     0.000 r  
    W5                                                0.000     0.000 r  clk_100MHz (IN)
                         net (fo=0)                   0.000     0.000    clk_100MHz
    W5                   IBUF (Prop_ibuf_I_O)         0.226     0.226 r  clk_100MHz_IBUF_inst/O
                         net (fo=1, routed)           0.631     0.858    clk_100MHz_IBUF
    BUFGCTRL_X0Y1        BUFG (Prop_bufg_I_O)         0.026     0.884 r  clk_100MHz_IBUF_BUFG_inst/O
                         net (fo=796, routed)         0.554     1.437    VGA_use/DecToDigit_use/clk_100MHz_IBUF_BUFG
    SLICE_X53Y72         FDRE                                         r  VGA_use/DecToDigit_use/addressTextRAM_reg[3]/C
  -------------------------------------------------------------------    -------------------
    SLICE_X53Y72         FDRE (Prop_fdre_C_Q)         0.141     1.578 r  VGA_use/DecToDigit_use/addressTextRAM_reg[3]/Q
                         net (fo=120, routed)         0.188     1.766    VGA_use/TextRAM_use/mem_reg_64_127_3_4/ADDRD3
    SLICE_X52Y71         RAMD64E                                      r  VGA_use/TextRAM_use/mem_reg_64_127_3_4/RAMD/WADR3
  -------------------------------------------------------------------    -------------------

                         (clock sys_clk_pin rise edge)
                                                      0.000     0.000 r  
    W5                                                0.000     0.000 r  clk_100MHz (IN)
                         net (fo=0)                   0.000     0.000    clk_100MHz
    W5                   IBUF (Prop_ibuf_I_O)         0.414     0.414 r  clk_100MHz_IBUF_inst/O
                         net (fo=1, routed)           0.685     1.099    clk_100MHz_IBUF
    BUFGCTRL_X0Y1        BUFG (Prop_bufg_I_O)         0.029     1.128 r  clk_100MHz_IBUF_BUFG_inst/O
                         net (fo=796, routed)         0.822     1.950    VGA_use/TextRAM_use/mem_reg_64_127_3_4/WCLK
    SLICE_X52Y71         RAMD64E                                      r  VGA_use/TextRAM_use/mem_reg_64_127_3_4/RAMD/CLK
                         clock pessimism             -0.499     1.451    
    SLICE_X52Y71         RAMD64E (Hold_ramd64e_CLK_WADR3)
                                                      0.240     1.691    VGA_use/TextRAM_use/mem_reg_64_127_3_4/RAMD
  -------------------------------------------------------------------
                         required time                         -1.691    
                         arrival time                           1.766    
  -------------------------------------------------------------------
                         slack                                  0.075    

Slack (MET) :             0.099ns  (arrival time - required time)
  Source:                 VGA_use/DecToDigit_use/addressTextRAM_reg[5]/C
                            (rising edge-triggered cell FDRE clocked by sys_clk_pin  {rise@0.000ns fall@5.000ns period=10.000ns})
  Destination:            VGA_use/TextRAM_use/mem_reg_256_319_3_4/RAMA/WADR5
                            (rising edge-triggered cell RAMD64E clocked by sys_clk_pin  {rise@0.000ns fall@5.000ns period=10.000ns})
  Path Group:             sys_clk_pin
  Path Type:              Hold (Min at Fast Process Corner)
  Requirement:            0.000ns  (sys_clk_pin rise@0.000ns - sys_clk_pin rise@0.000ns)
  Data Path Delay:        0.283ns  (logic 0.141ns (49.756%)  route 0.142ns (50.244%))
  Logic Levels:           0  
  Clock Path Skew:        0.014ns (DCD - SCD - CPR)
    Destination Clock Delay (DCD):    1.950ns
    Source Clock Delay      (SCD):    1.439ns
    Clock Pessimism Removal (CPR):    0.497ns

    Location             Delay type                Incr(ns)  Path(ns)    Netlist Resource(s)
  -------------------------------------------------------------------    -------------------
                         (clock sys_clk_pin rise edge)
                                                      0.000     0.000 r  
    W5                                                0.000     0.000 r  clk_100MHz (IN)
                         net (fo=0)                   0.000     0.000    clk_100MHz
    W5                   IBUF (Prop_ibuf_I_O)         0.226     0.226 r  clk_100MHz_IBUF_inst/O
                         net (fo=1, routed)           0.631     0.858    clk_100MHz_IBUF
    BUFGCTRL_X0Y1        BUFG (Prop_bufg_I_O)         0.026     0.884 r  clk_100MHz_IBUF_BUFG_inst/O
                         net (fo=796, routed)         0.556     1.439    VGA_use/DecToDigit_use/clk_100MHz_IBUF_BUFG
    SLICE_X57Y72         FDRE                                         r  VGA_use/DecToDigit_use/addressTextRAM_reg[5]/C
  -------------------------------------------------------------------    -------------------
    SLICE_X57Y72         FDRE (Prop_fdre_C_Q)         0.141     1.580 r  VGA_use/DecToDigit_use/addressTextRAM_reg[5]/Q
                         net (fo=120, routed)         0.142     1.723    VGA_use/TextRAM_use/mem_reg_256_319_3_4/ADDRD5
    SLICE_X56Y71         RAMD64E                                      r  VGA_use/TextRAM_use/mem_reg_256_319_3_4/RAMA/WADR5
  -------------------------------------------------------------------    -------------------

                         (clock sys_clk_pin rise edge)
                                                      0.000     0.000 r  
    W5                                                0.000     0.000 r  clk_100MHz (IN)
                         net (fo=0)                   0.000     0.000    clk_100MHz
    W5                   IBUF (Prop_ibuf_I_O)         0.414     0.414 r  clk_100MHz_IBUF_inst/O
                         net (fo=1, routed)           0.685     1.099    clk_100MHz_IBUF
    BUFGCTRL_X0Y1        BUFG (Prop_bufg_I_O)         0.029     1.128 r  clk_100MHz_IBUF_BUFG_inst/O
                         net (fo=796, routed)         0.822     1.950    VGA_use/TextRAM_use/mem_reg_256_319_3_4/WCLK
    SLICE_X56Y71         RAMD64E                                      r  VGA_use/TextRAM_use/mem_reg_256_319_3_4/RAMA/CLK
                         clock pessimism             -0.497     1.453    
    SLICE_X56Y71         RAMD64E (Hold_ramd64e_CLK_WADR5)
                                                      0.170     1.623    VGA_use/TextRAM_use/mem_reg_256_319_3_4/RAMA
  -------------------------------------------------------------------
                         required time                         -1.623    
                         arrival time                           1.723    
  -------------------------------------------------------------------
                         slack                                  0.099    

Slack (MET) :             0.099ns  (arrival time - required time)
  Source:                 VGA_use/DecToDigit_use/addressTextRAM_reg[5]/C
                            (rising edge-triggered cell FDRE clocked by sys_clk_pin  {rise@0.000ns fall@5.000ns period=10.000ns})
  Destination:            VGA_use/TextRAM_use/mem_reg_256_319_3_4/RAMB/WADR5
                            (rising edge-triggered cell RAMD64E clocked by sys_clk_pin  {rise@0.000ns fall@5.000ns period=10.000ns})
  Path Group:             sys_clk_pin
  Path Type:              Hold (Min at Fast Process Corner)
  Requirement:            0.000ns  (sys_clk_pin rise@0.000ns - sys_clk_pin rise@0.000ns)
  Data Path Delay:        0.283ns  (logic 0.141ns (49.756%)  route 0.142ns (50.244%))
  Logic Levels:           0  
  Clock Path Skew:        0.014ns (DCD - SCD - CPR)
    Destination Clock Delay (DCD):    1.950ns
    Source Clock Delay      (SCD):    1.439ns
    Clock Pessimism Removal (CPR):    0.497ns

    Location             Delay type                Incr(ns)  Path(ns)    Netlist Resource(s)
  -------------------------------------------------------------------    -------------------
                         (clock sys_clk_pin rise edge)
                                                      0.000     0.000 r  
    W5                                                0.000     0.000 r  clk_100MHz (IN)
                         net (fo=0)                   0.000     0.000    clk_100MHz
    W5                   IBUF (Prop_ibuf_I_O)         0.226     0.226 r  clk_100MHz_IBUF_inst/O
                         net (fo=1, routed)           0.631     0.858    clk_100MHz_IBUF
    BUFGCTRL_X0Y1        BUFG (Prop_bufg_I_O)         0.026     0.884 r  clk_100MHz_IBUF_BUFG_inst/O
                         net (fo=796, routed)         0.556     1.439    VGA_use/DecToDigit_use/clk_100MHz_IBUF_BUFG
    SLICE_X57Y72         FDRE                                         r  VGA_use/DecToDigit_use/addressTextRAM_reg[5]/C
  -------------------------------------------------------------------    -------------------
    SLICE_X57Y72         FDRE (Prop_fdre_C_Q)         0.141     1.580 r  VGA_use/DecToDigit_use/addressTextRAM_reg[5]/Q
                         net (fo=120, routed)         0.142     1.723    VGA_use/TextRAM_use/mem_reg_256_319_3_4/ADDRD5
    SLICE_X56Y71         RAMD64E                                      r  VGA_use/TextRAM_use/mem_reg_256_319_3_4/RAMB/WADR5
  -------------------------------------------------------------------    -------------------

                         (clock sys_clk_pin rise edge)
                                                      0.000     0.000 r  
    W5                                                0.000     0.000 r  clk_100MHz (IN)
                         net (fo=0)                   0.000     0.000    clk_100MHz
    W5                   IBUF (Prop_ibuf_I_O)         0.414     0.414 r  clk_100MHz_IBUF_inst/O
                         net (fo=1, routed)           0.685     1.099    clk_100MHz_IBUF
    BUFGCTRL_X0Y1        BUFG (Prop_bufg_I_O)         0.029     1.128 r  clk_100MHz_IBUF_BUFG_inst/O
                         net (fo=796, routed)         0.822     1.950    VGA_use/TextRAM_use/mem_reg_256_319_3_4/WCLK
    SLICE_X56Y71         RAMD64E                                      r  VGA_use/TextRAM_use/mem_reg_256_319_3_4/RAMB/CLK
                         clock pessimism             -0.497     1.453    
    SLICE_X56Y71         RAMD64E (Hold_ramd64e_CLK_WADR5)
                                                      0.170     1.623    VGA_use/TextRAM_use/mem_reg_256_319_3_4/RAMB
  -------------------------------------------------------------------
                         required time                         -1.623    
                         arrival time                           1.723    
  -------------------------------------------------------------------
                         slack                                  0.099    





Pulse Width Checks
--------------------------------------------------------------------------------------
Clock Name:         sys_clk_pin
Waveform(ns):       { 0.000 5.000 }
Period(ns):         10.000
Sources:            { clk_100MHz }

Check Type        Corner  Lib Pin      Reference Pin  Required(ns)  Actual(ns)  Slack(ns)  Location       Pin
Min Period        n/a     BUFG/I       n/a            2.155         10.000      7.845      BUFGCTRL_X0Y1  clk_100MHz_IBUF_BUFG_inst/I
Min Period        n/a     FDSE/C       n/a            1.000         10.000      9.000      SLICE_X6Y31    BOOTLOADER_use/FSM_onehot_byte_count_reg[0]/C
Min Period        n/a     FDRE/C       n/a            1.000         10.000      9.000      SLICE_X6Y31    BOOTLOADER_use/FSM_onehot_byte_count_reg[1]/C
Min Period        n/a     FDRE/C       n/a            1.000         10.000      9.000      SLICE_X6Y31    BOOTLOADER_use/FSM_onehot_byte_count_reg[2]/C
Min Period        n/a     FDRE/C       n/a            1.000         10.000      9.000      SLICE_X6Y31    BOOTLOADER_use/FSM_onehot_byte_count_reg[3]/C
Min Period        n/a     FDRE/C       n/a            1.000         10.000      9.000      SLICE_X6Y33    BOOTLOADER_use/buffer_inst_reg[10]/C
Min Period        n/a     FDRE/C       n/a            1.000         10.000      9.000      SLICE_X6Y33    BOOTLOADER_use/buffer_inst_reg[11]/C
Min Period        n/a     FDRE/C       n/a            1.000         10.000      9.000      SLICE_X9Y34    BOOTLOADER_use/buffer_inst_reg[12]/C
Min Period        n/a     FDRE/C       n/a            1.000         10.000      9.000      SLICE_X9Y34    BOOTLOADER_use/buffer_inst_reg[13]/C
Min Period        n/a     FDRE/C       n/a            1.000         10.000      9.000      SLICE_X9Y34    BOOTLOADER_use/buffer_inst_reg[14]/C
Low Pulse Width   Slow    RAMS64E/CLK  n/a            1.250         5.000       3.750      SLICE_X6Y42    Inst_CPU/Inst_MemInstr/RAM_reg_0_255_0_0/RAMS64E_A/CLK
Low Pulse Width   Fast    RAMS64E/CLK  n/a            1.250         5.000       3.750      SLICE_X6Y42    Inst_CPU/Inst_MemInstr/RAM_reg_0_255_0_0/RAMS64E_A/CLK
Low Pulse Width   Slow    RAMS64E/CLK  n/a            1.250         5.000       3.750      SLICE_X6Y42    Inst_CPU/Inst_MemInstr/RAM_reg_0_255_0_0/RAMS64E_B/CLK
Low Pulse Width   Fast    RAMS64E/CLK  n/a            1.250         5.000       3.750      SLICE_X6Y42    Inst_CPU/Inst_MemInstr/RAM_reg_0_255_0_0/RAMS64E_B/CLK
Low Pulse Width   Slow    RAMS64E/CLK  n/a            1.250         5.000       3.750      SLICE_X6Y42    Inst_CPU/Inst_MemInstr/RAM_reg_0_255_0_0/RAMS64E_C/CLK
Low Pulse Width   Fast    RAMS64E/CLK  n/a            1.250         5.000       3.750      SLICE_X6Y42    Inst_CPU/Inst_MemInstr/RAM_reg_0_255_0_0/RAMS64E_C/CLK
Low Pulse Width   Slow    RAMS64E/CLK  n/a            1.250         5.000       3.750      SLICE_X6Y42    Inst_CPU/Inst_MemInstr/RAM_reg_0_255_0_0/RAMS64E_D/CLK
Low Pulse Width   Fast    RAMS64E/CLK  n/a            1.250         5.000       3.750      SLICE_X6Y42    Inst_CPU/Inst_MemInstr/RAM_reg_0_255_0_0/RAMS64E_D/CLK
Low Pulse Width   Slow    RAMS64E/CLK  n/a            1.250         5.000       3.750      SLICE_X10Y47   Inst_CPU/Inst_MemInstr/RAM_reg_0_255_10_10/RAMS64E_A/CLK
Low Pulse Width   Fast    RAMS64E/CLK  n/a            1.250         5.000       3.750      SLICE_X10Y47   Inst_CPU/Inst_MemInstr/RAM_reg_0_255_10_10/RAMS64E_A/CLK
High Pulse Width  Slow    RAMS64E/CLK  n/a            1.250         5.000       3.750      SLICE_X6Y42    Inst_CPU/Inst_MemInstr/RAM_reg_0_255_0_0/RAMS64E_A/CLK
High Pulse Width  Fast    RAMS64E/CLK  n/a            1.250         5.000       3.750      SLICE_X6Y42    Inst_CPU/Inst_MemInstr/RAM_reg_0_255_0_0/RAMS64E_A/CLK
High Pulse Width  Slow    RAMS64E/CLK  n/a            1.250         5.000       3.750      SLICE_X6Y42    Inst_CPU/Inst_MemInstr/RAM_reg_0_255_0_0/RAMS64E_B/CLK
High Pulse Width  Fast    RAMS64E/CLK  n/a            1.250         5.000       3.750      SLICE_X6Y42    Inst_CPU/Inst_MemInstr/RAM_reg_0_255_0_0/RAMS64E_B/CLK
High Pulse Width  Slow    RAMS64E/CLK  n/a            1.250         5.000       3.750      SLICE_X6Y42    Inst_CPU/Inst_MemInstr/RAM_reg_0_255_0_0/RAMS64E_C/CLK
High Pulse Width  Fast    RAMS64E/CLK  n/a            1.250         5.000       3.750      SLICE_X6Y42    Inst_CPU/Inst_MemInstr/RAM_reg_0_255_0_0/RAMS64E_C/CLK
High Pulse Width  Slow    RAMS64E/CLK  n/a            1.250         5.000       3.750      SLICE_X6Y42    Inst_CPU/Inst_MemInstr/RAM_reg_0_255_0_0/RAMS64E_D/CLK
High Pulse Width  Fast    RAMS64E/CLK  n/a            1.250         5.000       3.750      SLICE_X6Y42    Inst_CPU/Inst_MemInstr/RAM_reg_0_255_0_0/RAMS64E_D/CLK
High Pulse Width  Slow    RAMS64E/CLK  n/a            1.250         5.000       3.750      SLICE_X10Y47   Inst_CPU/Inst_MemInstr/RAM_reg_0_255_10_10/RAMS64E_A/CLK
High Pulse Width  Fast    RAMS64E/CLK  n/a            1.250         5.000       3.750      SLICE_X10Y47   Inst_CPU/Inst_MemInstr/RAM_reg_0_255_10_10/RAMS64E_A/CLK



--------------------------------------------------------------------------------------
Path Group:  (none)
From Clock:  
  To Clock:  

Max Delay         16219 Endpoints
Min Delay         16219 Endpoints
--------------------------------------------------------------------------------------


Max Delay Paths
--------------------------------------------------------------------------------------
Slack:                    inf
  Source:                 sw15
                            (input port)
  Destination:            Inst_CPU/Inst_BancoReg/ciclo_regs[13].R32_n.bank/registro[29].FF_D_use/temp_reg/D
  Path Group:             (none)
  Path Type:              Max at Slow Process Corner
  Data Path Delay:        36.953ns  (logic 5.624ns (15.219%)  route 31.329ns (84.781%))
  Logic Levels:           26  (IBUF=1 LUT2=1 LUT3=2 LUT5=5 LUT6=11 MUXF7=2 MUXF8=2 RAMS64E=2)

    Location             Delay type                Incr(ns)  Path(ns)    Netlist Resource(s)
  -------------------------------------------------------------------    -------------------
    R2                                                0.000     0.000 r  sw15 (IN)
                         net (fo=0)                   0.000     0.000    sw15
    R2                   IBUF (Prop_ibuf_I_O)         1.456     1.456 r  sw15_IBUF_inst/O
                         net (fo=66, routed)          4.001     5.457    BOOTLOADER_use/leds_OBUF[8]
    SLICE_X7Y49          LUT3 (Prop_lut3_I2_O)        0.124     5.581 r  BOOTLOADER_use/RAM_reg_0_255_0_0_i_9__0/O
                         net (fo=512, routed)         1.491     7.072    Inst_CPU/Inst_MemInstr/RAM_reg_768_1023_3_3/A1
    SLICE_X8Y42          RAMS64E (Prop_rams64e_ADR1_O)
                                                      0.386     7.458 f  Inst_CPU/Inst_MemInstr/RAM_reg_768_1023_3_3/RAMS64E_C/O
                         net (fo=1, routed)           0.000     7.458    Inst_CPU/Inst_MemInstr/RAM_reg_768_1023_3_3/OC
    SLICE_X8Y42          MUXF7 (Prop_muxf7_I1_O)      0.247     7.705 f  Inst_CPU/Inst_MemInstr/RAM_reg_768_1023_3_3/F7.B/O
                         net (fo=1, routed)           0.000     7.705    Inst_CPU/Inst_MemInstr/RAM_reg_768_1023_3_3/O0
    SLICE_X8Y42          MUXF8 (Prop_muxf8_I0_O)      0.098     7.803 f  Inst_CPU/Inst_MemInstr/RAM_reg_768_1023_3_3/F8/O
                         net (fo=1, routed)           1.283     9.085    Inst_CPU/Inst_MemInstr/RAM_reg_768_1023_3_3_n_0
    SLICE_X11Y48         LUT6 (Prop_lut6_I0_O)        0.319     9.404 f  Inst_CPU/Inst_MemInstr/Rs1SumOffsetOut_carry_i_42/O
                         net (fo=14, routed)          0.900    10.305    Inst_CPU/Inst_MemInstr/s_Instruction[3]
    SLICE_X11Y53         LUT3 (Prop_lut3_I1_O)        0.124    10.429 r  Inst_CPU/Inst_MemInstr/temp_i_34/O
                         net (fo=1, routed)           0.469    10.898    Inst_CPU/Inst_MemInstr/temp_i_34_n_0
    SLICE_X11Y53         LUT6 (Prop_lut6_I5_O)        0.124    11.022 f  Inst_CPU/Inst_MemInstr/temp_i_16/O
                         net (fo=1, routed)           0.810    11.831    Inst_CPU/Inst_MemInstr/temp_i_16_n_0
    SLICE_X11Y51         LUT6 (Prop_lut6_I2_O)        0.124    11.955 f  Inst_CPU/Inst_MemInstr/temp_i_9/O
                         net (fo=20, routed)          0.997    12.952    Inst_CPU/Inst_MemInstr/s_ICode[3]
    SLICE_X11Y47         LUT5 (Prop_lut5_I0_O)        0.124    13.076 r  Inst_CPU/Inst_MemInstr/Res0_carry_i_18/O
                         net (fo=3, routed)           0.455    13.531    Inst_CPU/Inst_MemInstr_n_354
    SLICE_X11Y44         LUT6 (Prop_lut6_I4_O)        0.124    13.655 r  Inst_CPU/Res0_carry_i_11/O
                         net (fo=116, routed)         0.903    14.557    Inst_CPU/Inst_BancoReg/ciclo_regs[15].R32_n.bank/registro[28].FF_D_use/s_ALU_B[1]
    SLICE_X11Y47         LUT6 (Prop_lut6_I1_O)        0.124    14.681 r  Inst_CPU/Inst_BancoReg/ciclo_regs[15].R32_n.bank/registro[28].FF_D_use/RAM_reg_0_255_0_0_i_122/O
                         net (fo=3, routed)           0.808    15.489    Inst_CPU/Inst_BancoReg/ciclo_regs[15].R32_n.bank/registro[24].FF_D_use/RAM_reg_0_255_0_0_i_124
    SLICE_X11Y46         LUT6 (Prop_lut6_I2_O)        0.124    15.613 r  Inst_CPU/Inst_BancoReg/ciclo_regs[15].R32_n.bank/registro[24].FF_D_use/RAM_reg_0_255_0_0_i_74/O
                         net (fo=3, routed)           0.957    16.570    Inst_CPU/Inst_MemInstr/RAM_reg_0_255_0_0_i_76_0
    SLICE_X28Y49         LUT5 (Prop_lut5_I4_O)        0.124    16.694 r  Inst_CPU/Inst_MemInstr/RAM_reg_0_255_0_0_i_124/O
                         net (fo=2, routed)           0.463    17.157    Inst_CPU/Inst_MemInstr/RAM_reg_0_255_0_0_i_124_n_0
    SLICE_X32Y50         LUT6 (Prop_lut6_I0_O)        0.124    17.281 r  Inst_CPU/Inst_MemInstr/RAM_reg_0_255_0_0_i_78/O
                         net (fo=1, routed)           0.284    17.565    Inst_CPU/Inst_MemInstr/RAM_reg_0_255_0_0_i_78_n_0
    SLICE_X31Y50         LUT6 (Prop_lut6_I5_O)        0.124    17.689 r  Inst_CPU/Inst_MemInstr/RAM_reg_0_255_0_0_i_35/O
                         net (fo=12, routed)          2.297    19.987    Inst_CPU/Inst_MemInstr/RAM_reg_0_255_0_0_i_35_n_0
    SLICE_X47Y46         LUT5 (Prop_lut5_I2_O)        0.124    20.111 r  Inst_CPU/Inst_MemInstr/RAM_reg_0_255_7_7_i_7/O
                         net (fo=128, routed)         5.246    25.357    Inst_CPU/Inst_MemDatos/RAM_reg_256_511_31_31/A1
    SLICE_X14Y40         RAMS64E (Prop_rams64e_ADR1_O)
                                                      0.124    25.481 r  Inst_CPU/Inst_MemDatos/RAM_reg_256_511_31_31/RAMS64E_D/O
                         net (fo=1, routed)           0.000    25.481    Inst_CPU/Inst_MemDatos/RAM_reg_256_511_31_31/OD
    SLICE_X14Y40         MUXF7 (Prop_muxf7_I0_O)      0.241    25.722 r  Inst_CPU/Inst_MemDatos/RAM_reg_256_511_31_31/F7.B/O
                         net (fo=1, routed)           0.000    25.722    Inst_CPU/Inst_MemDatos/RAM_reg_256_511_31_31/O0
    SLICE_X14Y40         MUXF8 (Prop_muxf8_I0_O)      0.098    25.820 r  Inst_CPU/Inst_MemDatos/RAM_reg_256_511_31_31/F8/O
                         net (fo=1, routed)           1.091    26.911    Inst_CPU/Inst_MemDatos/RAM_reg_256_511_31_31_n_0
    SLICE_X28Y37         LUT6 (Prop_lut6_I3_O)        0.319    27.230 r  Inst_CPU/Inst_MemDatos/temp_i_9__11/O
                         net (fo=1, routed)           0.890    28.120    Inst_CPU/Inst_MemDatos/dataOut0[31]
    SLICE_X28Y37         LUT2 (Prop_lut2_I0_O)        0.124    28.244 r  Inst_CPU/Inst_MemDatos/temp_i_5__14/O
                         net (fo=4, routed)           1.355    29.600    Inst_CPU/Inst_MemDatos/temp_i_13_0
    SLICE_X47Y42         LUT6 (Prop_lut6_I0_O)        0.124    29.724 f  Inst_CPU/Inst_MemDatos/temp_i_4__13/O
                         net (fo=3, routed)           0.585    30.309    Inst_CPU/Inst_MemInstr/temp_reg_5
    SLICE_X47Y43         LUT5 (Prop_lut5_I1_O)        0.150    30.459 r  Inst_CPU/Inst_MemInstr/temp_i_7__24/O
                         net (fo=16, routed)          2.479    32.938    Inst_CPU/Inst_MUX4_Reg/temp_reg_0
    SLICE_X33Y52         LUT6 (Prop_lut6_I3_O)        0.326    33.264 r  Inst_CPU/Inst_MUX4_Reg/temp_i_2__0/O
                         net (fo=1, routed)           0.665    33.929    Inst_CPU/Inst_MUX4_Reg/temp_i_2__0_n_0
    SLICE_X33Y52         LUT5 (Prop_lut5_I0_O)        0.124    34.053 r  Inst_CPU/Inst_MUX4_Reg/temp_i_1__0/O
                         net (fo=16, routed)          2.900    36.953    Inst_CPU/Inst_BancoReg/ciclo_regs[13].R32_n.bank/registro[29].FF_D_use/D[0]
    SLICE_X3Y61          FDCE                                         r  Inst_CPU/Inst_BancoReg/ciclo_regs[13].R32_n.bank/registro[29].FF_D_use/temp_reg/D
  -------------------------------------------------------------------    -------------------

Slack:                    inf
  Source:                 sw15
                            (input port)
  Destination:            Inst_CPU/Inst_BancoReg/ciclo_regs[1].R32_n.bank/registro[29].FF_D_use/temp_reg/D
  Path Group:             (none)
  Path Type:              Max at Slow Process Corner
  Data Path Delay:        36.581ns  (logic 5.624ns (15.373%)  route 30.957ns (84.627%))
  Logic Levels:           26  (IBUF=1 LUT2=1 LUT3=2 LUT5=5 LUT6=11 MUXF7=2 MUXF8=2 RAMS64E=2)

    Location             Delay type                Incr(ns)  Path(ns)    Netlist Resource(s)
  -------------------------------------------------------------------    -------------------
    R2                                                0.000     0.000 r  sw15 (IN)
                         net (fo=0)                   0.000     0.000    sw15
    R2                   IBUF (Prop_ibuf_I_O)         1.456     1.456 r  sw15_IBUF_inst/O
                         net (fo=66, routed)          4.001     5.457    BOOTLOADER_use/leds_OBUF[8]
    SLICE_X7Y49          LUT3 (Prop_lut3_I2_O)        0.124     5.581 r  BOOTLOADER_use/RAM_reg_0_255_0_0_i_9__0/O
                         net (fo=512, routed)         1.491     7.072    Inst_CPU/Inst_MemInstr/RAM_reg_768_1023_3_3/A1
    SLICE_X8Y42          RAMS64E (Prop_rams64e_ADR1_O)
                                                      0.386     7.458 f  Inst_CPU/Inst_MemInstr/RAM_reg_768_1023_3_3/RAMS64E_C/O
                         net (fo=1, routed)           0.000     7.458    Inst_CPU/Inst_MemInstr/RAM_reg_768_1023_3_3/OC
    SLICE_X8Y42          MUXF7 (Prop_muxf7_I1_O)      0.247     7.705 f  Inst_CPU/Inst_MemInstr/RAM_reg_768_1023_3_3/F7.B/O
                         net (fo=1, routed)           0.000     7.705    Inst_CPU/Inst_MemInstr/RAM_reg_768_1023_3_3/O0
    SLICE_X8Y42          MUXF8 (Prop_muxf8_I0_O)      0.098     7.803 f  Inst_CPU/Inst_MemInstr/RAM_reg_768_1023_3_3/F8/O
                         net (fo=1, routed)           1.283     9.085    Inst_CPU/Inst_MemInstr/RAM_reg_768_1023_3_3_n_0
    SLICE_X11Y48         LUT6 (Prop_lut6_I0_O)        0.319     9.404 f  Inst_CPU/Inst_MemInstr/Rs1SumOffsetOut_carry_i_42/O
                         net (fo=14, routed)          0.900    10.305    Inst_CPU/Inst_MemInstr/s_Instruction[3]
    SLICE_X11Y53         LUT3 (Prop_lut3_I1_O)        0.124    10.429 r  Inst_CPU/Inst_MemInstr/temp_i_34/O
                         net (fo=1, routed)           0.469    10.898    Inst_CPU/Inst_MemInstr/temp_i_34_n_0
    SLICE_X11Y53         LUT6 (Prop_lut6_I5_O)        0.124    11.022 f  Inst_CPU/Inst_MemInstr/temp_i_16/O
                         net (fo=1, routed)           0.810    11.831    Inst_CPU/Inst_MemInstr/temp_i_16_n_0
    SLICE_X11Y51         LUT6 (Prop_lut6_I2_O)        0.124    11.955 f  Inst_CPU/Inst_MemInstr/temp_i_9/O
                         net (fo=20, routed)          0.997    12.952    Inst_CPU/Inst_MemInstr/s_ICode[3]
    SLICE_X11Y47         LUT5 (Prop_lut5_I0_O)        0.124    13.076 r  Inst_CPU/Inst_MemInstr/Res0_carry_i_18/O
                         net (fo=3, routed)           0.455    13.531    Inst_CPU/Inst_MemInstr_n_354
    SLICE_X11Y44         LUT6 (Prop_lut6_I4_O)        0.124    13.655 r  Inst_CPU/Res0_carry_i_11/O
                         net (fo=116, routed)         0.903    14.557    Inst_CPU/Inst_BancoReg/ciclo_regs[15].R32_n.bank/registro[28].FF_D_use/s_ALU_B[1]
    SLICE_X11Y47         LUT6 (Prop_lut6_I1_O)        0.124    14.681 r  Inst_CPU/Inst_BancoReg/ciclo_regs[15].R32_n.bank/registro[28].FF_D_use/RAM_reg_0_255_0_0_i_122/O
                         net (fo=3, routed)           0.808    15.489    Inst_CPU/Inst_BancoReg/ciclo_regs[15].R32_n.bank/registro[24].FF_D_use/RAM_reg_0_255_0_0_i_124
    SLICE_X11Y46         LUT6 (Prop_lut6_I2_O)        0.124    15.613 r  Inst_CPU/Inst_BancoReg/ciclo_regs[15].R32_n.bank/registro[24].FF_D_use/RAM_reg_0_255_0_0_i_74/O
                         net (fo=3, routed)           0.957    16.570    Inst_CPU/Inst_MemInstr/RAM_reg_0_255_0_0_i_76_0
    SLICE_X28Y49         LUT5 (Prop_lut5_I4_O)        0.124    16.694 r  Inst_CPU/Inst_MemInstr/RAM_reg_0_255_0_0_i_124/O
                         net (fo=2, routed)           0.463    17.157    Inst_CPU/Inst_MemInstr/RAM_reg_0_255_0_0_i_124_n_0
    SLICE_X32Y50         LUT6 (Prop_lut6_I0_O)        0.124    17.281 r  Inst_CPU/Inst_MemInstr/RAM_reg_0_255_0_0_i_78/O
                         net (fo=1, routed)           0.284    17.565    Inst_CPU/Inst_MemInstr/RAM_reg_0_255_0_0_i_78_n_0
    SLICE_X31Y50         LUT6 (Prop_lut6_I5_O)        0.124    17.689 r  Inst_CPU/Inst_MemInstr/RAM_reg_0_255_0_0_i_35/O
                         net (fo=12, routed)          2.297    19.987    Inst_CPU/Inst_MemInstr/RAM_reg_0_255_0_0_i_35_n_0
    SLICE_X47Y46         LUT5 (Prop_lut5_I2_O)        0.124    20.111 r  Inst_CPU/Inst_MemInstr/RAM_reg_0_255_7_7_i_7/O
                         net (fo=128, routed)         5.246    25.357    Inst_CPU/Inst_MemDatos/RAM_reg_256_511_31_31/A1
    SLICE_X14Y40         RAMS64E (Prop_rams64e_ADR1_O)
                                                      0.124    25.481 r  Inst_CPU/Inst_MemDatos/RAM_reg_256_511_31_31/RAMS64E_D/O
                         net (fo=1, routed)           0.000    25.481    Inst_CPU/Inst_MemDatos/RAM_reg_256_511_31_31/OD
    SLICE_X14Y40         MUXF7 (Prop_muxf7_I0_O)      0.241    25.722 r  Inst_CPU/Inst_MemDatos/RAM_reg_256_511_31_31/F7.B/O
                         net (fo=1, routed)           0.000    25.722    Inst_CPU/Inst_MemDatos/RAM_reg_256_511_31_31/O0
    SLICE_X14Y40         MUXF8 (Prop_muxf8_I0_O)      0.098    25.820 r  Inst_CPU/Inst_MemDatos/RAM_reg_256_511_31_31/F8/O
                         net (fo=1, routed)           1.091    26.911    Inst_CPU/Inst_MemDatos/RAM_reg_256_511_31_31_n_0
    SLICE_X28Y37         LUT6 (Prop_lut6_I3_O)        0.319    27.230 r  Inst_CPU/Inst_MemDatos/temp_i_9__11/O
                         net (fo=1, routed)           0.890    28.120    Inst_CPU/Inst_MemDatos/dataOut0[31]
    SLICE_X28Y37         LUT2 (Prop_lut2_I0_O)        0.124    28.244 r  Inst_CPU/Inst_MemDatos/temp_i_5__14/O
                         net (fo=4, routed)           1.355    29.600    Inst_CPU/Inst_MemDatos/temp_i_13_0
    SLICE_X47Y42         LUT6 (Prop_lut6_I0_O)        0.124    29.724 f  Inst_CPU/Inst_MemDatos/temp_i_4__13/O
                         net (fo=3, routed)           0.585    30.309    Inst_CPU/Inst_MemInstr/temp_reg_5
    SLICE_X47Y43         LUT5 (Prop_lut5_I1_O)        0.150    30.459 r  Inst_CPU/Inst_MemInstr/temp_i_7__24/O
                         net (fo=16, routed)          2.479    32.938    Inst_CPU/Inst_MUX4_Reg/temp_reg_0
    SLICE_X33Y52         LUT6 (Prop_lut6_I3_O)        0.326    33.264 r  Inst_CPU/Inst_MUX4_Reg/temp_i_2__0/O
                         net (fo=1, routed)           0.665    33.929    Inst_CPU/Inst_MUX4_Reg/temp_i_2__0_n_0
    SLICE_X33Y52         LUT5 (Prop_lut5_I0_O)        0.124    34.053 r  Inst_CPU/Inst_MUX4_Reg/temp_i_1__0/O
                         net (fo=16, routed)          2.528    36.581    Inst_CPU/Inst_BancoReg/ciclo_regs[1].R32_n.bank/registro[29].FF_D_use/D[0]
    SLICE_X3Y60          FDCE                                         r  Inst_CPU/Inst_BancoReg/ciclo_regs[1].R32_n.bank/registro[29].FF_D_use/temp_reg/D
  -------------------------------------------------------------------    -------------------

Slack:                    inf
  Source:                 sw15
                            (input port)
  Destination:            Inst_CPU/Inst_BancoReg/ciclo_regs[9].R32_n.bank/registro[29].FF_D_use/temp_reg/D
  Path Group:             (none)
  Path Type:              Max at Slow Process Corner
  Data Path Delay:        36.581ns  (logic 5.624ns (15.373%)  route 30.957ns (84.627%))
  Logic Levels:           26  (IBUF=1 LUT2=1 LUT3=2 LUT5=5 LUT6=11 MUXF7=2 MUXF8=2 RAMS64E=2)

    Location             Delay type                Incr(ns)  Path(ns)    Netlist Resource(s)
  -------------------------------------------------------------------    -------------------
    R2                                                0.000     0.000 r  sw15 (IN)
                         net (fo=0)                   0.000     0.000    sw15
    R2                   IBUF (Prop_ibuf_I_O)         1.456     1.456 r  sw15_IBUF_inst/O
                         net (fo=66, routed)          4.001     5.457    BOOTLOADER_use/leds_OBUF[8]
    SLICE_X7Y49          LUT3 (Prop_lut3_I2_O)        0.124     5.581 r  BOOTLOADER_use/RAM_reg_0_255_0_0_i_9__0/O
                         net (fo=512, routed)         1.491     7.072    Inst_CPU/Inst_MemInstr/RAM_reg_768_1023_3_3/A1
    SLICE_X8Y42          RAMS64E (Prop_rams64e_ADR1_O)
                                                      0.386     7.458 f  Inst_CPU/Inst_MemInstr/RAM_reg_768_1023_3_3/RAMS64E_C/O
                         net (fo=1, routed)           0.000     7.458    Inst_CPU/Inst_MemInstr/RAM_reg_768_1023_3_3/OC
    SLICE_X8Y42          MUXF7 (Prop_muxf7_I1_O)      0.247     7.705 f  Inst_CPU/Inst_MemInstr/RAM_reg_768_1023_3_3/F7.B/O
                         net (fo=1, routed)           0.000     7.705    Inst_CPU/Inst_MemInstr/RAM_reg_768_1023_3_3/O0
    SLICE_X8Y42          MUXF8 (Prop_muxf8_I0_O)      0.098     7.803 f  Inst_CPU/Inst_MemInstr/RAM_reg_768_1023_3_3/F8/O
                         net (fo=1, routed)           1.283     9.085    Inst_CPU/Inst_MemInstr/RAM_reg_768_1023_3_3_n_0
    SLICE_X11Y48         LUT6 (Prop_lut6_I0_O)        0.319     9.404 f  Inst_CPU/Inst_MemInstr/Rs1SumOffsetOut_carry_i_42/O
                         net (fo=14, routed)          0.900    10.305    Inst_CPU/Inst_MemInstr/s_Instruction[3]
    SLICE_X11Y53         LUT3 (Prop_lut3_I1_O)        0.124    10.429 r  Inst_CPU/Inst_MemInstr/temp_i_34/O
                         net (fo=1, routed)           0.469    10.898    Inst_CPU/Inst_MemInstr/temp_i_34_n_0
    SLICE_X11Y53         LUT6 (Prop_lut6_I5_O)        0.124    11.022 f  Inst_CPU/Inst_MemInstr/temp_i_16/O
                         net (fo=1, routed)           0.810    11.831    Inst_CPU/Inst_MemInstr/temp_i_16_n_0
    SLICE_X11Y51         LUT6 (Prop_lut6_I2_O)        0.124    11.955 f  Inst_CPU/Inst_MemInstr/temp_i_9/O
                         net (fo=20, routed)          0.997    12.952    Inst_CPU/Inst_MemInstr/s_ICode[3]
    SLICE_X11Y47         LUT5 (Prop_lut5_I0_O)        0.124    13.076 r  Inst_CPU/Inst_MemInstr/Res0_carry_i_18/O
                         net (fo=3, routed)           0.455    13.531    Inst_CPU/Inst_MemInstr_n_354
    SLICE_X11Y44         LUT6 (Prop_lut6_I4_O)        0.124    13.655 r  Inst_CPU/Res0_carry_i_11/O
                         net (fo=116, routed)         0.903    14.557    Inst_CPU/Inst_BancoReg/ciclo_regs[15].R32_n.bank/registro[28].FF_D_use/s_ALU_B[1]
    SLICE_X11Y47         LUT6 (Prop_lut6_I1_O)        0.124    14.681 r  Inst_CPU/Inst_BancoReg/ciclo_regs[15].R32_n.bank/registro[28].FF_D_use/RAM_reg_0_255_0_0_i_122/O
                         net (fo=3, routed)           0.808    15.489    Inst_CPU/Inst_BancoReg/ciclo_regs[15].R32_n.bank/registro[24].FF_D_use/RAM_reg_0_255_0_0_i_124
    SLICE_X11Y46         LUT6 (Prop_lut6_I2_O)        0.124    15.613 r  Inst_CPU/Inst_BancoReg/ciclo_regs[15].R32_n.bank/registro[24].FF_D_use/RAM_reg_0_255_0_0_i_74/O
                         net (fo=3, routed)           0.957    16.570    Inst_CPU/Inst_MemInstr/RAM_reg_0_255_0_0_i_76_0
    SLICE_X28Y49         LUT5 (Prop_lut5_I4_O)        0.124    16.694 r  Inst_CPU/Inst_MemInstr/RAM_reg_0_255_0_0_i_124/O
                         net (fo=2, routed)           0.463    17.157    Inst_CPU/Inst_MemInstr/RAM_reg_0_255_0_0_i_124_n_0
    SLICE_X32Y50         LUT6 (Prop_lut6_I0_O)        0.124    17.281 r  Inst_CPU/Inst_MemInstr/RAM_reg_0_255_0_0_i_78/O
                         net (fo=1, routed)           0.284    17.565    Inst_CPU/Inst_MemInstr/RAM_reg_0_255_0_0_i_78_n_0
    SLICE_X31Y50         LUT6 (Prop_lut6_I5_O)        0.124    17.689 r  Inst_CPU/Inst_MemInstr/RAM_reg_0_255_0_0_i_35/O
                         net (fo=12, routed)          2.297    19.987    Inst_CPU/Inst_MemInstr/RAM_reg_0_255_0_0_i_35_n_0
    SLICE_X47Y46         LUT5 (Prop_lut5_I2_O)        0.124    20.111 r  Inst_CPU/Inst_MemInstr/RAM_reg_0_255_7_7_i_7/O
                         net (fo=128, routed)         5.246    25.357    Inst_CPU/Inst_MemDatos/RAM_reg_256_511_31_31/A1
    SLICE_X14Y40         RAMS64E (Prop_rams64e_ADR1_O)
                                                      0.124    25.481 r  Inst_CPU/Inst_MemDatos/RAM_reg_256_511_31_31/RAMS64E_D/O
                         net (fo=1, routed)           0.000    25.481    Inst_CPU/Inst_MemDatos/RAM_reg_256_511_31_31/OD
    SLICE_X14Y40         MUXF7 (Prop_muxf7_I0_O)      0.241    25.722 r  Inst_CPU/Inst_MemDatos/RAM_reg_256_511_31_31/F7.B/O
                         net (fo=1, routed)           0.000    25.722    Inst_CPU/Inst_MemDatos/RAM_reg_256_511_31_31/O0
    SLICE_X14Y40         MUXF8 (Prop_muxf8_I0_O)      0.098    25.820 r  Inst_CPU/Inst_MemDatos/RAM_reg_256_511_31_31/F8/O
                         net (fo=1, routed)           1.091    26.911    Inst_CPU/Inst_MemDatos/RAM_reg_256_511_31_31_n_0
    SLICE_X28Y37         LUT6 (Prop_lut6_I3_O)        0.319    27.230 r  Inst_CPU/Inst_MemDatos/temp_i_9__11/O
                         net (fo=1, routed)           0.890    28.120    Inst_CPU/Inst_MemDatos/dataOut0[31]
    SLICE_X28Y37         LUT2 (Prop_lut2_I0_O)        0.124    28.244 r  Inst_CPU/Inst_MemDatos/temp_i_5__14/O
                         net (fo=4, routed)           1.355    29.600    Inst_CPU/Inst_MemDatos/temp_i_13_0
    SLICE_X47Y42         LUT6 (Prop_lut6_I0_O)        0.124    29.724 f  Inst_CPU/Inst_MemDatos/temp_i_4__13/O
                         net (fo=3, routed)           0.585    30.309    Inst_CPU/Inst_MemInstr/temp_reg_5
    SLICE_X47Y43         LUT5 (Prop_lut5_I1_O)        0.150    30.459 r  Inst_CPU/Inst_MemInstr/temp_i_7__24/O
                         net (fo=16, routed)          2.479    32.938    Inst_CPU/Inst_MUX4_Reg/temp_reg_0
    SLICE_X33Y52         LUT6 (Prop_lut6_I3_O)        0.326    33.264 r  Inst_CPU/Inst_MUX4_Reg/temp_i_2__0/O
                         net (fo=1, routed)           0.665    33.929    Inst_CPU/Inst_MUX4_Reg/temp_i_2__0_n_0
    SLICE_X33Y52         LUT5 (Prop_lut5_I0_O)        0.124    34.053 r  Inst_CPU/Inst_MUX4_Reg/temp_i_1__0/O
                         net (fo=16, routed)          2.528    36.581    Inst_CPU/Inst_BancoReg/ciclo_regs[9].R32_n.bank/registro[29].FF_D_use/D[0]
    SLICE_X2Y61          FDCE                                         r  Inst_CPU/Inst_BancoReg/ciclo_regs[9].R32_n.bank/registro[29].FF_D_use/temp_reg/D
  -------------------------------------------------------------------    -------------------

Slack:                    inf
  Source:                 sw15
                            (input port)
  Destination:            Inst_CPU/Inst_BancoReg/ciclo_regs[9].R32_n.bank/registro[14].FF_D_use/temp_reg/D
  Path Group:             (none)
  Path Type:              Max at Slow Process Corner
  Data Path Delay:        36.490ns  (logic 5.396ns (14.787%)  route 31.095ns (85.213%))
  Logic Levels:           26  (IBUF=1 LUT2=1 LUT3=3 LUT5=4 LUT6=11 MUXF7=2 MUXF8=2 RAMS64E=2)

    Location             Delay type                Incr(ns)  Path(ns)    Netlist Resource(s)
  -------------------------------------------------------------------    -------------------
    R2                                                0.000     0.000 r  sw15 (IN)
                         net (fo=0)                   0.000     0.000    sw15
    R2                   IBUF (Prop_ibuf_I_O)         1.456     1.456 r  sw15_IBUF_inst/O
                         net (fo=66, routed)          4.001     5.457    BOOTLOADER_use/leds_OBUF[8]
    SLICE_X7Y49          LUT3 (Prop_lut3_I2_O)        0.124     5.581 r  BOOTLOADER_use/RAM_reg_0_255_0_0_i_9__0/O
                         net (fo=512, routed)         1.491     7.072    Inst_CPU/Inst_MemInstr/RAM_reg_768_1023_3_3/A1
    SLICE_X8Y42          RAMS64E (Prop_rams64e_ADR1_O)
                                                      0.386     7.458 f  Inst_CPU/Inst_MemInstr/RAM_reg_768_1023_3_3/RAMS64E_C/O
                         net (fo=1, routed)           0.000     7.458    Inst_CPU/Inst_MemInstr/RAM_reg_768_1023_3_3/OC
    SLICE_X8Y42          MUXF7 (Prop_muxf7_I1_O)      0.247     7.705 f  Inst_CPU/Inst_MemInstr/RAM_reg_768_1023_3_3/F7.B/O
                         net (fo=1, routed)           0.000     7.705    Inst_CPU/Inst_MemInstr/RAM_reg_768_1023_3_3/O0
    SLICE_X8Y42          MUXF8 (Prop_muxf8_I0_O)      0.098     7.803 f  Inst_CPU/Inst_MemInstr/RAM_reg_768_1023_3_3/F8/O
                         net (fo=1, routed)           1.283     9.085    Inst_CPU/Inst_MemInstr/RAM_reg_768_1023_3_3_n_0
    SLICE_X11Y48         LUT6 (Prop_lut6_I0_O)        0.319     9.404 f  Inst_CPU/Inst_MemInstr/Rs1SumOffsetOut_carry_i_42/O
                         net (fo=14, routed)          0.900    10.305    Inst_CPU/Inst_MemInstr/s_Instruction[3]
    SLICE_X11Y53         LUT3 (Prop_lut3_I1_O)        0.124    10.429 r  Inst_CPU/Inst_MemInstr/temp_i_34/O
                         net (fo=1, routed)           0.469    10.898    Inst_CPU/Inst_MemInstr/temp_i_34_n_0
    SLICE_X11Y53         LUT6 (Prop_lut6_I5_O)        0.124    11.022 f  Inst_CPU/Inst_MemInstr/temp_i_16/O
                         net (fo=1, routed)           0.810    11.831    Inst_CPU/Inst_MemInstr/temp_i_16_n_0
    SLICE_X11Y51         LUT6 (Prop_lut6_I2_O)        0.124    11.955 f  Inst_CPU/Inst_MemInstr/temp_i_9/O
                         net (fo=20, routed)          0.997    12.952    Inst_CPU/Inst_MemInstr/s_ICode[3]
    SLICE_X11Y47         LUT5 (Prop_lut5_I0_O)        0.124    13.076 r  Inst_CPU/Inst_MemInstr/Res0_carry_i_18/O
                         net (fo=3, routed)           0.455    13.531    Inst_CPU/Inst_MemInstr_n_354
    SLICE_X11Y44         LUT6 (Prop_lut6_I4_O)        0.124    13.655 r  Inst_CPU/Res0_carry_i_11/O
                         net (fo=116, routed)         0.903    14.557    Inst_CPU/Inst_BancoReg/ciclo_regs[15].R32_n.bank/registro[28].FF_D_use/s_ALU_B[1]
    SLICE_X11Y47         LUT6 (Prop_lut6_I1_O)        0.124    14.681 r  Inst_CPU/Inst_BancoReg/ciclo_regs[15].R32_n.bank/registro[28].FF_D_use/RAM_reg_0_255_0_0_i_122/O
                         net (fo=3, routed)           0.808    15.489    Inst_CPU/Inst_BancoReg/ciclo_regs[15].R32_n.bank/registro[24].FF_D_use/RAM_reg_0_255_0_0_i_124
    SLICE_X11Y46         LUT6 (Prop_lut6_I2_O)        0.124    15.613 r  Inst_CPU/Inst_BancoReg/ciclo_regs[15].R32_n.bank/registro[24].FF_D_use/RAM_reg_0_255_0_0_i_74/O
                         net (fo=3, routed)           0.957    16.570    Inst_CPU/Inst_MemInstr/RAM_reg_0_255_0_0_i_76_0
    SLICE_X28Y49         LUT5 (Prop_lut5_I4_O)        0.124    16.694 r  Inst_CPU/Inst_MemInstr/RAM_reg_0_255_0_0_i_124/O
                         net (fo=2, routed)           0.463    17.157    Inst_CPU/Inst_MemInstr/RAM_reg_0_255_0_0_i_124_n_0
    SLICE_X32Y50         LUT6 (Prop_lut6_I0_O)        0.124    17.281 r  Inst_CPU/Inst_MemInstr/RAM_reg_0_255_0_0_i_78/O
                         net (fo=1, routed)           0.284    17.565    Inst_CPU/Inst_MemInstr/RAM_reg_0_255_0_0_i_78_n_0
    SLICE_X31Y50         LUT6 (Prop_lut6_I5_O)        0.124    17.689 r  Inst_CPU/Inst_MemInstr/RAM_reg_0_255_0_0_i_35/O
                         net (fo=12, routed)          2.297    19.987    Inst_CPU/Inst_MemInstr/RAM_reg_0_255_0_0_i_35_n_0
    SLICE_X47Y46         LUT5 (Prop_lut5_I2_O)        0.124    20.111 r  Inst_CPU/Inst_MemInstr/RAM_reg_0_255_7_7_i_7/O
                         net (fo=128, routed)         5.246    25.357    Inst_CPU/Inst_MemDatos/RAM_reg_256_511_31_31/A1
    SLICE_X14Y40         RAMS64E (Prop_rams64e_ADR1_O)
                                                      0.124    25.481 r  Inst_CPU/Inst_MemDatos/RAM_reg_256_511_31_31/RAMS64E_D/O
                         net (fo=1, routed)           0.000    25.481    Inst_CPU/Inst_MemDatos/RAM_reg_256_511_31_31/OD
    SLICE_X14Y40         MUXF7 (Prop_muxf7_I0_O)      0.241    25.722 r  Inst_CPU/Inst_MemDatos/RAM_reg_256_511_31_31/F7.B/O
                         net (fo=1, routed)           0.000    25.722    Inst_CPU/Inst_MemDatos/RAM_reg_256_511_31_31/O0
    SLICE_X14Y40         MUXF8 (Prop_muxf8_I0_O)      0.098    25.820 r  Inst_CPU/Inst_MemDatos/RAM_reg_256_511_31_31/F8/O
                         net (fo=1, routed)           1.091    26.911    Inst_CPU/Inst_MemDatos/RAM_reg_256_511_31_31_n_0
    SLICE_X28Y37         LUT6 (Prop_lut6_I3_O)        0.319    27.230 r  Inst_CPU/Inst_MemDatos/temp_i_9__11/O
                         net (fo=1, routed)           0.890    28.120    Inst_CPU/Inst_MemDatos/dataOut0[31]
    SLICE_X28Y37         LUT2 (Prop_lut2_I0_O)        0.124    28.244 r  Inst_CPU/Inst_MemDatos/temp_i_5__14/O
                         net (fo=4, routed)           1.355    29.600    Inst_CPU/Inst_MemDatos/temp_i_13_0
    SLICE_X47Y42         LUT6 (Prop_lut6_I0_O)        0.124    29.724 f  Inst_CPU/Inst_MemDatos/temp_i_4__13/O
                         net (fo=3, routed)           0.585    30.309    Inst_CPU/Inst_MemInstr/temp_reg_5
    SLICE_X47Y43         LUT3 (Prop_lut3_I1_O)        0.124    30.433 f  Inst_CPU/Inst_MemInstr/temp_i_6__29/O
                         net (fo=8, routed)           0.451    30.883    Inst_CPU/Inst_MemInstr/temp_i_6__29_n_0
    SLICE_X45Y42         LUT6 (Prop_lut6_I5_O)        0.124    31.007 r  Inst_CPU/Inst_MemInstr/temp_i_2__12/O
                         net (fo=1, routed)           1.145    32.152    Inst_CPU/Inst_MUX4_Reg/s_LoadData[14]
    SLICE_X40Y51         LUT5 (Prop_lut5_I0_O)        0.124    32.276 r  Inst_CPU/Inst_MUX4_Reg/temp_i_1__28/O
                         net (fo=16, routed)          4.214    36.490    Inst_CPU/Inst_BancoReg/ciclo_regs[9].R32_n.bank/registro[14].FF_D_use/D[0]
    SLICE_X5Y59          FDCE                                         r  Inst_CPU/Inst_BancoReg/ciclo_regs[9].R32_n.bank/registro[14].FF_D_use/temp_reg/D
  -------------------------------------------------------------------    -------------------

Slack:                    inf
  Source:                 sw15
                            (input port)
  Destination:            Inst_CPU/Inst_BancoReg/ciclo_regs[1].R32_n.bank/registro[21].FF_D_use/temp_reg/D
  Path Group:             (none)
  Path Type:              Max at Slow Process Corner
  Data Path Delay:        36.415ns  (logic 5.624ns (15.443%)  route 30.792ns (84.557%))
  Logic Levels:           26  (IBUF=1 LUT2=1 LUT3=2 LUT5=5 LUT6=11 MUXF7=2 MUXF8=2 RAMS64E=2)

    Location             Delay type                Incr(ns)  Path(ns)    Netlist Resource(s)
  -------------------------------------------------------------------    -------------------
    R2                                                0.000     0.000 r  sw15 (IN)
                         net (fo=0)                   0.000     0.000    sw15
    R2                   IBUF (Prop_ibuf_I_O)         1.456     1.456 r  sw15_IBUF_inst/O
                         net (fo=66, routed)          4.001     5.457    BOOTLOADER_use/leds_OBUF[8]
    SLICE_X7Y49          LUT3 (Prop_lut3_I2_O)        0.124     5.581 r  BOOTLOADER_use/RAM_reg_0_255_0_0_i_9__0/O
                         net (fo=512, routed)         1.491     7.072    Inst_CPU/Inst_MemInstr/RAM_reg_768_1023_3_3/A1
    SLICE_X8Y42          RAMS64E (Prop_rams64e_ADR1_O)
                                                      0.386     7.458 f  Inst_CPU/Inst_MemInstr/RAM_reg_768_1023_3_3/RAMS64E_C/O
                         net (fo=1, routed)           0.000     7.458    Inst_CPU/Inst_MemInstr/RAM_reg_768_1023_3_3/OC
    SLICE_X8Y42          MUXF7 (Prop_muxf7_I1_O)      0.247     7.705 f  Inst_CPU/Inst_MemInstr/RAM_reg_768_1023_3_3/F7.B/O
                         net (fo=1, routed)           0.000     7.705    Inst_CPU/Inst_MemInstr/RAM_reg_768_1023_3_3/O0
    SLICE_X8Y42          MUXF8 (Prop_muxf8_I0_O)      0.098     7.803 f  Inst_CPU/Inst_MemInstr/RAM_reg_768_1023_3_3/F8/O
                         net (fo=1, routed)           1.283     9.085    Inst_CPU/Inst_MemInstr/RAM_reg_768_1023_3_3_n_0
    SLICE_X11Y48         LUT6 (Prop_lut6_I0_O)        0.319     9.404 f  Inst_CPU/Inst_MemInstr/Rs1SumOffsetOut_carry_i_42/O
                         net (fo=14, routed)          0.900    10.305    Inst_CPU/Inst_MemInstr/s_Instruction[3]
    SLICE_X11Y53         LUT3 (Prop_lut3_I1_O)        0.124    10.429 r  Inst_CPU/Inst_MemInstr/temp_i_34/O
                         net (fo=1, routed)           0.469    10.898    Inst_CPU/Inst_MemInstr/temp_i_34_n_0
    SLICE_X11Y53         LUT6 (Prop_lut6_I5_O)        0.124    11.022 f  Inst_CPU/Inst_MemInstr/temp_i_16/O
                         net (fo=1, routed)           0.810    11.831    Inst_CPU/Inst_MemInstr/temp_i_16_n_0
    SLICE_X11Y51         LUT6 (Prop_lut6_I2_O)        0.124    11.955 f  Inst_CPU/Inst_MemInstr/temp_i_9/O
                         net (fo=20, routed)          0.997    12.952    Inst_CPU/Inst_MemInstr/s_ICode[3]
    SLICE_X11Y47         LUT5 (Prop_lut5_I0_O)        0.124    13.076 r  Inst_CPU/Inst_MemInstr/Res0_carry_i_18/O
                         net (fo=3, routed)           0.455    13.531    Inst_CPU/Inst_MemInstr_n_354
    SLICE_X11Y44         LUT6 (Prop_lut6_I4_O)        0.124    13.655 r  Inst_CPU/Res0_carry_i_11/O
                         net (fo=116, routed)         0.903    14.557    Inst_CPU/Inst_BancoReg/ciclo_regs[15].R32_n.bank/registro[28].FF_D_use/s_ALU_B[1]
    SLICE_X11Y47         LUT6 (Prop_lut6_I1_O)        0.124    14.681 r  Inst_CPU/Inst_BancoReg/ciclo_regs[15].R32_n.bank/registro[28].FF_D_use/RAM_reg_0_255_0_0_i_122/O
                         net (fo=3, routed)           0.808    15.489    Inst_CPU/Inst_BancoReg/ciclo_regs[15].R32_n.bank/registro[24].FF_D_use/RAM_reg_0_255_0_0_i_124
    SLICE_X11Y46         LUT6 (Prop_lut6_I2_O)        0.124    15.613 r  Inst_CPU/Inst_BancoReg/ciclo_regs[15].R32_n.bank/registro[24].FF_D_use/RAM_reg_0_255_0_0_i_74/O
                         net (fo=3, routed)           0.957    16.570    Inst_CPU/Inst_MemInstr/RAM_reg_0_255_0_0_i_76_0
    SLICE_X28Y49         LUT5 (Prop_lut5_I4_O)        0.124    16.694 r  Inst_CPU/Inst_MemInstr/RAM_reg_0_255_0_0_i_124/O
                         net (fo=2, routed)           0.463    17.157    Inst_CPU/Inst_MemInstr/RAM_reg_0_255_0_0_i_124_n_0
    SLICE_X32Y50         LUT6 (Prop_lut6_I0_O)        0.124    17.281 r  Inst_CPU/Inst_MemInstr/RAM_reg_0_255_0_0_i_78/O
                         net (fo=1, routed)           0.284    17.565    Inst_CPU/Inst_MemInstr/RAM_reg_0_255_0_0_i_78_n_0
    SLICE_X31Y50         LUT6 (Prop_lut6_I5_O)        0.124    17.689 r  Inst_CPU/Inst_MemInstr/RAM_reg_0_255_0_0_i_35/O
                         net (fo=12, routed)          2.297    19.987    Inst_CPU/Inst_MemInstr/RAM_reg_0_255_0_0_i_35_n_0
    SLICE_X47Y46         LUT5 (Prop_lut5_I2_O)        0.124    20.111 r  Inst_CPU/Inst_MemInstr/RAM_reg_0_255_7_7_i_7/O
                         net (fo=128, routed)         5.246    25.357    Inst_CPU/Inst_MemDatos/RAM_reg_256_511_31_31/A1
    SLICE_X14Y40         RAMS64E (Prop_rams64e_ADR1_O)
                                                      0.124    25.481 r  Inst_CPU/Inst_MemDatos/RAM_reg_256_511_31_31/RAMS64E_D/O
                         net (fo=1, routed)           0.000    25.481    Inst_CPU/Inst_MemDatos/RAM_reg_256_511_31_31/OD
    SLICE_X14Y40         MUXF7 (Prop_muxf7_I0_O)      0.241    25.722 r  Inst_CPU/Inst_MemDatos/RAM_reg_256_511_31_31/F7.B/O
                         net (fo=1, routed)           0.000    25.722    Inst_CPU/Inst_MemDatos/RAM_reg_256_511_31_31/O0
    SLICE_X14Y40         MUXF8 (Prop_muxf8_I0_O)      0.098    25.820 r  Inst_CPU/Inst_MemDatos/RAM_reg_256_511_31_31/F8/O
                         net (fo=1, routed)           1.091    26.911    Inst_CPU/Inst_MemDatos/RAM_reg_256_511_31_31_n_0
    SLICE_X28Y37         LUT6 (Prop_lut6_I3_O)        0.319    27.230 r  Inst_CPU/Inst_MemDatos/temp_i_9__11/O
                         net (fo=1, routed)           0.890    28.120    Inst_CPU/Inst_MemDatos/dataOut0[31]
    SLICE_X28Y37         LUT2 (Prop_lut2_I0_O)        0.124    28.244 r  Inst_CPU/Inst_MemDatos/temp_i_5__14/O
                         net (fo=4, routed)           1.355    29.600    Inst_CPU/Inst_MemDatos/temp_i_13_0
    SLICE_X47Y42         LUT6 (Prop_lut6_I0_O)        0.124    29.724 f  Inst_CPU/Inst_MemDatos/temp_i_4__13/O
                         net (fo=3, routed)           0.585    30.309    Inst_CPU/Inst_MemInstr/temp_reg_5
    SLICE_X47Y43         LUT5 (Prop_lut5_I1_O)        0.150    30.459 r  Inst_CPU/Inst_MemInstr/temp_i_7__24/O
                         net (fo=16, routed)          1.166    31.625    Inst_CPU/Inst_MUX4_Reg/temp_reg_0
    SLICE_X41Y49         LUT6 (Prop_lut6_I3_O)        0.326    31.951 r  Inst_CPU/Inst_MUX4_Reg/temp_i_2__8/O
                         net (fo=1, routed)           0.870    32.821    Inst_CPU/Inst_MUX4_Reg/temp_i_2__8_n_0
    SLICE_X40Y49         LUT5 (Prop_lut5_I0_O)        0.124    32.945 r  Inst_CPU/Inst_MUX4_Reg/temp_i_1__8/O
                         net (fo=16, routed)          3.470    36.415    Inst_CPU/Inst_BancoReg/ciclo_regs[1].R32_n.bank/registro[21].FF_D_use/D[0]
    SLICE_X5Y58          FDCE                                         r  Inst_CPU/Inst_BancoReg/ciclo_regs[1].R32_n.bank/registro[21].FF_D_use/temp_reg/D
  -------------------------------------------------------------------    -------------------

Slack:                    inf
  Source:                 sw15
                            (input port)
  Destination:            Inst_CPU/Inst_BancoReg/ciclo_regs[12].R32_n.bank/registro[29].FF_D_use/temp_reg/D
  Path Group:             (none)
  Path Type:              Max at Slow Process Corner
  Data Path Delay:        36.410ns  (logic 5.624ns (15.445%)  route 30.787ns (84.555%))
  Logic Levels:           26  (IBUF=1 LUT2=1 LUT3=2 LUT5=5 LUT6=11 MUXF7=2 MUXF8=2 RAMS64E=2)

    Location             Delay type                Incr(ns)  Path(ns)    Netlist Resource(s)
  -------------------------------------------------------------------    -------------------
    R2                                                0.000     0.000 r  sw15 (IN)
                         net (fo=0)                   0.000     0.000    sw15
    R2                   IBUF (Prop_ibuf_I_O)         1.456     1.456 r  sw15_IBUF_inst/O
                         net (fo=66, routed)          4.001     5.457    BOOTLOADER_use/leds_OBUF[8]
    SLICE_X7Y49          LUT3 (Prop_lut3_I2_O)        0.124     5.581 r  BOOTLOADER_use/RAM_reg_0_255_0_0_i_9__0/O
                         net (fo=512, routed)         1.491     7.072    Inst_CPU/Inst_MemInstr/RAM_reg_768_1023_3_3/A1
    SLICE_X8Y42          RAMS64E (Prop_rams64e_ADR1_O)
                                                      0.386     7.458 f  Inst_CPU/Inst_MemInstr/RAM_reg_768_1023_3_3/RAMS64E_C/O
                         net (fo=1, routed)           0.000     7.458    Inst_CPU/Inst_MemInstr/RAM_reg_768_1023_3_3/OC
    SLICE_X8Y42          MUXF7 (Prop_muxf7_I1_O)      0.247     7.705 f  Inst_CPU/Inst_MemInstr/RAM_reg_768_1023_3_3/F7.B/O
                         net (fo=1, routed)           0.000     7.705    Inst_CPU/Inst_MemInstr/RAM_reg_768_1023_3_3/O0
    SLICE_X8Y42          MUXF8 (Prop_muxf8_I0_O)      0.098     7.803 f  Inst_CPU/Inst_MemInstr/RAM_reg_768_1023_3_3/F8/O
                         net (fo=1, routed)           1.283     9.085    Inst_CPU/Inst_MemInstr/RAM_reg_768_1023_3_3_n_0
    SLICE_X11Y48         LUT6 (Prop_lut6_I0_O)        0.319     9.404 f  Inst_CPU/Inst_MemInstr/Rs1SumOffsetOut_carry_i_42/O
                         net (fo=14, routed)          0.900    10.305    Inst_CPU/Inst_MemInstr/s_Instruction[3]
    SLICE_X11Y53         LUT3 (Prop_lut3_I1_O)        0.124    10.429 r  Inst_CPU/Inst_MemInstr/temp_i_34/O
                         net (fo=1, routed)           0.469    10.898    Inst_CPU/Inst_MemInstr/temp_i_34_n_0
    SLICE_X11Y53         LUT6 (Prop_lut6_I5_O)        0.124    11.022 f  Inst_CPU/Inst_MemInstr/temp_i_16/O
                         net (fo=1, routed)           0.810    11.831    Inst_CPU/Inst_MemInstr/temp_i_16_n_0
    SLICE_X11Y51         LUT6 (Prop_lut6_I2_O)        0.124    11.955 f  Inst_CPU/Inst_MemInstr/temp_i_9/O
                         net (fo=20, routed)          0.997    12.952    Inst_CPU/Inst_MemInstr/s_ICode[3]
    SLICE_X11Y47         LUT5 (Prop_lut5_I0_O)        0.124    13.076 r  Inst_CPU/Inst_MemInstr/Res0_carry_i_18/O
                         net (fo=3, routed)           0.455    13.531    Inst_CPU/Inst_MemInstr_n_354
    SLICE_X11Y44         LUT6 (Prop_lut6_I4_O)        0.124    13.655 r  Inst_CPU/Res0_carry_i_11/O
                         net (fo=116, routed)         0.903    14.557    Inst_CPU/Inst_BancoReg/ciclo_regs[15].R32_n.bank/registro[28].FF_D_use/s_ALU_B[1]
    SLICE_X11Y47         LUT6 (Prop_lut6_I1_O)        0.124    14.681 r  Inst_CPU/Inst_BancoReg/ciclo_regs[15].R32_n.bank/registro[28].FF_D_use/RAM_reg_0_255_0_0_i_122/O
                         net (fo=3, routed)           0.808    15.489    Inst_CPU/Inst_BancoReg/ciclo_regs[15].R32_n.bank/registro[24].FF_D_use/RAM_reg_0_255_0_0_i_124
    SLICE_X11Y46         LUT6 (Prop_lut6_I2_O)        0.124    15.613 r  Inst_CPU/Inst_BancoReg/ciclo_regs[15].R32_n.bank/registro[24].FF_D_use/RAM_reg_0_255_0_0_i_74/O
                         net (fo=3, routed)           0.957    16.570    Inst_CPU/Inst_MemInstr/RAM_reg_0_255_0_0_i_76_0
    SLICE_X28Y49         LUT5 (Prop_lut5_I4_O)        0.124    16.694 r  Inst_CPU/Inst_MemInstr/RAM_reg_0_255_0_0_i_124/O
                         net (fo=2, routed)           0.463    17.157    Inst_CPU/Inst_MemInstr/RAM_reg_0_255_0_0_i_124_n_0
    SLICE_X32Y50         LUT6 (Prop_lut6_I0_O)        0.124    17.281 r  Inst_CPU/Inst_MemInstr/RAM_reg_0_255_0_0_i_78/O
                         net (fo=1, routed)           0.284    17.565    Inst_CPU/Inst_MemInstr/RAM_reg_0_255_0_0_i_78_n_0
    SLICE_X31Y50         LUT6 (Prop_lut6_I5_O)        0.124    17.689 r  Inst_CPU/Inst_MemInstr/RAM_reg_0_255_0_0_i_35/O
                         net (fo=12, routed)          2.297    19.987    Inst_CPU/Inst_MemInstr/RAM_reg_0_255_0_0_i_35_n_0
    SLICE_X47Y46         LUT5 (Prop_lut5_I2_O)        0.124    20.111 r  Inst_CPU/Inst_MemInstr/RAM_reg_0_255_7_7_i_7/O
                         net (fo=128, routed)         5.246    25.357    Inst_CPU/Inst_MemDatos/RAM_reg_256_511_31_31/A1
    SLICE_X14Y40         RAMS64E (Prop_rams64e_ADR1_O)
                                                      0.124    25.481 r  Inst_CPU/Inst_MemDatos/RAM_reg_256_511_31_31/RAMS64E_D/O
                         net (fo=1, routed)           0.000    25.481    Inst_CPU/Inst_MemDatos/RAM_reg_256_511_31_31/OD
    SLICE_X14Y40         MUXF7 (Prop_muxf7_I0_O)      0.241    25.722 r  Inst_CPU/Inst_MemDatos/RAM_reg_256_511_31_31/F7.B/O
                         net (fo=1, routed)           0.000    25.722    Inst_CPU/Inst_MemDatos/RAM_reg_256_511_31_31/O0
    SLICE_X14Y40         MUXF8 (Prop_muxf8_I0_O)      0.098    25.820 r  Inst_CPU/Inst_MemDatos/RAM_reg_256_511_31_31/F8/O
                         net (fo=1, routed)           1.091    26.911    Inst_CPU/Inst_MemDatos/RAM_reg_256_511_31_31_n_0
    SLICE_X28Y37         LUT6 (Prop_lut6_I3_O)        0.319    27.230 r  Inst_CPU/Inst_MemDatos/temp_i_9__11/O
                         net (fo=1, routed)           0.890    28.120    Inst_CPU/Inst_MemDatos/dataOut0[31]
    SLICE_X28Y37         LUT2 (Prop_lut2_I0_O)        0.124    28.244 r  Inst_CPU/Inst_MemDatos/temp_i_5__14/O
                         net (fo=4, routed)           1.355    29.600    Inst_CPU/Inst_MemDatos/temp_i_13_0
    SLICE_X47Y42         LUT6 (Prop_lut6_I0_O)        0.124    29.724 f  Inst_CPU/Inst_MemDatos/temp_i_4__13/O
                         net (fo=3, routed)           0.585    30.309    Inst_CPU/Inst_MemInstr/temp_reg_5
    SLICE_X47Y43         LUT5 (Prop_lut5_I1_O)        0.150    30.459 r  Inst_CPU/Inst_MemInstr/temp_i_7__24/O
                         net (fo=16, routed)          2.479    32.938    Inst_CPU/Inst_MUX4_Reg/temp_reg_0
    SLICE_X33Y52         LUT6 (Prop_lut6_I3_O)        0.326    33.264 r  Inst_CPU/Inst_MUX4_Reg/temp_i_2__0/O
                         net (fo=1, routed)           0.665    33.929    Inst_CPU/Inst_MUX4_Reg/temp_i_2__0_n_0
    SLICE_X33Y52         LUT5 (Prop_lut5_I0_O)        0.124    34.053 r  Inst_CPU/Inst_MUX4_Reg/temp_i_1__0/O
                         net (fo=16, routed)          2.357    36.410    Inst_CPU/Inst_BancoReg/ciclo_regs[12].R32_n.bank/registro[29].FF_D_use/D[0]
    SLICE_X0Y59          FDCE                                         r  Inst_CPU/Inst_BancoReg/ciclo_regs[12].R32_n.bank/registro[29].FF_D_use/temp_reg/D
  -------------------------------------------------------------------    -------------------

Slack:                    inf
  Source:                 sw15
                            (input port)
  Destination:            Inst_CPU/Inst_BancoReg/ciclo_regs[5].R32_n.bank/registro[23].FF_D_use/temp_reg/D
  Path Group:             (none)
  Path Type:              Max at Slow Process Corner
  Data Path Delay:        36.381ns  (logic 5.624ns (15.458%)  route 30.757ns (84.542%))
  Logic Levels:           26  (IBUF=1 LUT2=1 LUT3=2 LUT5=5 LUT6=11 MUXF7=2 MUXF8=2 RAMS64E=2)

    Location             Delay type                Incr(ns)  Path(ns)    Netlist Resource(s)
  -------------------------------------------------------------------    -------------------
    R2                                                0.000     0.000 r  sw15 (IN)
                         net (fo=0)                   0.000     0.000    sw15
    R2                   IBUF (Prop_ibuf_I_O)         1.456     1.456 r  sw15_IBUF_inst/O
                         net (fo=66, routed)          4.001     5.457    BOOTLOADER_use/leds_OBUF[8]
    SLICE_X7Y49          LUT3 (Prop_lut3_I2_O)        0.124     5.581 r  BOOTLOADER_use/RAM_reg_0_255_0_0_i_9__0/O
                         net (fo=512, routed)         1.491     7.072    Inst_CPU/Inst_MemInstr/RAM_reg_768_1023_3_3/A1
    SLICE_X8Y42          RAMS64E (Prop_rams64e_ADR1_O)
                                                      0.386     7.458 f  Inst_CPU/Inst_MemInstr/RAM_reg_768_1023_3_3/RAMS64E_C/O
                         net (fo=1, routed)           0.000     7.458    Inst_CPU/Inst_MemInstr/RAM_reg_768_1023_3_3/OC
    SLICE_X8Y42          MUXF7 (Prop_muxf7_I1_O)      0.247     7.705 f  Inst_CPU/Inst_MemInstr/RAM_reg_768_1023_3_3/F7.B/O
                         net (fo=1, routed)           0.000     7.705    Inst_CPU/Inst_MemInstr/RAM_reg_768_1023_3_3/O0
    SLICE_X8Y42          MUXF8 (Prop_muxf8_I0_O)      0.098     7.803 f  Inst_CPU/Inst_MemInstr/RAM_reg_768_1023_3_3/F8/O
                         net (fo=1, routed)           1.283     9.085    Inst_CPU/Inst_MemInstr/RAM_reg_768_1023_3_3_n_0
    SLICE_X11Y48         LUT6 (Prop_lut6_I0_O)        0.319     9.404 f  Inst_CPU/Inst_MemInstr/Rs1SumOffsetOut_carry_i_42/O
                         net (fo=14, routed)          0.900    10.305    Inst_CPU/Inst_MemInstr/s_Instruction[3]
    SLICE_X11Y53         LUT3 (Prop_lut3_I1_O)        0.124    10.429 r  Inst_CPU/Inst_MemInstr/temp_i_34/O
                         net (fo=1, routed)           0.469    10.898    Inst_CPU/Inst_MemInstr/temp_i_34_n_0
    SLICE_X11Y53         LUT6 (Prop_lut6_I5_O)        0.124    11.022 f  Inst_CPU/Inst_MemInstr/temp_i_16/O
                         net (fo=1, routed)           0.810    11.831    Inst_CPU/Inst_MemInstr/temp_i_16_n_0
    SLICE_X11Y51         LUT6 (Prop_lut6_I2_O)        0.124    11.955 f  Inst_CPU/Inst_MemInstr/temp_i_9/O
                         net (fo=20, routed)          0.997    12.952    Inst_CPU/Inst_MemInstr/s_ICode[3]
    SLICE_X11Y47         LUT5 (Prop_lut5_I0_O)        0.124    13.076 r  Inst_CPU/Inst_MemInstr/Res0_carry_i_18/O
                         net (fo=3, routed)           0.455    13.531    Inst_CPU/Inst_MemInstr_n_354
    SLICE_X11Y44         LUT6 (Prop_lut6_I4_O)        0.124    13.655 r  Inst_CPU/Res0_carry_i_11/O
                         net (fo=116, routed)         0.903    14.557    Inst_CPU/Inst_BancoReg/ciclo_regs[15].R32_n.bank/registro[28].FF_D_use/s_ALU_B[1]
    SLICE_X11Y47         LUT6 (Prop_lut6_I1_O)        0.124    14.681 r  Inst_CPU/Inst_BancoReg/ciclo_regs[15].R32_n.bank/registro[28].FF_D_use/RAM_reg_0_255_0_0_i_122/O
                         net (fo=3, routed)           0.808    15.489    Inst_CPU/Inst_BancoReg/ciclo_regs[15].R32_n.bank/registro[24].FF_D_use/RAM_reg_0_255_0_0_i_124
    SLICE_X11Y46         LUT6 (Prop_lut6_I2_O)        0.124    15.613 r  Inst_CPU/Inst_BancoReg/ciclo_regs[15].R32_n.bank/registro[24].FF_D_use/RAM_reg_0_255_0_0_i_74/O
                         net (fo=3, routed)           0.957    16.570    Inst_CPU/Inst_MemInstr/RAM_reg_0_255_0_0_i_76_0
    SLICE_X28Y49         LUT5 (Prop_lut5_I4_O)        0.124    16.694 r  Inst_CPU/Inst_MemInstr/RAM_reg_0_255_0_0_i_124/O
                         net (fo=2, routed)           0.463    17.157    Inst_CPU/Inst_MemInstr/RAM_reg_0_255_0_0_i_124_n_0
    SLICE_X32Y50         LUT6 (Prop_lut6_I0_O)        0.124    17.281 r  Inst_CPU/Inst_MemInstr/RAM_reg_0_255_0_0_i_78/O
                         net (fo=1, routed)           0.284    17.565    Inst_CPU/Inst_MemInstr/RAM_reg_0_255_0_0_i_78_n_0
    SLICE_X31Y50         LUT6 (Prop_lut6_I5_O)        0.124    17.689 r  Inst_CPU/Inst_MemInstr/RAM_reg_0_255_0_0_i_35/O
                         net (fo=12, routed)          2.297    19.987    Inst_CPU/Inst_MemInstr/RAM_reg_0_255_0_0_i_35_n_0
    SLICE_X47Y46         LUT5 (Prop_lut5_I2_O)        0.124    20.111 r  Inst_CPU/Inst_MemInstr/RAM_reg_0_255_7_7_i_7/O
                         net (fo=128, routed)         5.246    25.357    Inst_CPU/Inst_MemDatos/RAM_reg_256_511_31_31/A1
    SLICE_X14Y40         RAMS64E (Prop_rams64e_ADR1_O)
                                                      0.124    25.481 r  Inst_CPU/Inst_MemDatos/RAM_reg_256_511_31_31/RAMS64E_D/O
                         net (fo=1, routed)           0.000    25.481    Inst_CPU/Inst_MemDatos/RAM_reg_256_511_31_31/OD
    SLICE_X14Y40         MUXF7 (Prop_muxf7_I0_O)      0.241    25.722 r  Inst_CPU/Inst_MemDatos/RAM_reg_256_511_31_31/F7.B/O
                         net (fo=1, routed)           0.000    25.722    Inst_CPU/Inst_MemDatos/RAM_reg_256_511_31_31/O0
    SLICE_X14Y40         MUXF8 (Prop_muxf8_I0_O)      0.098    25.820 r  Inst_CPU/Inst_MemDatos/RAM_reg_256_511_31_31/F8/O
                         net (fo=1, routed)           1.091    26.911    Inst_CPU/Inst_MemDatos/RAM_reg_256_511_31_31_n_0
    SLICE_X28Y37         LUT6 (Prop_lut6_I3_O)        0.319    27.230 r  Inst_CPU/Inst_MemDatos/temp_i_9__11/O
                         net (fo=1, routed)           0.890    28.120    Inst_CPU/Inst_MemDatos/dataOut0[31]
    SLICE_X28Y37         LUT2 (Prop_lut2_I0_O)        0.124    28.244 r  Inst_CPU/Inst_MemDatos/temp_i_5__14/O
                         net (fo=4, routed)           1.355    29.600    Inst_CPU/Inst_MemDatos/temp_i_13_0
    SLICE_X47Y42         LUT6 (Prop_lut6_I0_O)        0.124    29.724 f  Inst_CPU/Inst_MemDatos/temp_i_4__13/O
                         net (fo=3, routed)           0.585    30.309    Inst_CPU/Inst_MemInstr/temp_reg_5
    SLICE_X47Y43         LUT5 (Prop_lut5_I1_O)        0.150    30.459 r  Inst_CPU/Inst_MemInstr/temp_i_7__24/O
                         net (fo=16, routed)          2.472    32.931    Inst_CPU/Inst_MUX4_Reg/temp_reg_0
    SLICE_X32Y52         LUT6 (Prop_lut6_I3_O)        0.326    33.257 r  Inst_CPU/Inst_MUX4_Reg/temp_i_2__6/O
                         net (fo=1, routed)           0.856    34.113    Inst_CPU/Inst_MUX4_Reg/temp_i_2__6_n_0
    SLICE_X35Y52         LUT5 (Prop_lut5_I0_O)        0.124    34.237 r  Inst_CPU/Inst_MUX4_Reg/temp_i_1__6/O
                         net (fo=16, routed)          2.144    36.381    Inst_CPU/Inst_BancoReg/ciclo_regs[5].R32_n.bank/registro[23].FF_D_use/D[0]
    SLICE_X7Y57          FDCE                                         r  Inst_CPU/Inst_BancoReg/ciclo_regs[5].R32_n.bank/registro[23].FF_D_use/temp_reg/D
  -------------------------------------------------------------------    -------------------

Slack:                    inf
  Source:                 sw15
                            (input port)
  Destination:            Inst_CPU/Inst_BancoReg/ciclo_regs[5].R32_n.bank/registro[29].FF_D_use/temp_reg/D
  Path Group:             (none)
  Path Type:              Max at Slow Process Corner
  Data Path Delay:        36.381ns  (logic 5.624ns (15.458%)  route 30.757ns (84.542%))
  Logic Levels:           26  (IBUF=1 LUT2=1 LUT3=2 LUT5=5 LUT6=11 MUXF7=2 MUXF8=2 RAMS64E=2)

    Location             Delay type                Incr(ns)  Path(ns)    Netlist Resource(s)
  -------------------------------------------------------------------    -------------------
    R2                                                0.000     0.000 r  sw15 (IN)
                         net (fo=0)                   0.000     0.000    sw15
    R2                   IBUF (Prop_ibuf_I_O)         1.456     1.456 r  sw15_IBUF_inst/O
                         net (fo=66, routed)          4.001     5.457    BOOTLOADER_use/leds_OBUF[8]
    SLICE_X7Y49          LUT3 (Prop_lut3_I2_O)        0.124     5.581 r  BOOTLOADER_use/RAM_reg_0_255_0_0_i_9__0/O
                         net (fo=512, routed)         1.491     7.072    Inst_CPU/Inst_MemInstr/RAM_reg_768_1023_3_3/A1
    SLICE_X8Y42          RAMS64E (Prop_rams64e_ADR1_O)
                                                      0.386     7.458 f  Inst_CPU/Inst_MemInstr/RAM_reg_768_1023_3_3/RAMS64E_C/O
                         net (fo=1, routed)           0.000     7.458    Inst_CPU/Inst_MemInstr/RAM_reg_768_1023_3_3/OC
    SLICE_X8Y42          MUXF7 (Prop_muxf7_I1_O)      0.247     7.705 f  Inst_CPU/Inst_MemInstr/RAM_reg_768_1023_3_3/F7.B/O
                         net (fo=1, routed)           0.000     7.705    Inst_CPU/Inst_MemInstr/RAM_reg_768_1023_3_3/O0
    SLICE_X8Y42          MUXF8 (Prop_muxf8_I0_O)      0.098     7.803 f  Inst_CPU/Inst_MemInstr/RAM_reg_768_1023_3_3/F8/O
                         net (fo=1, routed)           1.283     9.085    Inst_CPU/Inst_MemInstr/RAM_reg_768_1023_3_3_n_0
    SLICE_X11Y48         LUT6 (Prop_lut6_I0_O)        0.319     9.404 f  Inst_CPU/Inst_MemInstr/Rs1SumOffsetOut_carry_i_42/O
                         net (fo=14, routed)          0.900    10.305    Inst_CPU/Inst_MemInstr/s_Instruction[3]
    SLICE_X11Y53         LUT3 (Prop_lut3_I1_O)        0.124    10.429 r  Inst_CPU/Inst_MemInstr/temp_i_34/O
                         net (fo=1, routed)           0.469    10.898    Inst_CPU/Inst_MemInstr/temp_i_34_n_0
    SLICE_X11Y53         LUT6 (Prop_lut6_I5_O)        0.124    11.022 f  Inst_CPU/Inst_MemInstr/temp_i_16/O
                         net (fo=1, routed)           0.810    11.831    Inst_CPU/Inst_MemInstr/temp_i_16_n_0
    SLICE_X11Y51         LUT6 (Prop_lut6_I2_O)        0.124    11.955 f  Inst_CPU/Inst_MemInstr/temp_i_9/O
                         net (fo=20, routed)          0.997    12.952    Inst_CPU/Inst_MemInstr/s_ICode[3]
    SLICE_X11Y47         LUT5 (Prop_lut5_I0_O)        0.124    13.076 r  Inst_CPU/Inst_MemInstr/Res0_carry_i_18/O
                         net (fo=3, routed)           0.455    13.531    Inst_CPU/Inst_MemInstr_n_354
    SLICE_X11Y44         LUT6 (Prop_lut6_I4_O)        0.124    13.655 r  Inst_CPU/Res0_carry_i_11/O
                         net (fo=116, routed)         0.903    14.557    Inst_CPU/Inst_BancoReg/ciclo_regs[15].R32_n.bank/registro[28].FF_D_use/s_ALU_B[1]
    SLICE_X11Y47         LUT6 (Prop_lut6_I1_O)        0.124    14.681 r  Inst_CPU/Inst_BancoReg/ciclo_regs[15].R32_n.bank/registro[28].FF_D_use/RAM_reg_0_255_0_0_i_122/O
                         net (fo=3, routed)           0.808    15.489    Inst_CPU/Inst_BancoReg/ciclo_regs[15].R32_n.bank/registro[24].FF_D_use/RAM_reg_0_255_0_0_i_124
    SLICE_X11Y46         LUT6 (Prop_lut6_I2_O)        0.124    15.613 r  Inst_CPU/Inst_BancoReg/ciclo_regs[15].R32_n.bank/registro[24].FF_D_use/RAM_reg_0_255_0_0_i_74/O
                         net (fo=3, routed)           0.957    16.570    Inst_CPU/Inst_MemInstr/RAM_reg_0_255_0_0_i_76_0
    SLICE_X28Y49         LUT5 (Prop_lut5_I4_O)        0.124    16.694 r  Inst_CPU/Inst_MemInstr/RAM_reg_0_255_0_0_i_124/O
                         net (fo=2, routed)           0.463    17.157    Inst_CPU/Inst_MemInstr/RAM_reg_0_255_0_0_i_124_n_0
    SLICE_X32Y50         LUT6 (Prop_lut6_I0_O)        0.124    17.281 r  Inst_CPU/Inst_MemInstr/RAM_reg_0_255_0_0_i_78/O
                         net (fo=1, routed)           0.284    17.565    Inst_CPU/Inst_MemInstr/RAM_reg_0_255_0_0_i_78_n_0
    SLICE_X31Y50         LUT6 (Prop_lut6_I5_O)        0.124    17.689 r  Inst_CPU/Inst_MemInstr/RAM_reg_0_255_0_0_i_35/O
                         net (fo=12, routed)          2.297    19.987    Inst_CPU/Inst_MemInstr/RAM_reg_0_255_0_0_i_35_n_0
    SLICE_X47Y46         LUT5 (Prop_lut5_I2_O)        0.124    20.111 r  Inst_CPU/Inst_MemInstr/RAM_reg_0_255_7_7_i_7/O
                         net (fo=128, routed)         5.246    25.357    Inst_CPU/Inst_MemDatos/RAM_reg_256_511_31_31/A1
    SLICE_X14Y40         RAMS64E (Prop_rams64e_ADR1_O)
                                                      0.124    25.481 r  Inst_CPU/Inst_MemDatos/RAM_reg_256_511_31_31/RAMS64E_D/O
                         net (fo=1, routed)           0.000    25.481    Inst_CPU/Inst_MemDatos/RAM_reg_256_511_31_31/OD
    SLICE_X14Y40         MUXF7 (Prop_muxf7_I0_O)      0.241    25.722 r  Inst_CPU/Inst_MemDatos/RAM_reg_256_511_31_31/F7.B/O
                         net (fo=1, routed)           0.000    25.722    Inst_CPU/Inst_MemDatos/RAM_reg_256_511_31_31/O0
    SLICE_X14Y40         MUXF8 (Prop_muxf8_I0_O)      0.098    25.820 r  Inst_CPU/Inst_MemDatos/RAM_reg_256_511_31_31/F8/O
                         net (fo=1, routed)           1.091    26.911    Inst_CPU/Inst_MemDatos/RAM_reg_256_511_31_31_n_0
    SLICE_X28Y37         LUT6 (Prop_lut6_I3_O)        0.319    27.230 r  Inst_CPU/Inst_MemDatos/temp_i_9__11/O
                         net (fo=1, routed)           0.890    28.120    Inst_CPU/Inst_MemDatos/dataOut0[31]
    SLICE_X28Y37         LUT2 (Prop_lut2_I0_O)        0.124    28.244 r  Inst_CPU/Inst_MemDatos/temp_i_5__14/O
                         net (fo=4, routed)           1.355    29.600    Inst_CPU/Inst_MemDatos/temp_i_13_0
    SLICE_X47Y42         LUT6 (Prop_lut6_I0_O)        0.124    29.724 f  Inst_CPU/Inst_MemDatos/temp_i_4__13/O
                         net (fo=3, routed)           0.585    30.309    Inst_CPU/Inst_MemInstr/temp_reg_5
    SLICE_X47Y43         LUT5 (Prop_lut5_I1_O)        0.150    30.459 r  Inst_CPU/Inst_MemInstr/temp_i_7__24/O
                         net (fo=16, routed)          2.479    32.938    Inst_CPU/Inst_MUX4_Reg/temp_reg_0
    SLICE_X33Y52         LUT6 (Prop_lut6_I3_O)        0.326    33.264 r  Inst_CPU/Inst_MUX4_Reg/temp_i_2__0/O
                         net (fo=1, routed)           0.665    33.929    Inst_CPU/Inst_MUX4_Reg/temp_i_2__0_n_0
    SLICE_X33Y52         LUT5 (Prop_lut5_I0_O)        0.124    34.053 r  Inst_CPU/Inst_MUX4_Reg/temp_i_1__0/O
                         net (fo=16, routed)          2.327    36.381    Inst_CPU/Inst_BancoReg/ciclo_regs[5].R32_n.bank/registro[29].FF_D_use/D[0]
    SLICE_X2Y60          FDCE                                         r  Inst_CPU/Inst_BancoReg/ciclo_regs[5].R32_n.bank/registro[29].FF_D_use/temp_reg/D
  -------------------------------------------------------------------    -------------------

Slack:                    inf
  Source:                 sw15
                            (input port)
  Destination:            Inst_CPU/Inst_BancoReg/ciclo_regs[14].R32_n.bank/registro[21].FF_D_use/temp_reg/D
  Path Group:             (none)
  Path Type:              Max at Slow Process Corner
  Data Path Delay:        36.322ns  (logic 5.624ns (15.483%)  route 30.698ns (84.517%))
  Logic Levels:           26  (IBUF=1 LUT2=1 LUT3=2 LUT5=5 LUT6=11 MUXF7=2 MUXF8=2 RAMS64E=2)

    Location             Delay type                Incr(ns)  Path(ns)    Netlist Resource(s)
  -------------------------------------------------------------------    -------------------
    R2                                                0.000     0.000 r  sw15 (IN)
                         net (fo=0)                   0.000     0.000    sw15
    R2                   IBUF (Prop_ibuf_I_O)         1.456     1.456 r  sw15_IBUF_inst/O
                         net (fo=66, routed)          4.001     5.457    BOOTLOADER_use/leds_OBUF[8]
    SLICE_X7Y49          LUT3 (Prop_lut3_I2_O)        0.124     5.581 r  BOOTLOADER_use/RAM_reg_0_255_0_0_i_9__0/O
                         net (fo=512, routed)         1.491     7.072    Inst_CPU/Inst_MemInstr/RAM_reg_768_1023_3_3/A1
    SLICE_X8Y42          RAMS64E (Prop_rams64e_ADR1_O)
                                                      0.386     7.458 f  Inst_CPU/Inst_MemInstr/RAM_reg_768_1023_3_3/RAMS64E_C/O
                         net (fo=1, routed)           0.000     7.458    Inst_CPU/Inst_MemInstr/RAM_reg_768_1023_3_3/OC
    SLICE_X8Y42          MUXF7 (Prop_muxf7_I1_O)      0.247     7.705 f  Inst_CPU/Inst_MemInstr/RAM_reg_768_1023_3_3/F7.B/O
                         net (fo=1, routed)           0.000     7.705    Inst_CPU/Inst_MemInstr/RAM_reg_768_1023_3_3/O0
    SLICE_X8Y42          MUXF8 (Prop_muxf8_I0_O)      0.098     7.803 f  Inst_CPU/Inst_MemInstr/RAM_reg_768_1023_3_3/F8/O
                         net (fo=1, routed)           1.283     9.085    Inst_CPU/Inst_MemInstr/RAM_reg_768_1023_3_3_n_0
    SLICE_X11Y48         LUT6 (Prop_lut6_I0_O)        0.319     9.404 f  Inst_CPU/Inst_MemInstr/Rs1SumOffsetOut_carry_i_42/O
                         net (fo=14, routed)          0.900    10.305    Inst_CPU/Inst_MemInstr/s_Instruction[3]
    SLICE_X11Y53         LUT3 (Prop_lut3_I1_O)        0.124    10.429 r  Inst_CPU/Inst_MemInstr/temp_i_34/O
                         net (fo=1, routed)           0.469    10.898    Inst_CPU/Inst_MemInstr/temp_i_34_n_0
    SLICE_X11Y53         LUT6 (Prop_lut6_I5_O)        0.124    11.022 f  Inst_CPU/Inst_MemInstr/temp_i_16/O
                         net (fo=1, routed)           0.810    11.831    Inst_CPU/Inst_MemInstr/temp_i_16_n_0
    SLICE_X11Y51         LUT6 (Prop_lut6_I2_O)        0.124    11.955 f  Inst_CPU/Inst_MemInstr/temp_i_9/O
                         net (fo=20, routed)          0.997    12.952    Inst_CPU/Inst_MemInstr/s_ICode[3]
    SLICE_X11Y47         LUT5 (Prop_lut5_I0_O)        0.124    13.076 r  Inst_CPU/Inst_MemInstr/Res0_carry_i_18/O
                         net (fo=3, routed)           0.455    13.531    Inst_CPU/Inst_MemInstr_n_354
    SLICE_X11Y44         LUT6 (Prop_lut6_I4_O)        0.124    13.655 r  Inst_CPU/Res0_carry_i_11/O
                         net (fo=116, routed)         0.903    14.557    Inst_CPU/Inst_BancoReg/ciclo_regs[15].R32_n.bank/registro[28].FF_D_use/s_ALU_B[1]
    SLICE_X11Y47         LUT6 (Prop_lut6_I1_O)        0.124    14.681 r  Inst_CPU/Inst_BancoReg/ciclo_regs[15].R32_n.bank/registro[28].FF_D_use/RAM_reg_0_255_0_0_i_122/O
                         net (fo=3, routed)           0.808    15.489    Inst_CPU/Inst_BancoReg/ciclo_regs[15].R32_n.bank/registro[24].FF_D_use/RAM_reg_0_255_0_0_i_124
    SLICE_X11Y46         LUT6 (Prop_lut6_I2_O)        0.124    15.613 r  Inst_CPU/Inst_BancoReg/ciclo_regs[15].R32_n.bank/registro[24].FF_D_use/RAM_reg_0_255_0_0_i_74/O
                         net (fo=3, routed)           0.957    16.570    Inst_CPU/Inst_MemInstr/RAM_reg_0_255_0_0_i_76_0
    SLICE_X28Y49         LUT5 (Prop_lut5_I4_O)        0.124    16.694 r  Inst_CPU/Inst_MemInstr/RAM_reg_0_255_0_0_i_124/O
                         net (fo=2, routed)           0.463    17.157    Inst_CPU/Inst_MemInstr/RAM_reg_0_255_0_0_i_124_n_0
    SLICE_X32Y50         LUT6 (Prop_lut6_I0_O)        0.124    17.281 r  Inst_CPU/Inst_MemInstr/RAM_reg_0_255_0_0_i_78/O
                         net (fo=1, routed)           0.284    17.565    Inst_CPU/Inst_MemInstr/RAM_reg_0_255_0_0_i_78_n_0
    SLICE_X31Y50         LUT6 (Prop_lut6_I5_O)        0.124    17.689 r  Inst_CPU/Inst_MemInstr/RAM_reg_0_255_0_0_i_35/O
                         net (fo=12, routed)          2.297    19.987    Inst_CPU/Inst_MemInstr/RAM_reg_0_255_0_0_i_35_n_0
    SLICE_X47Y46         LUT5 (Prop_lut5_I2_O)        0.124    20.111 r  Inst_CPU/Inst_MemInstr/RAM_reg_0_255_7_7_i_7/O
                         net (fo=128, routed)         5.246    25.357    Inst_CPU/Inst_MemDatos/RAM_reg_256_511_31_31/A1
    SLICE_X14Y40         RAMS64E (Prop_rams64e_ADR1_O)
                                                      0.124    25.481 r  Inst_CPU/Inst_MemDatos/RAM_reg_256_511_31_31/RAMS64E_D/O
                         net (fo=1, routed)           0.000    25.481    Inst_CPU/Inst_MemDatos/RAM_reg_256_511_31_31/OD
    SLICE_X14Y40         MUXF7 (Prop_muxf7_I0_O)      0.241    25.722 r  Inst_CPU/Inst_MemDatos/RAM_reg_256_511_31_31/F7.B/O
                         net (fo=1, routed)           0.000    25.722    Inst_CPU/Inst_MemDatos/RAM_reg_256_511_31_31/O0
    SLICE_X14Y40         MUXF8 (Prop_muxf8_I0_O)      0.098    25.820 r  Inst_CPU/Inst_MemDatos/RAM_reg_256_511_31_31/F8/O
                         net (fo=1, routed)           1.091    26.911    Inst_CPU/Inst_MemDatos/RAM_reg_256_511_31_31_n_0
    SLICE_X28Y37         LUT6 (Prop_lut6_I3_O)        0.319    27.230 r  Inst_CPU/Inst_MemDatos/temp_i_9__11/O
                         net (fo=1, routed)           0.890    28.120    Inst_CPU/Inst_MemDatos/dataOut0[31]
    SLICE_X28Y37         LUT2 (Prop_lut2_I0_O)        0.124    28.244 r  Inst_CPU/Inst_MemDatos/temp_i_5__14/O
                         net (fo=4, routed)           1.355    29.600    Inst_CPU/Inst_MemDatos/temp_i_13_0
    SLICE_X47Y42         LUT6 (Prop_lut6_I0_O)        0.124    29.724 f  Inst_CPU/Inst_MemDatos/temp_i_4__13/O
                         net (fo=3, routed)           0.585    30.309    Inst_CPU/Inst_MemInstr/temp_reg_5
    SLICE_X47Y43         LUT5 (Prop_lut5_I1_O)        0.150    30.459 r  Inst_CPU/Inst_MemInstr/temp_i_7__24/O
                         net (fo=16, routed)          1.166    31.625    Inst_CPU/Inst_MUX4_Reg/temp_reg_0
    SLICE_X41Y49         LUT6 (Prop_lut6_I3_O)        0.326    31.951 r  Inst_CPU/Inst_MUX4_Reg/temp_i_2__8/O
                         net (fo=1, routed)           0.870    32.821    Inst_CPU/Inst_MUX4_Reg/temp_i_2__8_n_0
    SLICE_X40Y49         LUT5 (Prop_lut5_I0_O)        0.124    32.945 r  Inst_CPU/Inst_MUX4_Reg/temp_i_1__8/O
                         net (fo=16, routed)          3.377    36.322    Inst_CPU/Inst_BancoReg/ciclo_regs[14].R32_n.bank/registro[21].FF_D_use/D[0]
    SLICE_X2Y59          FDCE                                         r  Inst_CPU/Inst_BancoReg/ciclo_regs[14].R32_n.bank/registro[21].FF_D_use/temp_reg/D
  -------------------------------------------------------------------    -------------------

Slack:                    inf
  Source:                 sw15
                            (input port)
  Destination:            Inst_CPU/Inst_BancoReg/ciclo_regs[4].R32_n.bank/registro[14].FF_D_use/temp_reg/D
  Path Group:             (none)
  Path Type:              Max at Slow Process Corner
  Data Path Delay:        36.305ns  (logic 5.396ns (14.862%)  route 30.909ns (85.138%))
  Logic Levels:           26  (IBUF=1 LUT2=1 LUT3=3 LUT5=4 LUT6=11 MUXF7=2 MUXF8=2 RAMS64E=2)

    Location             Delay type                Incr(ns)  Path(ns)    Netlist Resource(s)
  -------------------------------------------------------------------    -------------------
    R2                                                0.000     0.000 r  sw15 (IN)
                         net (fo=0)                   0.000     0.000    sw15
    R2                   IBUF (Prop_ibuf_I_O)         1.456     1.456 r  sw15_IBUF_inst/O
                         net (fo=66, routed)          4.001     5.457    BOOTLOADER_use/leds_OBUF[8]
    SLICE_X7Y49          LUT3 (Prop_lut3_I2_O)        0.124     5.581 r  BOOTLOADER_use/RAM_reg_0_255_0_0_i_9__0/O
                         net (fo=512, routed)         1.491     7.072    Inst_CPU/Inst_MemInstr/RAM_reg_768_1023_3_3/A1
    SLICE_X8Y42          RAMS64E (Prop_rams64e_ADR1_O)
                                                      0.386     7.458 f  Inst_CPU/Inst_MemInstr/RAM_reg_768_1023_3_3/RAMS64E_C/O
                         net (fo=1, routed)           0.000     7.458    Inst_CPU/Inst_MemInstr/RAM_reg_768_1023_3_3/OC
    SLICE_X8Y42          MUXF7 (Prop_muxf7_I1_O)      0.247     7.705 f  Inst_CPU/Inst_MemInstr/RAM_reg_768_1023_3_3/F7.B/O
                         net (fo=1, routed)           0.000     7.705    Inst_CPU/Inst_MemInstr/RAM_reg_768_1023_3_3/O0
    SLICE_X8Y42          MUXF8 (Prop_muxf8_I0_O)      0.098     7.803 f  Inst_CPU/Inst_MemInstr/RAM_reg_768_1023_3_3/F8/O
                         net (fo=1, routed)           1.283     9.085    Inst_CPU/Inst_MemInstr/RAM_reg_768_1023_3_3_n_0
    SLICE_X11Y48         LUT6 (Prop_lut6_I0_O)        0.319     9.404 f  Inst_CPU/Inst_MemInstr/Rs1SumOffsetOut_carry_i_42/O
                         net (fo=14, routed)          0.900    10.305    Inst_CPU/Inst_MemInstr/s_Instruction[3]
    SLICE_X11Y53         LUT3 (Prop_lut3_I1_O)        0.124    10.429 r  Inst_CPU/Inst_MemInstr/temp_i_34/O
                         net (fo=1, routed)           0.469    10.898    Inst_CPU/Inst_MemInstr/temp_i_34_n_0
    SLICE_X11Y53         LUT6 (Prop_lut6_I5_O)        0.124    11.022 f  Inst_CPU/Inst_MemInstr/temp_i_16/O
                         net (fo=1, routed)           0.810    11.831    Inst_CPU/Inst_MemInstr/temp_i_16_n_0
    SLICE_X11Y51         LUT6 (Prop_lut6_I2_O)        0.124    11.955 f  Inst_CPU/Inst_MemInstr/temp_i_9/O
                         net (fo=20, routed)          0.997    12.952    Inst_CPU/Inst_MemInstr/s_ICode[3]
    SLICE_X11Y47         LUT5 (Prop_lut5_I0_O)        0.124    13.076 r  Inst_CPU/Inst_MemInstr/Res0_carry_i_18/O
                         net (fo=3, routed)           0.455    13.531    Inst_CPU/Inst_MemInstr_n_354
    SLICE_X11Y44         LUT6 (Prop_lut6_I4_O)        0.124    13.655 r  Inst_CPU/Res0_carry_i_11/O
                         net (fo=116, routed)         0.903    14.557    Inst_CPU/Inst_BancoReg/ciclo_regs[15].R32_n.bank/registro[28].FF_D_use/s_ALU_B[1]
    SLICE_X11Y47         LUT6 (Prop_lut6_I1_O)        0.124    14.681 r  Inst_CPU/Inst_BancoReg/ciclo_regs[15].R32_n.bank/registro[28].FF_D_use/RAM_reg_0_255_0_0_i_122/O
                         net (fo=3, routed)           0.808    15.489    Inst_CPU/Inst_BancoReg/ciclo_regs[15].R32_n.bank/registro[24].FF_D_use/RAM_reg_0_255_0_0_i_124
    SLICE_X11Y46         LUT6 (Prop_lut6_I2_O)        0.124    15.613 r  Inst_CPU/Inst_BancoReg/ciclo_regs[15].R32_n.bank/registro[24].FF_D_use/RAM_reg_0_255_0_0_i_74/O
                         net (fo=3, routed)           0.957    16.570    Inst_CPU/Inst_MemInstr/RAM_reg_0_255_0_0_i_76_0
    SLICE_X28Y49         LUT5 (Prop_lut5_I4_O)        0.124    16.694 r  Inst_CPU/Inst_MemInstr/RAM_reg_0_255_0_0_i_124/O
                         net (fo=2, routed)           0.463    17.157    Inst_CPU/Inst_MemInstr/RAM_reg_0_255_0_0_i_124_n_0
    SLICE_X32Y50         LUT6 (Prop_lut6_I0_O)        0.124    17.281 r  Inst_CPU/Inst_MemInstr/RAM_reg_0_255_0_0_i_78/O
                         net (fo=1, routed)           0.284    17.565    Inst_CPU/Inst_MemInstr/RAM_reg_0_255_0_0_i_78_n_0
    SLICE_X31Y50         LUT6 (Prop_lut6_I5_O)        0.124    17.689 r  Inst_CPU/Inst_MemInstr/RAM_reg_0_255_0_0_i_35/O
                         net (fo=12, routed)          2.297    19.987    Inst_CPU/Inst_MemInstr/RAM_reg_0_255_0_0_i_35_n_0
    SLICE_X47Y46         LUT5 (Prop_lut5_I2_O)        0.124    20.111 r  Inst_CPU/Inst_MemInstr/RAM_reg_0_255_7_7_i_7/O
                         net (fo=128, routed)         5.246    25.357    Inst_CPU/Inst_MemDatos/RAM_reg_256_511_31_31/A1
    SLICE_X14Y40         RAMS64E (Prop_rams64e_ADR1_O)
                                                      0.124    25.481 r  Inst_CPU/Inst_MemDatos/RAM_reg_256_511_31_31/RAMS64E_D/O
                         net (fo=1, routed)           0.000    25.481    Inst_CPU/Inst_MemDatos/RAM_reg_256_511_31_31/OD
    SLICE_X14Y40         MUXF7 (Prop_muxf7_I0_O)      0.241    25.722 r  Inst_CPU/Inst_MemDatos/RAM_reg_256_511_31_31/F7.B/O
                         net (fo=1, routed)           0.000    25.722    Inst_CPU/Inst_MemDatos/RAM_reg_256_511_31_31/O0
    SLICE_X14Y40         MUXF8 (Prop_muxf8_I0_O)      0.098    25.820 r  Inst_CPU/Inst_MemDatos/RAM_reg_256_511_31_31/F8/O
                         net (fo=1, routed)           1.091    26.911    Inst_CPU/Inst_MemDatos/RAM_reg_256_511_31_31_n_0
    SLICE_X28Y37         LUT6 (Prop_lut6_I3_O)        0.319    27.230 r  Inst_CPU/Inst_MemDatos/temp_i_9__11/O
                         net (fo=1, routed)           0.890    28.120    Inst_CPU/Inst_MemDatos/dataOut0[31]
    SLICE_X28Y37         LUT2 (Prop_lut2_I0_O)        0.124    28.244 r  Inst_CPU/Inst_MemDatos/temp_i_5__14/O
                         net (fo=4, routed)           1.355    29.600    Inst_CPU/Inst_MemDatos/temp_i_13_0
    SLICE_X47Y42         LUT6 (Prop_lut6_I0_O)        0.124    29.724 f  Inst_CPU/Inst_MemDatos/temp_i_4__13/O
                         net (fo=3, routed)           0.585    30.309    Inst_CPU/Inst_MemInstr/temp_reg_5
    SLICE_X47Y43         LUT3 (Prop_lut3_I1_O)        0.124    30.433 f  Inst_CPU/Inst_MemInstr/temp_i_6__29/O
                         net (fo=8, routed)           0.451    30.883    Inst_CPU/Inst_MemInstr/temp_i_6__29_n_0
    SLICE_X45Y42         LUT6 (Prop_lut6_I5_O)        0.124    31.007 r  Inst_CPU/Inst_MemInstr/temp_i_2__12/O
                         net (fo=1, routed)           1.145    32.152    Inst_CPU/Inst_MUX4_Reg/s_LoadData[14]
    SLICE_X40Y51         LUT5 (Prop_lut5_I0_O)        0.124    32.276 r  Inst_CPU/Inst_MUX4_Reg/temp_i_1__28/O
                         net (fo=16, routed)          4.029    36.305    Inst_CPU/Inst_BancoReg/ciclo_regs[4].R32_n.bank/registro[14].FF_D_use/D[0]
    SLICE_X0Y65          FDCE                                         r  Inst_CPU/Inst_BancoReg/ciclo_regs[4].R32_n.bank/registro[14].FF_D_use/temp_reg/D
  -------------------------------------------------------------------    -------------------





Min Delay Paths
--------------------------------------------------------------------------------------
Slack:                    inf
  Source:                 Inst_CPU/Inst_CP/R32_use/registro[18].FF_D_use/temp_reg/C
                            (rising edge-triggered cell FDCE)
  Destination:            Inst_CPU/Inst_CP/R32_use/registro[18].FF_D_use/temp_reg/D
  Path Group:             (none)
  Path Type:              Min at Fast Process Corner
  Data Path Delay:        0.309ns  (logic 0.186ns (60.289%)  route 0.123ns (39.711%))
  Logic Levels:           2  (FDCE=1 LUT6=1)

    Location             Delay type                Incr(ns)  Path(ns)    Netlist Resource(s)
  -------------------------------------------------------------------    -------------------
    SLICE_X35Y47         FDCE                         0.000     0.000 r  Inst_CPU/Inst_CP/R32_use/registro[18].FF_D_use/temp_reg/C
    SLICE_X35Y47         FDCE (Prop_fdce_C_Q)         0.141     0.141 r  Inst_CPU/Inst_CP/R32_use/registro[18].FF_D_use/temp_reg/Q
                         net (fo=5, routed)           0.123     0.264    Inst_CPU/Inst_CP/rs1SumOffset_use/temp_reg_34[0]
    SLICE_X35Y47         LUT6 (Prop_lut6_I3_O)        0.045     0.309 r  Inst_CPU/Inst_CP/rs1SumOffset_use/temp_i_1__27/O
                         net (fo=1, routed)           0.000     0.309    Inst_CPU/Inst_CP/R32_use/registro[18].FF_D_use/temp_reg_1
    SLICE_X35Y47         FDCE                                         r  Inst_CPU/Inst_CP/R32_use/registro[18].FF_D_use/temp_reg/D
  -------------------------------------------------------------------    -------------------

Slack:                    inf
  Source:                 VGA_use/vga_control_use/vc_reg[4]/C
                            (rising edge-triggered cell FDCE)
  Destination:            VGA_use/vga_control_use/vc_reg[6]/D
  Path Group:             (none)
  Path Type:              Min at Fast Process Corner
  Data Path Delay:        0.323ns  (logic 0.186ns (57.665%)  route 0.137ns (42.335%))
  Logic Levels:           2  (FDCE=1 LUT6=1)

    Location             Delay type                Incr(ns)  Path(ns)    Netlist Resource(s)
  -------------------------------------------------------------------    -------------------
    SLICE_X51Y78         FDCE                         0.000     0.000 r  VGA_use/vga_control_use/vc_reg[4]/C
    SLICE_X51Y78         FDCE (Prop_fdce_C_Q)         0.141     0.141 r  VGA_use/vga_control_use/vc_reg[4]/Q
                         net (fo=9, routed)           0.137     0.278    VGA_use/vga_control_use/vc_reg_n_0_[4]
    SLICE_X50Y78         LUT6 (Prop_lut6_I2_O)        0.045     0.323 r  VGA_use/vga_control_use/vc[6]_i_1/O
                         net (fo=1, routed)           0.000     0.323    VGA_use/vga_control_use/vc[6]_i_1_n_0
    SLICE_X50Y78         FDCE                                         r  VGA_use/vga_control_use/vc_reg[6]/D
  -------------------------------------------------------------------    -------------------

Slack:                    inf
  Source:                 VGA_use/vga_control_use/pix_col_reg[0]/C
                            (rising edge-triggered cell FDCE)
  Destination:            VGA_use/vga_control_use/pix_col_reg[1]/D
  Path Group:             (none)
  Path Type:              Min at Fast Process Corner
  Data Path Delay:        0.325ns  (logic 0.209ns (64.219%)  route 0.116ns (35.781%))
  Logic Levels:           2  (FDCE=1 LUT3=1)

    Location             Delay type                Incr(ns)  Path(ns)    Netlist Resource(s)
  -------------------------------------------------------------------    -------------------
    SLICE_X60Y74         FDCE                         0.000     0.000 r  VGA_use/vga_control_use/pix_col_reg[0]/C
    SLICE_X60Y74         FDCE (Prop_fdce_C_Q)         0.164     0.164 r  VGA_use/vga_control_use/pix_col_reg[0]/Q
                         net (fo=20, routed)          0.116     0.280    VGA_use/vga_control_use/pix_col_reg[0]_0[0]
    SLICE_X61Y74         LUT3 (Prop_lut3_I1_O)        0.045     0.325 r  VGA_use/vga_control_use/pix_col[1]_i_1/O
                         net (fo=1, routed)           0.000     0.325    VGA_use/vga_control_use/pix_col[1]_i_1_n_0
    SLICE_X61Y74         FDCE                                         r  VGA_use/vga_control_use/pix_col_reg[1]/D
  -------------------------------------------------------------------    -------------------

Slack:                    inf
  Source:                 VGA_use/vga_control_use/pix_col_reg[0]/C
                            (rising edge-triggered cell FDCE)
  Destination:            VGA_use/vga_control_use/pix_col_reg[3]/D
  Path Group:             (none)
  Path Type:              Min at Fast Process Corner
  Data Path Delay:        0.328ns  (logic 0.212ns (64.546%)  route 0.116ns (35.454%))
  Logic Levels:           2  (FDCE=1 LUT5=1)

    Location             Delay type                Incr(ns)  Path(ns)    Netlist Resource(s)
  -------------------------------------------------------------------    -------------------
    SLICE_X60Y74         FDCE                         0.000     0.000 r  VGA_use/vga_control_use/pix_col_reg[0]/C
    SLICE_X60Y74         FDCE (Prop_fdce_C_Q)         0.164     0.164 r  VGA_use/vga_control_use/pix_col_reg[0]/Q
                         net (fo=20, routed)          0.116     0.280    VGA_use/vga_control_use/pix_col_reg[0]_0[0]
    SLICE_X61Y74         LUT5 (Prop_lut5_I1_O)        0.048     0.328 r  VGA_use/vga_control_use/pix_col[3]_i_1/O
                         net (fo=1, routed)           0.000     0.328    VGA_use/vga_control_use/pix_col[3]_i_1_n_0
    SLICE_X61Y74         FDCE                                         r  VGA_use/vga_control_use/pix_col_reg[3]/D
  -------------------------------------------------------------------    -------------------

Slack:                    inf
  Source:                 VGA_use/vga_control_use/vc_reg[3]/C
                            (rising edge-triggered cell FDCE)
  Destination:            VGA_use/vga_control_use/vc_reg[3]/D
  Path Group:             (none)
  Path Type:              Min at Fast Process Corner
  Data Path Delay:        0.347ns  (logic 0.209ns (60.297%)  route 0.138ns (39.703%))
  Logic Levels:           2  (FDCE=1 LUT6=1)

    Location             Delay type                Incr(ns)  Path(ns)    Netlist Resource(s)
  -------------------------------------------------------------------    -------------------
    SLICE_X52Y78         FDCE                         0.000     0.000 r  VGA_use/vga_control_use/vc_reg[3]/C
    SLICE_X52Y78         FDCE (Prop_fdce_C_Q)         0.164     0.164 r  VGA_use/vga_control_use/vc_reg[3]/Q
                         net (fo=9, routed)           0.138     0.302    VGA_use/vga_control_use/vc_reg_n_0_[3]
    SLICE_X52Y78         LUT6 (Prop_lut6_I3_O)        0.045     0.347 r  VGA_use/vga_control_use/vc[3]_i_1/O
                         net (fo=1, routed)           0.000     0.347    VGA_use/vga_control_use/vc[3]_i_1_n_0
    SLICE_X52Y78         FDCE                                         r  VGA_use/vga_control_use/vc_reg[3]/D
  -------------------------------------------------------------------    -------------------

Slack:                    inf
  Source:                 Inst_CPU/Inst_CP/R32_use/registro[14].FF_D_use/temp_reg/C
                            (rising edge-triggered cell FDCE)
  Destination:            Inst_CPU/Inst_CP/R32_use/registro[14].FF_D_use/temp_reg/D
  Path Group:             (none)
  Path Type:              Min at Fast Process Corner
  Data Path Delay:        0.354ns  (logic 0.186ns (52.507%)  route 0.168ns (47.493%))
  Logic Levels:           2  (FDCE=1 LUT6=1)

    Location             Delay type                Incr(ns)  Path(ns)    Netlist Resource(s)
  -------------------------------------------------------------------    -------------------
    SLICE_X35Y46         FDCE                         0.000     0.000 r  Inst_CPU/Inst_CP/R32_use/registro[14].FF_D_use/temp_reg/C
    SLICE_X35Y46         FDCE (Prop_fdce_C_Q)         0.141     0.141 r  Inst_CPU/Inst_CP/R32_use/registro[14].FF_D_use/temp_reg/Q
                         net (fo=5, routed)           0.168     0.309    Inst_CPU/Inst_CP/rs1SumOffset_use/s_PC[3]
    SLICE_X35Y46         LUT6 (Prop_lut6_I3_O)        0.045     0.354 r  Inst_CPU/Inst_CP/rs1SumOffset_use/temp_i_1__31/O
                         net (fo=1, routed)           0.000     0.354    Inst_CPU/Inst_CP/R32_use/registro[14].FF_D_use/temp_reg_1
    SLICE_X35Y46         FDCE                                         r  Inst_CPU/Inst_CP/R32_use/registro[14].FF_D_use/temp_reg/D
  -------------------------------------------------------------------    -------------------

Slack:                    inf
  Source:                 Inst_CPU/Inst_CP/R32_use/registro[3].FF_D_use/temp_reg/C
                            (rising edge-triggered cell FDCE)
  Destination:            Inst_CPU/Inst_CP/R32_use/registro[3].FF_D_use/temp_reg/D
  Path Group:             (none)
  Path Type:              Min at Fast Process Corner
  Data Path Delay:        0.354ns  (logic 0.186ns (52.507%)  route 0.168ns (47.493%))
  Logic Levels:           2  (FDCE=1 LUT6=1)

    Location             Delay type                Incr(ns)  Path(ns)    Netlist Resource(s)
  -------------------------------------------------------------------    -------------------
    SLICE_X39Y43         FDCE                         0.000     0.000 r  Inst_CPU/Inst_CP/R32_use/registro[3].FF_D_use/temp_reg/C
    SLICE_X39Y43         FDCE (Prop_fdce_C_Q)         0.141     0.141 r  Inst_CPU/Inst_CP/R32_use/registro[3].FF_D_use/temp_reg/Q
                         net (fo=6, routed)           0.168     0.309    Inst_CPU/Inst_CP/rs1SumOffset_use/DI[3]
    SLICE_X39Y43         LUT6 (Prop_lut6_I3_O)        0.045     0.354 r  Inst_CPU/Inst_CP/rs1SumOffset_use/temp_i_1__42/O
                         net (fo=1, routed)           0.000     0.354    Inst_CPU/Inst_CP/R32_use/registro[3].FF_D_use/temp_reg_1
    SLICE_X39Y43         FDCE                                         r  Inst_CPU/Inst_CP/R32_use/registro[3].FF_D_use/temp_reg/D
  -------------------------------------------------------------------    -------------------

Slack:                    inf
  Source:                 VGA_use/vga_control_use/cell_y_reg[3]/C
                            (rising edge-triggered cell FDCE)
  Destination:            VGA_use/vga_control_use/cell_y_reg[3]/D
  Path Group:             (none)
  Path Type:              Min at Fast Process Corner
  Data Path Delay:        0.354ns  (logic 0.186ns (52.507%)  route 0.168ns (47.493%))
  Logic Levels:           2  (FDCE=1 LUT6=1)

    Location             Delay type                Incr(ns)  Path(ns)    Netlist Resource(s)
  -------------------------------------------------------------------    -------------------
    SLICE_X55Y73         FDCE                         0.000     0.000 r  VGA_use/vga_control_use/cell_y_reg[3]/C
    SLICE_X55Y73         FDCE (Prop_fdce_C_Q)         0.141     0.141 r  VGA_use/vga_control_use/cell_y_reg[3]/Q
                         net (fo=7, routed)           0.168     0.309    VGA_use/vga_control_use/s_addrTextRAM_r[8]
    SLICE_X55Y73         LUT6 (Prop_lut6_I5_O)        0.045     0.354 r  VGA_use/vga_control_use/cell_y[3]_i_1/O
                         net (fo=1, routed)           0.000     0.354    VGA_use/vga_control_use/cell_y[3]_i_1_n_0
    SLICE_X55Y73         FDCE                                         r  VGA_use/vga_control_use/cell_y_reg[3]/D
  -------------------------------------------------------------------    -------------------

Slack:                    inf
  Source:                 Inst_CPU/Inst_CP/R32_use/registro[26].FF_D_use/temp_reg/C
                            (rising edge-triggered cell FDCE)
  Destination:            Inst_CPU/Inst_CP/R32_use/registro[26].FF_D_use/temp_reg/D
  Path Group:             (none)
  Path Type:              Min at Fast Process Corner
  Data Path Delay:        0.359ns  (logic 0.186ns (51.801%)  route 0.173ns (48.199%))
  Logic Levels:           2  (FDCE=1 LUT6=1)

    Location             Delay type                Incr(ns)  Path(ns)    Netlist Resource(s)
  -------------------------------------------------------------------    -------------------
    SLICE_X36Y51         FDCE                         0.000     0.000 r  Inst_CPU/Inst_CP/R32_use/registro[26].FF_D_use/temp_reg/C
    SLICE_X36Y51         FDCE (Prop_fdce_C_Q)         0.141     0.141 r  Inst_CPU/Inst_CP/R32_use/registro[26].FF_D_use/temp_reg/Q
                         net (fo=5, routed)           0.173     0.314    Inst_CPU/Inst_CP/rs1SumOffset_use/s_PC[10]
    SLICE_X36Y51         LUT6 (Prop_lut6_I3_O)        0.045     0.359 r  Inst_CPU/Inst_CP/rs1SumOffset_use/temp_i_1__19/O
                         net (fo=1, routed)           0.000     0.359    Inst_CPU/Inst_CP/R32_use/registro[26].FF_D_use/temp_reg_1
    SLICE_X36Y51         FDCE                                         r  Inst_CPU/Inst_CP/R32_use/registro[26].FF_D_use/temp_reg/D
  -------------------------------------------------------------------    -------------------

Slack:                    inf
  Source:                 VGA_use/vga_control_use/hc_reg[8]/C
                            (rising edge-triggered cell FDCE)
  Destination:            VGA_use/vga_control_use/hc_reg[8]/D
  Path Group:             (none)
  Path Type:              Min at Fast Process Corner
  Data Path Delay:        0.361ns  (logic 0.186ns (51.453%)  route 0.175ns (48.547%))
  Logic Levels:           2  (FDCE=1 LUT6=1)

    Location             Delay type                Incr(ns)  Path(ns)    Netlist Resource(s)
  -------------------------------------------------------------------    -------------------
    SLICE_X63Y73         FDCE                         0.000     0.000 r  VGA_use/vga_control_use/hc_reg[8]/C
    SLICE_X63Y73         FDCE (Prop_fdce_C_Q)         0.141     0.141 r  VGA_use/vga_control_use/hc_reg[8]/Q
                         net (fo=8, routed)           0.175     0.316    VGA_use/vga_control_use/hc_reg_n_0_[8]
    SLICE_X63Y73         LUT6 (Prop_lut6_I1_O)        0.045     0.361 r  VGA_use/vga_control_use/hc[8]_i_1/O
                         net (fo=1, routed)           0.000     0.361    VGA_use/vga_control_use/hc[8]
    SLICE_X63Y73         FDCE                                         r  VGA_use/vga_control_use/hc_reg[8]/D
  -------------------------------------------------------------------    -------------------





--------------------------------------------------------------------------------------
Path Group:  (none)
From Clock:  sys_clk_pin
  To Clock:  

Max Delay         15602 Endpoints
Min Delay         15602 Endpoints
--------------------------------------------------------------------------------------


Max Delay Paths
--------------------------------------------------------------------------------------
Slack:                    inf
  Source:                 BOOTLOADER_use/ram_addr_reg[1]/C
                            (rising edge-triggered cell FDRE clocked by sys_clk_pin  {rise@0.000ns fall@5.000ns period=10.000ns})
  Destination:            Inst_CPU/Inst_BancoReg/ciclo_regs[13].R32_n.bank/registro[29].FF_D_use/temp_reg/D
  Path Group:             (none)
  Path Type:              Max at Slow Process Corner
  Data Path Delay:        32.355ns  (logic 4.624ns (14.290%)  route 27.732ns (85.710%))
  Logic Levels:           25  (LUT2=1 LUT3=2 LUT5=5 LUT6=11 MUXF7=2 MUXF8=2 RAMS64E=2)
  Clock Uncertainty:      0.025ns  ((TSJ^2 + TIJ^2)^1/2 + DJ) / 2 + PE
    Total System Jitter     (TSJ):    0.050ns
    Total Input Jitter      (TIJ):    0.000ns
    Discrete Jitter          (DJ):    0.000ns
    Phase Error              (PE):    0.000ns

    Location             Delay type                Incr(ns)  Path(ns)    Netlist Resource(s)
  -------------------------------------------------------------------    -------------------
                         (clock sys_clk_pin rise edge)
                                                      0.000     0.000 r  
    W5                                                0.000     0.000 r  clk_100MHz (IN)
                         net (fo=0)                   0.000     0.000    clk_100MHz
    W5                   IBUF (Prop_ibuf_I_O)         1.458     1.458 r  clk_100MHz_IBUF_inst/O
                         net (fo=1, routed)           1.967     3.425    clk_100MHz_IBUF
    BUFGCTRL_X0Y1        BUFG (Prop_bufg_I_O)         0.096     3.521 r  clk_100MHz_IBUF_BUFG_inst/O
                         net (fo=796, routed)         1.636     5.157    BOOTLOADER_use/clk_100MHz_IBUF_BUFG
    SLICE_X7Y49          FDRE                                         r  BOOTLOADER_use/ram_addr_reg[1]/C
  -------------------------------------------------------------------    -------------------
    SLICE_X7Y49          FDRE (Prop_fdre_C_Q)         0.456     5.613 r  BOOTLOADER_use/ram_addr_reg[1]/Q
                         net (fo=1, routed)           0.404     6.017    BOOTLOADER_use/boot_addr[1]
    SLICE_X7Y49          LUT3 (Prop_lut3_I0_O)        0.124     6.141 r  BOOTLOADER_use/RAM_reg_0_255_0_0_i_9__0/O
                         net (fo=512, routed)         1.491     7.632    Inst_CPU/Inst_MemInstr/RAM_reg_768_1023_3_3/A1
    SLICE_X8Y42          RAMS64E (Prop_rams64e_ADR1_O)
                                                      0.386     8.018 f  Inst_CPU/Inst_MemInstr/RAM_reg_768_1023_3_3/RAMS64E_C/O
                         net (fo=1, routed)           0.000     8.018    Inst_CPU/Inst_MemInstr/RAM_reg_768_1023_3_3/OC
    SLICE_X8Y42          MUXF7 (Prop_muxf7_I1_O)      0.247     8.265 f  Inst_CPU/Inst_MemInstr/RAM_reg_768_1023_3_3/F7.B/O
                         net (fo=1, routed)           0.000     8.265    Inst_CPU/Inst_MemInstr/RAM_reg_768_1023_3_3/O0
    SLICE_X8Y42          MUXF8 (Prop_muxf8_I0_O)      0.098     8.363 f  Inst_CPU/Inst_MemInstr/RAM_reg_768_1023_3_3/F8/O
                         net (fo=1, routed)           1.283     9.645    Inst_CPU/Inst_MemInstr/RAM_reg_768_1023_3_3_n_0
    SLICE_X11Y48         LUT6 (Prop_lut6_I0_O)        0.319     9.964 f  Inst_CPU/Inst_MemInstr/Rs1SumOffsetOut_carry_i_42/O
                         net (fo=14, routed)          0.900    10.865    Inst_CPU/Inst_MemInstr/s_Instruction[3]
    SLICE_X11Y53         LUT3 (Prop_lut3_I1_O)        0.124    10.989 r  Inst_CPU/Inst_MemInstr/temp_i_34/O
                         net (fo=1, routed)           0.469    11.458    Inst_CPU/Inst_MemInstr/temp_i_34_n_0
    SLICE_X11Y53         LUT6 (Prop_lut6_I5_O)        0.124    11.582 f  Inst_CPU/Inst_MemInstr/temp_i_16/O
                         net (fo=1, routed)           0.810    12.391    Inst_CPU/Inst_MemInstr/temp_i_16_n_0
    SLICE_X11Y51         LUT6 (Prop_lut6_I2_O)        0.124    12.515 f  Inst_CPU/Inst_MemInstr/temp_i_9/O
                         net (fo=20, routed)          0.997    13.512    Inst_CPU/Inst_MemInstr/s_ICode[3]
    SLICE_X11Y47         LUT5 (Prop_lut5_I0_O)        0.124    13.636 r  Inst_CPU/Inst_MemInstr/Res0_carry_i_18/O
                         net (fo=3, routed)           0.455    14.091    Inst_CPU/Inst_MemInstr_n_354
    SLICE_X11Y44         LUT6 (Prop_lut6_I4_O)        0.124    14.215 r  Inst_CPU/Res0_carry_i_11/O
                         net (fo=116, routed)         0.903    15.117    Inst_CPU/Inst_BancoReg/ciclo_regs[15].R32_n.bank/registro[28].FF_D_use/s_ALU_B[1]
    SLICE_X11Y47         LUT6 (Prop_lut6_I1_O)        0.124    15.241 r  Inst_CPU/Inst_BancoReg/ciclo_regs[15].R32_n.bank/registro[28].FF_D_use/RAM_reg_0_255_0_0_i_122/O
                         net (fo=3, routed)           0.808    16.049    Inst_CPU/Inst_BancoReg/ciclo_regs[15].R32_n.bank/registro[24].FF_D_use/RAM_reg_0_255_0_0_i_124
    SLICE_X11Y46         LUT6 (Prop_lut6_I2_O)        0.124    16.173 r  Inst_CPU/Inst_BancoReg/ciclo_regs[15].R32_n.bank/registro[24].FF_D_use/RAM_reg_0_255_0_0_i_74/O
                         net (fo=3, routed)           0.957    17.130    Inst_CPU/Inst_MemInstr/RAM_reg_0_255_0_0_i_76_0
    SLICE_X28Y49         LUT5 (Prop_lut5_I4_O)        0.124    17.254 r  Inst_CPU/Inst_MemInstr/RAM_reg_0_255_0_0_i_124/O
                         net (fo=2, routed)           0.463    17.717    Inst_CPU/Inst_MemInstr/RAM_reg_0_255_0_0_i_124_n_0
    SLICE_X32Y50         LUT6 (Prop_lut6_I0_O)        0.124    17.841 r  Inst_CPU/Inst_MemInstr/RAM_reg_0_255_0_0_i_78/O
                         net (fo=1, routed)           0.284    18.125    Inst_CPU/Inst_MemInstr/RAM_reg_0_255_0_0_i_78_n_0
    SLICE_X31Y50         LUT6 (Prop_lut6_I5_O)        0.124    18.249 r  Inst_CPU/Inst_MemInstr/RAM_reg_0_255_0_0_i_35/O
                         net (fo=12, routed)          2.297    20.547    Inst_CPU/Inst_MemInstr/RAM_reg_0_255_0_0_i_35_n_0
    SLICE_X47Y46         LUT5 (Prop_lut5_I2_O)        0.124    20.671 r  Inst_CPU/Inst_MemInstr/RAM_reg_0_255_7_7_i_7/O
                         net (fo=128, routed)         5.246    25.917    Inst_CPU/Inst_MemDatos/RAM_reg_256_511_31_31/A1
    SLICE_X14Y40         RAMS64E (Prop_rams64e_ADR1_O)
                                                      0.124    26.041 r  Inst_CPU/Inst_MemDatos/RAM_reg_256_511_31_31/RAMS64E_D/O
                         net (fo=1, routed)           0.000    26.041    Inst_CPU/Inst_MemDatos/RAM_reg_256_511_31_31/OD
    SLICE_X14Y40         MUXF7 (Prop_muxf7_I0_O)      0.241    26.282 r  Inst_CPU/Inst_MemDatos/RAM_reg_256_511_31_31/F7.B/O
                         net (fo=1, routed)           0.000    26.282    Inst_CPU/Inst_MemDatos/RAM_reg_256_511_31_31/O0
    SLICE_X14Y40         MUXF8 (Prop_muxf8_I0_O)      0.098    26.380 r  Inst_CPU/Inst_MemDatos/RAM_reg_256_511_31_31/F8/O
                         net (fo=1, routed)           1.091    27.471    Inst_CPU/Inst_MemDatos/RAM_reg_256_511_31_31_n_0
    SLICE_X28Y37         LUT6 (Prop_lut6_I3_O)        0.319    27.790 r  Inst_CPU/Inst_MemDatos/temp_i_9__11/O
                         net (fo=1, routed)           0.890    28.680    Inst_CPU/Inst_MemDatos/dataOut0[31]
    SLICE_X28Y37         LUT2 (Prop_lut2_I0_O)        0.124    28.804 r  Inst_CPU/Inst_MemDatos/temp_i_5__14/O
                         net (fo=4, routed)           1.355    30.160    Inst_CPU/Inst_MemDatos/temp_i_13_0
    SLICE_X47Y42         LUT6 (Prop_lut6_I0_O)        0.124    30.284 f  Inst_CPU/Inst_MemDatos/temp_i_4__13/O
                         net (fo=3, routed)           0.585    30.869    Inst_CPU/Inst_MemInstr/temp_reg_5
    SLICE_X47Y43         LUT5 (Prop_lut5_I1_O)        0.150    31.019 r  Inst_CPU/Inst_MemInstr/temp_i_7__24/O
                         net (fo=16, routed)          2.479    33.498    Inst_CPU/Inst_MUX4_Reg/temp_reg_0
    SLICE_X33Y52         LUT6 (Prop_lut6_I3_O)        0.326    33.824 r  Inst_CPU/Inst_MUX4_Reg/temp_i_2__0/O
                         net (fo=1, routed)           0.665    34.489    Inst_CPU/Inst_MUX4_Reg/temp_i_2__0_n_0
    SLICE_X33Y52         LUT5 (Prop_lut5_I0_O)        0.124    34.613 r  Inst_CPU/Inst_MUX4_Reg/temp_i_1__0/O
                         net (fo=16, routed)          2.900    37.513    Inst_CPU/Inst_BancoReg/ciclo_regs[13].R32_n.bank/registro[29].FF_D_use/D[0]
    SLICE_X3Y61          FDCE                                         r  Inst_CPU/Inst_BancoReg/ciclo_regs[13].R32_n.bank/registro[29].FF_D_use/temp_reg/D
  -------------------------------------------------------------------    -------------------

Slack:                    inf
  Source:                 BOOTLOADER_use/ram_addr_reg[1]/C
                            (rising edge-triggered cell FDRE clocked by sys_clk_pin  {rise@0.000ns fall@5.000ns period=10.000ns})
  Destination:            Inst_CPU/Inst_BancoReg/ciclo_regs[1].R32_n.bank/registro[29].FF_D_use/temp_reg/D
  Path Group:             (none)
  Path Type:              Max at Slow Process Corner
  Data Path Delay:        31.984ns  (logic 4.624ns (14.456%)  route 27.360ns (85.544%))
  Logic Levels:           25  (LUT2=1 LUT3=2 LUT5=5 LUT6=11 MUXF7=2 MUXF8=2 RAMS64E=2)
  Clock Uncertainty:      0.025ns  ((TSJ^2 + TIJ^2)^1/2 + DJ) / 2 + PE
    Total System Jitter     (TSJ):    0.050ns
    Total Input Jitter      (TIJ):    0.000ns
    Discrete Jitter          (DJ):    0.000ns
    Phase Error              (PE):    0.000ns

    Location             Delay type                Incr(ns)  Path(ns)    Netlist Resource(s)
  -------------------------------------------------------------------    -------------------
                         (clock sys_clk_pin rise edge)
                                                      0.000     0.000 r  
    W5                                                0.000     0.000 r  clk_100MHz (IN)
                         net (fo=0)                   0.000     0.000    clk_100MHz
    W5                   IBUF (Prop_ibuf_I_O)         1.458     1.458 r  clk_100MHz_IBUF_inst/O
                         net (fo=1, routed)           1.967     3.425    clk_100MHz_IBUF
    BUFGCTRL_X0Y1        BUFG (Prop_bufg_I_O)         0.096     3.521 r  clk_100MHz_IBUF_BUFG_inst/O
                         net (fo=796, routed)         1.636     5.157    BOOTLOADER_use/clk_100MHz_IBUF_BUFG
    SLICE_X7Y49          FDRE                                         r  BOOTLOADER_use/ram_addr_reg[1]/C
  -------------------------------------------------------------------    -------------------
    SLICE_X7Y49          FDRE (Prop_fdre_C_Q)         0.456     5.613 r  BOOTLOADER_use/ram_addr_reg[1]/Q
                         net (fo=1, routed)           0.404     6.017    BOOTLOADER_use/boot_addr[1]
    SLICE_X7Y49          LUT3 (Prop_lut3_I0_O)        0.124     6.141 r  BOOTLOADER_use/RAM_reg_0_255_0_0_i_9__0/O
                         net (fo=512, routed)         1.491     7.632    Inst_CPU/Inst_MemInstr/RAM_reg_768_1023_3_3/A1
    SLICE_X8Y42          RAMS64E (Prop_rams64e_ADR1_O)
                                                      0.386     8.018 f  Inst_CPU/Inst_MemInstr/RAM_reg_768_1023_3_3/RAMS64E_C/O
                         net (fo=1, routed)           0.000     8.018    Inst_CPU/Inst_MemInstr/RAM_reg_768_1023_3_3/OC
    SLICE_X8Y42          MUXF7 (Prop_muxf7_I1_O)      0.247     8.265 f  Inst_CPU/Inst_MemInstr/RAM_reg_768_1023_3_3/F7.B/O
                         net (fo=1, routed)           0.000     8.265    Inst_CPU/Inst_MemInstr/RAM_reg_768_1023_3_3/O0
    SLICE_X8Y42          MUXF8 (Prop_muxf8_I0_O)      0.098     8.363 f  Inst_CPU/Inst_MemInstr/RAM_reg_768_1023_3_3/F8/O
                         net (fo=1, routed)           1.283     9.645    Inst_CPU/Inst_MemInstr/RAM_reg_768_1023_3_3_n_0
    SLICE_X11Y48         LUT6 (Prop_lut6_I0_O)        0.319     9.964 f  Inst_CPU/Inst_MemInstr/Rs1SumOffsetOut_carry_i_42/O
                         net (fo=14, routed)          0.900    10.865    Inst_CPU/Inst_MemInstr/s_Instruction[3]
    SLICE_X11Y53         LUT3 (Prop_lut3_I1_O)        0.124    10.989 r  Inst_CPU/Inst_MemInstr/temp_i_34/O
                         net (fo=1, routed)           0.469    11.458    Inst_CPU/Inst_MemInstr/temp_i_34_n_0
    SLICE_X11Y53         LUT6 (Prop_lut6_I5_O)        0.124    11.582 f  Inst_CPU/Inst_MemInstr/temp_i_16/O
                         net (fo=1, routed)           0.810    12.391    Inst_CPU/Inst_MemInstr/temp_i_16_n_0
    SLICE_X11Y51         LUT6 (Prop_lut6_I2_O)        0.124    12.515 f  Inst_CPU/Inst_MemInstr/temp_i_9/O
                         net (fo=20, routed)          0.997    13.512    Inst_CPU/Inst_MemInstr/s_ICode[3]
    SLICE_X11Y47         LUT5 (Prop_lut5_I0_O)        0.124    13.636 r  Inst_CPU/Inst_MemInstr/Res0_carry_i_18/O
                         net (fo=3, routed)           0.455    14.091    Inst_CPU/Inst_MemInstr_n_354
    SLICE_X11Y44         LUT6 (Prop_lut6_I4_O)        0.124    14.215 r  Inst_CPU/Res0_carry_i_11/O
                         net (fo=116, routed)         0.903    15.117    Inst_CPU/Inst_BancoReg/ciclo_regs[15].R32_n.bank/registro[28].FF_D_use/s_ALU_B[1]
    SLICE_X11Y47         LUT6 (Prop_lut6_I1_O)        0.124    15.241 r  Inst_CPU/Inst_BancoReg/ciclo_regs[15].R32_n.bank/registro[28].FF_D_use/RAM_reg_0_255_0_0_i_122/O
                         net (fo=3, routed)           0.808    16.049    Inst_CPU/Inst_BancoReg/ciclo_regs[15].R32_n.bank/registro[24].FF_D_use/RAM_reg_0_255_0_0_i_124
    SLICE_X11Y46         LUT6 (Prop_lut6_I2_O)        0.124    16.173 r  Inst_CPU/Inst_BancoReg/ciclo_regs[15].R32_n.bank/registro[24].FF_D_use/RAM_reg_0_255_0_0_i_74/O
                         net (fo=3, routed)           0.957    17.130    Inst_CPU/Inst_MemInstr/RAM_reg_0_255_0_0_i_76_0
    SLICE_X28Y49         LUT5 (Prop_lut5_I4_O)        0.124    17.254 r  Inst_CPU/Inst_MemInstr/RAM_reg_0_255_0_0_i_124/O
                         net (fo=2, routed)           0.463    17.717    Inst_CPU/Inst_MemInstr/RAM_reg_0_255_0_0_i_124_n_0
    SLICE_X32Y50         LUT6 (Prop_lut6_I0_O)        0.124    17.841 r  Inst_CPU/Inst_MemInstr/RAM_reg_0_255_0_0_i_78/O
                         net (fo=1, routed)           0.284    18.125    Inst_CPU/Inst_MemInstr/RAM_reg_0_255_0_0_i_78_n_0
    SLICE_X31Y50         LUT6 (Prop_lut6_I5_O)        0.124    18.249 r  Inst_CPU/Inst_MemInstr/RAM_reg_0_255_0_0_i_35/O
                         net (fo=12, routed)          2.297    20.547    Inst_CPU/Inst_MemInstr/RAM_reg_0_255_0_0_i_35_n_0
    SLICE_X47Y46         LUT5 (Prop_lut5_I2_O)        0.124    20.671 r  Inst_CPU/Inst_MemInstr/RAM_reg_0_255_7_7_i_7/O
                         net (fo=128, routed)         5.246    25.917    Inst_CPU/Inst_MemDatos/RAM_reg_256_511_31_31/A1
    SLICE_X14Y40         RAMS64E (Prop_rams64e_ADR1_O)
                                                      0.124    26.041 r  Inst_CPU/Inst_MemDatos/RAM_reg_256_511_31_31/RAMS64E_D/O
                         net (fo=1, routed)           0.000    26.041    Inst_CPU/Inst_MemDatos/RAM_reg_256_511_31_31/OD
    SLICE_X14Y40         MUXF7 (Prop_muxf7_I0_O)      0.241    26.282 r  Inst_CPU/Inst_MemDatos/RAM_reg_256_511_31_31/F7.B/O
                         net (fo=1, routed)           0.000    26.282    Inst_CPU/Inst_MemDatos/RAM_reg_256_511_31_31/O0
    SLICE_X14Y40         MUXF8 (Prop_muxf8_I0_O)      0.098    26.380 r  Inst_CPU/Inst_MemDatos/RAM_reg_256_511_31_31/F8/O
                         net (fo=1, routed)           1.091    27.471    Inst_CPU/Inst_MemDatos/RAM_reg_256_511_31_31_n_0
    SLICE_X28Y37         LUT6 (Prop_lut6_I3_O)        0.319    27.790 r  Inst_CPU/Inst_MemDatos/temp_i_9__11/O
                         net (fo=1, routed)           0.890    28.680    Inst_CPU/Inst_MemDatos/dataOut0[31]
    SLICE_X28Y37         LUT2 (Prop_lut2_I0_O)        0.124    28.804 r  Inst_CPU/Inst_MemDatos/temp_i_5__14/O
                         net (fo=4, routed)           1.355    30.160    Inst_CPU/Inst_MemDatos/temp_i_13_0
    SLICE_X47Y42         LUT6 (Prop_lut6_I0_O)        0.124    30.284 f  Inst_CPU/Inst_MemDatos/temp_i_4__13/O
                         net (fo=3, routed)           0.585    30.869    Inst_CPU/Inst_MemInstr/temp_reg_5
    SLICE_X47Y43         LUT5 (Prop_lut5_I1_O)        0.150    31.019 r  Inst_CPU/Inst_MemInstr/temp_i_7__24/O
                         net (fo=16, routed)          2.479    33.498    Inst_CPU/Inst_MUX4_Reg/temp_reg_0
    SLICE_X33Y52         LUT6 (Prop_lut6_I3_O)        0.326    33.824 r  Inst_CPU/Inst_MUX4_Reg/temp_i_2__0/O
                         net (fo=1, routed)           0.665    34.489    Inst_CPU/Inst_MUX4_Reg/temp_i_2__0_n_0
    SLICE_X33Y52         LUT5 (Prop_lut5_I0_O)        0.124    34.613 r  Inst_CPU/Inst_MUX4_Reg/temp_i_1__0/O
                         net (fo=16, routed)          2.528    37.141    Inst_CPU/Inst_BancoReg/ciclo_regs[1].R32_n.bank/registro[29].FF_D_use/D[0]
    SLICE_X3Y60          FDCE                                         r  Inst_CPU/Inst_BancoReg/ciclo_regs[1].R32_n.bank/registro[29].FF_D_use/temp_reg/D
  -------------------------------------------------------------------    -------------------

Slack:                    inf
  Source:                 BOOTLOADER_use/ram_addr_reg[1]/C
                            (rising edge-triggered cell FDRE clocked by sys_clk_pin  {rise@0.000ns fall@5.000ns period=10.000ns})
  Destination:            Inst_CPU/Inst_BancoReg/ciclo_regs[9].R32_n.bank/registro[29].FF_D_use/temp_reg/D
  Path Group:             (none)
  Path Type:              Max at Slow Process Corner
  Data Path Delay:        31.984ns  (logic 4.624ns (14.456%)  route 27.360ns (85.544%))
  Logic Levels:           25  (LUT2=1 LUT3=2 LUT5=5 LUT6=11 MUXF7=2 MUXF8=2 RAMS64E=2)
  Clock Uncertainty:      0.025ns  ((TSJ^2 + TIJ^2)^1/2 + DJ) / 2 + PE
    Total System Jitter     (TSJ):    0.050ns
    Total Input Jitter      (TIJ):    0.000ns
    Discrete Jitter          (DJ):    0.000ns
    Phase Error              (PE):    0.000ns

    Location             Delay type                Incr(ns)  Path(ns)    Netlist Resource(s)
  -------------------------------------------------------------------    -------------------
                         (clock sys_clk_pin rise edge)
                                                      0.000     0.000 r  
    W5                                                0.000     0.000 r  clk_100MHz (IN)
                         net (fo=0)                   0.000     0.000    clk_100MHz
    W5                   IBUF (Prop_ibuf_I_O)         1.458     1.458 r  clk_100MHz_IBUF_inst/O
                         net (fo=1, routed)           1.967     3.425    clk_100MHz_IBUF
    BUFGCTRL_X0Y1        BUFG (Prop_bufg_I_O)         0.096     3.521 r  clk_100MHz_IBUF_BUFG_inst/O
                         net (fo=796, routed)         1.636     5.157    BOOTLOADER_use/clk_100MHz_IBUF_BUFG
    SLICE_X7Y49          FDRE                                         r  BOOTLOADER_use/ram_addr_reg[1]/C
  -------------------------------------------------------------------    -------------------
    SLICE_X7Y49          FDRE (Prop_fdre_C_Q)         0.456     5.613 r  BOOTLOADER_use/ram_addr_reg[1]/Q
                         net (fo=1, routed)           0.404     6.017    BOOTLOADER_use/boot_addr[1]
    SLICE_X7Y49          LUT3 (Prop_lut3_I0_O)        0.124     6.141 r  BOOTLOADER_use/RAM_reg_0_255_0_0_i_9__0/O
                         net (fo=512, routed)         1.491     7.632    Inst_CPU/Inst_MemInstr/RAM_reg_768_1023_3_3/A1
    SLICE_X8Y42          RAMS64E (Prop_rams64e_ADR1_O)
                                                      0.386     8.018 f  Inst_CPU/Inst_MemInstr/RAM_reg_768_1023_3_3/RAMS64E_C/O
                         net (fo=1, routed)           0.000     8.018    Inst_CPU/Inst_MemInstr/RAM_reg_768_1023_3_3/OC
    SLICE_X8Y42          MUXF7 (Prop_muxf7_I1_O)      0.247     8.265 f  Inst_CPU/Inst_MemInstr/RAM_reg_768_1023_3_3/F7.B/O
                         net (fo=1, routed)           0.000     8.265    Inst_CPU/Inst_MemInstr/RAM_reg_768_1023_3_3/O0
    SLICE_X8Y42          MUXF8 (Prop_muxf8_I0_O)      0.098     8.363 f  Inst_CPU/Inst_MemInstr/RAM_reg_768_1023_3_3/F8/O
                         net (fo=1, routed)           1.283     9.645    Inst_CPU/Inst_MemInstr/RAM_reg_768_1023_3_3_n_0
    SLICE_X11Y48         LUT6 (Prop_lut6_I0_O)        0.319     9.964 f  Inst_CPU/Inst_MemInstr/Rs1SumOffsetOut_carry_i_42/O
                         net (fo=14, routed)          0.900    10.865    Inst_CPU/Inst_MemInstr/s_Instruction[3]
    SLICE_X11Y53         LUT3 (Prop_lut3_I1_O)        0.124    10.989 r  Inst_CPU/Inst_MemInstr/temp_i_34/O
                         net (fo=1, routed)           0.469    11.458    Inst_CPU/Inst_MemInstr/temp_i_34_n_0
    SLICE_X11Y53         LUT6 (Prop_lut6_I5_O)        0.124    11.582 f  Inst_CPU/Inst_MemInstr/temp_i_16/O
                         net (fo=1, routed)           0.810    12.391    Inst_CPU/Inst_MemInstr/temp_i_16_n_0
    SLICE_X11Y51         LUT6 (Prop_lut6_I2_O)        0.124    12.515 f  Inst_CPU/Inst_MemInstr/temp_i_9/O
                         net (fo=20, routed)          0.997    13.512    Inst_CPU/Inst_MemInstr/s_ICode[3]
    SLICE_X11Y47         LUT5 (Prop_lut5_I0_O)        0.124    13.636 r  Inst_CPU/Inst_MemInstr/Res0_carry_i_18/O
                         net (fo=3, routed)           0.455    14.091    Inst_CPU/Inst_MemInstr_n_354
    SLICE_X11Y44         LUT6 (Prop_lut6_I4_O)        0.124    14.215 r  Inst_CPU/Res0_carry_i_11/O
                         net (fo=116, routed)         0.903    15.117    Inst_CPU/Inst_BancoReg/ciclo_regs[15].R32_n.bank/registro[28].FF_D_use/s_ALU_B[1]
    SLICE_X11Y47         LUT6 (Prop_lut6_I1_O)        0.124    15.241 r  Inst_CPU/Inst_BancoReg/ciclo_regs[15].R32_n.bank/registro[28].FF_D_use/RAM_reg_0_255_0_0_i_122/O
                         net (fo=3, routed)           0.808    16.049    Inst_CPU/Inst_BancoReg/ciclo_regs[15].R32_n.bank/registro[24].FF_D_use/RAM_reg_0_255_0_0_i_124
    SLICE_X11Y46         LUT6 (Prop_lut6_I2_O)        0.124    16.173 r  Inst_CPU/Inst_BancoReg/ciclo_regs[15].R32_n.bank/registro[24].FF_D_use/RAM_reg_0_255_0_0_i_74/O
                         net (fo=3, routed)           0.957    17.130    Inst_CPU/Inst_MemInstr/RAM_reg_0_255_0_0_i_76_0
    SLICE_X28Y49         LUT5 (Prop_lut5_I4_O)        0.124    17.254 r  Inst_CPU/Inst_MemInstr/RAM_reg_0_255_0_0_i_124/O
                         net (fo=2, routed)           0.463    17.717    Inst_CPU/Inst_MemInstr/RAM_reg_0_255_0_0_i_124_n_0
    SLICE_X32Y50         LUT6 (Prop_lut6_I0_O)        0.124    17.841 r  Inst_CPU/Inst_MemInstr/RAM_reg_0_255_0_0_i_78/O
                         net (fo=1, routed)           0.284    18.125    Inst_CPU/Inst_MemInstr/RAM_reg_0_255_0_0_i_78_n_0
    SLICE_X31Y50         LUT6 (Prop_lut6_I5_O)        0.124    18.249 r  Inst_CPU/Inst_MemInstr/RAM_reg_0_255_0_0_i_35/O
                         net (fo=12, routed)          2.297    20.547    Inst_CPU/Inst_MemInstr/RAM_reg_0_255_0_0_i_35_n_0
    SLICE_X47Y46         LUT5 (Prop_lut5_I2_O)        0.124    20.671 r  Inst_CPU/Inst_MemInstr/RAM_reg_0_255_7_7_i_7/O
                         net (fo=128, routed)         5.246    25.917    Inst_CPU/Inst_MemDatos/RAM_reg_256_511_31_31/A1
    SLICE_X14Y40         RAMS64E (Prop_rams64e_ADR1_O)
                                                      0.124    26.041 r  Inst_CPU/Inst_MemDatos/RAM_reg_256_511_31_31/RAMS64E_D/O
                         net (fo=1, routed)           0.000    26.041    Inst_CPU/Inst_MemDatos/RAM_reg_256_511_31_31/OD
    SLICE_X14Y40         MUXF7 (Prop_muxf7_I0_O)      0.241    26.282 r  Inst_CPU/Inst_MemDatos/RAM_reg_256_511_31_31/F7.B/O
                         net (fo=1, routed)           0.000    26.282    Inst_CPU/Inst_MemDatos/RAM_reg_256_511_31_31/O0
    SLICE_X14Y40         MUXF8 (Prop_muxf8_I0_O)      0.098    26.380 r  Inst_CPU/Inst_MemDatos/RAM_reg_256_511_31_31/F8/O
                         net (fo=1, routed)           1.091    27.471    Inst_CPU/Inst_MemDatos/RAM_reg_256_511_31_31_n_0
    SLICE_X28Y37         LUT6 (Prop_lut6_I3_O)        0.319    27.790 r  Inst_CPU/Inst_MemDatos/temp_i_9__11/O
                         net (fo=1, routed)           0.890    28.680    Inst_CPU/Inst_MemDatos/dataOut0[31]
    SLICE_X28Y37         LUT2 (Prop_lut2_I0_O)        0.124    28.804 r  Inst_CPU/Inst_MemDatos/temp_i_5__14/O
                         net (fo=4, routed)           1.355    30.160    Inst_CPU/Inst_MemDatos/temp_i_13_0
    SLICE_X47Y42         LUT6 (Prop_lut6_I0_O)        0.124    30.284 f  Inst_CPU/Inst_MemDatos/temp_i_4__13/O
                         net (fo=3, routed)           0.585    30.869    Inst_CPU/Inst_MemInstr/temp_reg_5
    SLICE_X47Y43         LUT5 (Prop_lut5_I1_O)        0.150    31.019 r  Inst_CPU/Inst_MemInstr/temp_i_7__24/O
                         net (fo=16, routed)          2.479    33.498    Inst_CPU/Inst_MUX4_Reg/temp_reg_0
    SLICE_X33Y52         LUT6 (Prop_lut6_I3_O)        0.326    33.824 r  Inst_CPU/Inst_MUX4_Reg/temp_i_2__0/O
                         net (fo=1, routed)           0.665    34.489    Inst_CPU/Inst_MUX4_Reg/temp_i_2__0_n_0
    SLICE_X33Y52         LUT5 (Prop_lut5_I0_O)        0.124    34.613 r  Inst_CPU/Inst_MUX4_Reg/temp_i_1__0/O
                         net (fo=16, routed)          2.528    37.141    Inst_CPU/Inst_BancoReg/ciclo_regs[9].R32_n.bank/registro[29].FF_D_use/D[0]
    SLICE_X2Y61          FDCE                                         r  Inst_CPU/Inst_BancoReg/ciclo_regs[9].R32_n.bank/registro[29].FF_D_use/temp_reg/D
  -------------------------------------------------------------------    -------------------

Slack:                    inf
  Source:                 BOOTLOADER_use/ram_addr_reg[1]/C
                            (rising edge-triggered cell FDRE clocked by sys_clk_pin  {rise@0.000ns fall@5.000ns period=10.000ns})
  Destination:            Inst_CPU/Inst_BancoReg/ciclo_regs[9].R32_n.bank/registro[14].FF_D_use/temp_reg/D
  Path Group:             (none)
  Path Type:              Max at Slow Process Corner
  Data Path Delay:        31.893ns  (logic 4.396ns (13.782%)  route 27.497ns (86.218%))
  Logic Levels:           25  (LUT2=1 LUT3=3 LUT5=4 LUT6=11 MUXF7=2 MUXF8=2 RAMS64E=2)
  Clock Uncertainty:      0.025ns  ((TSJ^2 + TIJ^2)^1/2 + DJ) / 2 + PE
    Total System Jitter     (TSJ):    0.050ns
    Total Input Jitter      (TIJ):    0.000ns
    Discrete Jitter          (DJ):    0.000ns
    Phase Error              (PE):    0.000ns

    Location             Delay type                Incr(ns)  Path(ns)    Netlist Resource(s)
  -------------------------------------------------------------------    -------------------
                         (clock sys_clk_pin rise edge)
                                                      0.000     0.000 r  
    W5                                                0.000     0.000 r  clk_100MHz (IN)
                         net (fo=0)                   0.000     0.000    clk_100MHz
    W5                   IBUF (Prop_ibuf_I_O)         1.458     1.458 r  clk_100MHz_IBUF_inst/O
                         net (fo=1, routed)           1.967     3.425    clk_100MHz_IBUF
    BUFGCTRL_X0Y1        BUFG (Prop_bufg_I_O)         0.096     3.521 r  clk_100MHz_IBUF_BUFG_inst/O
                         net (fo=796, routed)         1.636     5.157    BOOTLOADER_use/clk_100MHz_IBUF_BUFG
    SLICE_X7Y49          FDRE                                         r  BOOTLOADER_use/ram_addr_reg[1]/C
  -------------------------------------------------------------------    -------------------
    SLICE_X7Y49          FDRE (Prop_fdre_C_Q)         0.456     5.613 r  BOOTLOADER_use/ram_addr_reg[1]/Q
                         net (fo=1, routed)           0.404     6.017    BOOTLOADER_use/boot_addr[1]
    SLICE_X7Y49          LUT3 (Prop_lut3_I0_O)        0.124     6.141 r  BOOTLOADER_use/RAM_reg_0_255_0_0_i_9__0/O
                         net (fo=512, routed)         1.491     7.632    Inst_CPU/Inst_MemInstr/RAM_reg_768_1023_3_3/A1
    SLICE_X8Y42          RAMS64E (Prop_rams64e_ADR1_O)
                                                      0.386     8.018 f  Inst_CPU/Inst_MemInstr/RAM_reg_768_1023_3_3/RAMS64E_C/O
                         net (fo=1, routed)           0.000     8.018    Inst_CPU/Inst_MemInstr/RAM_reg_768_1023_3_3/OC
    SLICE_X8Y42          MUXF7 (Prop_muxf7_I1_O)      0.247     8.265 f  Inst_CPU/Inst_MemInstr/RAM_reg_768_1023_3_3/F7.B/O
                         net (fo=1, routed)           0.000     8.265    Inst_CPU/Inst_MemInstr/RAM_reg_768_1023_3_3/O0
    SLICE_X8Y42          MUXF8 (Prop_muxf8_I0_O)      0.098     8.363 f  Inst_CPU/Inst_MemInstr/RAM_reg_768_1023_3_3/F8/O
                         net (fo=1, routed)           1.283     9.645    Inst_CPU/Inst_MemInstr/RAM_reg_768_1023_3_3_n_0
    SLICE_X11Y48         LUT6 (Prop_lut6_I0_O)        0.319     9.964 f  Inst_CPU/Inst_MemInstr/Rs1SumOffsetOut_carry_i_42/O
                         net (fo=14, routed)          0.900    10.865    Inst_CPU/Inst_MemInstr/s_Instruction[3]
    SLICE_X11Y53         LUT3 (Prop_lut3_I1_O)        0.124    10.989 r  Inst_CPU/Inst_MemInstr/temp_i_34/O
                         net (fo=1, routed)           0.469    11.458    Inst_CPU/Inst_MemInstr/temp_i_34_n_0
    SLICE_X11Y53         LUT6 (Prop_lut6_I5_O)        0.124    11.582 f  Inst_CPU/Inst_MemInstr/temp_i_16/O
                         net (fo=1, routed)           0.810    12.391    Inst_CPU/Inst_MemInstr/temp_i_16_n_0
    SLICE_X11Y51         LUT6 (Prop_lut6_I2_O)        0.124    12.515 f  Inst_CPU/Inst_MemInstr/temp_i_9/O
                         net (fo=20, routed)          0.997    13.512    Inst_CPU/Inst_MemInstr/s_ICode[3]
    SLICE_X11Y47         LUT5 (Prop_lut5_I0_O)        0.124    13.636 r  Inst_CPU/Inst_MemInstr/Res0_carry_i_18/O
                         net (fo=3, routed)           0.455    14.091    Inst_CPU/Inst_MemInstr_n_354
    SLICE_X11Y44         LUT6 (Prop_lut6_I4_O)        0.124    14.215 r  Inst_CPU/Res0_carry_i_11/O
                         net (fo=116, routed)         0.903    15.117    Inst_CPU/Inst_BancoReg/ciclo_regs[15].R32_n.bank/registro[28].FF_D_use/s_ALU_B[1]
    SLICE_X11Y47         LUT6 (Prop_lut6_I1_O)        0.124    15.241 r  Inst_CPU/Inst_BancoReg/ciclo_regs[15].R32_n.bank/registro[28].FF_D_use/RAM_reg_0_255_0_0_i_122/O
                         net (fo=3, routed)           0.808    16.049    Inst_CPU/Inst_BancoReg/ciclo_regs[15].R32_n.bank/registro[24].FF_D_use/RAM_reg_0_255_0_0_i_124
    SLICE_X11Y46         LUT6 (Prop_lut6_I2_O)        0.124    16.173 r  Inst_CPU/Inst_BancoReg/ciclo_regs[15].R32_n.bank/registro[24].FF_D_use/RAM_reg_0_255_0_0_i_74/O
                         net (fo=3, routed)           0.957    17.130    Inst_CPU/Inst_MemInstr/RAM_reg_0_255_0_0_i_76_0
    SLICE_X28Y49         LUT5 (Prop_lut5_I4_O)        0.124    17.254 r  Inst_CPU/Inst_MemInstr/RAM_reg_0_255_0_0_i_124/O
                         net (fo=2, routed)           0.463    17.717    Inst_CPU/Inst_MemInstr/RAM_reg_0_255_0_0_i_124_n_0
    SLICE_X32Y50         LUT6 (Prop_lut6_I0_O)        0.124    17.841 r  Inst_CPU/Inst_MemInstr/RAM_reg_0_255_0_0_i_78/O
                         net (fo=1, routed)           0.284    18.125    Inst_CPU/Inst_MemInstr/RAM_reg_0_255_0_0_i_78_n_0
    SLICE_X31Y50         LUT6 (Prop_lut6_I5_O)        0.124    18.249 r  Inst_CPU/Inst_MemInstr/RAM_reg_0_255_0_0_i_35/O
                         net (fo=12, routed)          2.297    20.547    Inst_CPU/Inst_MemInstr/RAM_reg_0_255_0_0_i_35_n_0
    SLICE_X47Y46         LUT5 (Prop_lut5_I2_O)        0.124    20.671 r  Inst_CPU/Inst_MemInstr/RAM_reg_0_255_7_7_i_7/O
                         net (fo=128, routed)         5.246    25.917    Inst_CPU/Inst_MemDatos/RAM_reg_256_511_31_31/A1
    SLICE_X14Y40         RAMS64E (Prop_rams64e_ADR1_O)
                                                      0.124    26.041 r  Inst_CPU/Inst_MemDatos/RAM_reg_256_511_31_31/RAMS64E_D/O
                         net (fo=1, routed)           0.000    26.041    Inst_CPU/Inst_MemDatos/RAM_reg_256_511_31_31/OD
    SLICE_X14Y40         MUXF7 (Prop_muxf7_I0_O)      0.241    26.282 r  Inst_CPU/Inst_MemDatos/RAM_reg_256_511_31_31/F7.B/O
                         net (fo=1, routed)           0.000    26.282    Inst_CPU/Inst_MemDatos/RAM_reg_256_511_31_31/O0
    SLICE_X14Y40         MUXF8 (Prop_muxf8_I0_O)      0.098    26.380 r  Inst_CPU/Inst_MemDatos/RAM_reg_256_511_31_31/F8/O
                         net (fo=1, routed)           1.091    27.471    Inst_CPU/Inst_MemDatos/RAM_reg_256_511_31_31_n_0
    SLICE_X28Y37         LUT6 (Prop_lut6_I3_O)        0.319    27.790 r  Inst_CPU/Inst_MemDatos/temp_i_9__11/O
                         net (fo=1, routed)           0.890    28.680    Inst_CPU/Inst_MemDatos/dataOut0[31]
    SLICE_X28Y37         LUT2 (Prop_lut2_I0_O)        0.124    28.804 r  Inst_CPU/Inst_MemDatos/temp_i_5__14/O
                         net (fo=4, routed)           1.355    30.160    Inst_CPU/Inst_MemDatos/temp_i_13_0
    SLICE_X47Y42         LUT6 (Prop_lut6_I0_O)        0.124    30.284 f  Inst_CPU/Inst_MemDatos/temp_i_4__13/O
                         net (fo=3, routed)           0.585    30.869    Inst_CPU/Inst_MemInstr/temp_reg_5
    SLICE_X47Y43         LUT3 (Prop_lut3_I1_O)        0.124    30.993 f  Inst_CPU/Inst_MemInstr/temp_i_6__29/O
                         net (fo=8, routed)           0.451    31.443    Inst_CPU/Inst_MemInstr/temp_i_6__29_n_0
    SLICE_X45Y42         LUT6 (Prop_lut6_I5_O)        0.124    31.567 r  Inst_CPU/Inst_MemInstr/temp_i_2__12/O
                         net (fo=1, routed)           1.145    32.712    Inst_CPU/Inst_MUX4_Reg/s_LoadData[14]
    SLICE_X40Y51         LUT5 (Prop_lut5_I0_O)        0.124    32.836 r  Inst_CPU/Inst_MUX4_Reg/temp_i_1__28/O
                         net (fo=16, routed)          4.214    37.050    Inst_CPU/Inst_BancoReg/ciclo_regs[9].R32_n.bank/registro[14].FF_D_use/D[0]
    SLICE_X5Y59          FDCE                                         r  Inst_CPU/Inst_BancoReg/ciclo_regs[9].R32_n.bank/registro[14].FF_D_use/temp_reg/D
  -------------------------------------------------------------------    -------------------

Slack:                    inf
  Source:                 BOOTLOADER_use/ram_addr_reg[1]/C
                            (rising edge-triggered cell FDRE clocked by sys_clk_pin  {rise@0.000ns fall@5.000ns period=10.000ns})
  Destination:            Inst_CPU/Inst_BancoReg/ciclo_regs[1].R32_n.bank/registro[21].FF_D_use/temp_reg/D
  Path Group:             (none)
  Path Type:              Max at Slow Process Corner
  Data Path Delay:        31.818ns  (logic 4.624ns (14.531%)  route 27.195ns (85.469%))
  Logic Levels:           25  (LUT2=1 LUT3=2 LUT5=5 LUT6=11 MUXF7=2 MUXF8=2 RAMS64E=2)
  Clock Uncertainty:      0.025ns  ((TSJ^2 + TIJ^2)^1/2 + DJ) / 2 + PE
    Total System Jitter     (TSJ):    0.050ns
    Total Input Jitter      (TIJ):    0.000ns
    Discrete Jitter          (DJ):    0.000ns
    Phase Error              (PE):    0.000ns

    Location             Delay type                Incr(ns)  Path(ns)    Netlist Resource(s)
  -------------------------------------------------------------------    -------------------
                         (clock sys_clk_pin rise edge)
                                                      0.000     0.000 r  
    W5                                                0.000     0.000 r  clk_100MHz (IN)
                         net (fo=0)                   0.000     0.000    clk_100MHz
    W5                   IBUF (Prop_ibuf_I_O)         1.458     1.458 r  clk_100MHz_IBUF_inst/O
                         net (fo=1, routed)           1.967     3.425    clk_100MHz_IBUF
    BUFGCTRL_X0Y1        BUFG (Prop_bufg_I_O)         0.096     3.521 r  clk_100MHz_IBUF_BUFG_inst/O
                         net (fo=796, routed)         1.636     5.157    BOOTLOADER_use/clk_100MHz_IBUF_BUFG
    SLICE_X7Y49          FDRE                                         r  BOOTLOADER_use/ram_addr_reg[1]/C
  -------------------------------------------------------------------    -------------------
    SLICE_X7Y49          FDRE (Prop_fdre_C_Q)         0.456     5.613 r  BOOTLOADER_use/ram_addr_reg[1]/Q
                         net (fo=1, routed)           0.404     6.017    BOOTLOADER_use/boot_addr[1]
    SLICE_X7Y49          LUT3 (Prop_lut3_I0_O)        0.124     6.141 r  BOOTLOADER_use/RAM_reg_0_255_0_0_i_9__0/O
                         net (fo=512, routed)         1.491     7.632    Inst_CPU/Inst_MemInstr/RAM_reg_768_1023_3_3/A1
    SLICE_X8Y42          RAMS64E (Prop_rams64e_ADR1_O)
                                                      0.386     8.018 f  Inst_CPU/Inst_MemInstr/RAM_reg_768_1023_3_3/RAMS64E_C/O
                         net (fo=1, routed)           0.000     8.018    Inst_CPU/Inst_MemInstr/RAM_reg_768_1023_3_3/OC
    SLICE_X8Y42          MUXF7 (Prop_muxf7_I1_O)      0.247     8.265 f  Inst_CPU/Inst_MemInstr/RAM_reg_768_1023_3_3/F7.B/O
                         net (fo=1, routed)           0.000     8.265    Inst_CPU/Inst_MemInstr/RAM_reg_768_1023_3_3/O0
    SLICE_X8Y42          MUXF8 (Prop_muxf8_I0_O)      0.098     8.363 f  Inst_CPU/Inst_MemInstr/RAM_reg_768_1023_3_3/F8/O
                         net (fo=1, routed)           1.283     9.645    Inst_CPU/Inst_MemInstr/RAM_reg_768_1023_3_3_n_0
    SLICE_X11Y48         LUT6 (Prop_lut6_I0_O)        0.319     9.964 f  Inst_CPU/Inst_MemInstr/Rs1SumOffsetOut_carry_i_42/O
                         net (fo=14, routed)          0.900    10.865    Inst_CPU/Inst_MemInstr/s_Instruction[3]
    SLICE_X11Y53         LUT3 (Prop_lut3_I1_O)        0.124    10.989 r  Inst_CPU/Inst_MemInstr/temp_i_34/O
                         net (fo=1, routed)           0.469    11.458    Inst_CPU/Inst_MemInstr/temp_i_34_n_0
    SLICE_X11Y53         LUT6 (Prop_lut6_I5_O)        0.124    11.582 f  Inst_CPU/Inst_MemInstr/temp_i_16/O
                         net (fo=1, routed)           0.810    12.391    Inst_CPU/Inst_MemInstr/temp_i_16_n_0
    SLICE_X11Y51         LUT6 (Prop_lut6_I2_O)        0.124    12.515 f  Inst_CPU/Inst_MemInstr/temp_i_9/O
                         net (fo=20, routed)          0.997    13.512    Inst_CPU/Inst_MemInstr/s_ICode[3]
    SLICE_X11Y47         LUT5 (Prop_lut5_I0_O)        0.124    13.636 r  Inst_CPU/Inst_MemInstr/Res0_carry_i_18/O
                         net (fo=3, routed)           0.455    14.091    Inst_CPU/Inst_MemInstr_n_354
    SLICE_X11Y44         LUT6 (Prop_lut6_I4_O)        0.124    14.215 r  Inst_CPU/Res0_carry_i_11/O
                         net (fo=116, routed)         0.903    15.117    Inst_CPU/Inst_BancoReg/ciclo_regs[15].R32_n.bank/registro[28].FF_D_use/s_ALU_B[1]
    SLICE_X11Y47         LUT6 (Prop_lut6_I1_O)        0.124    15.241 r  Inst_CPU/Inst_BancoReg/ciclo_regs[15].R32_n.bank/registro[28].FF_D_use/RAM_reg_0_255_0_0_i_122/O
                         net (fo=3, routed)           0.808    16.049    Inst_CPU/Inst_BancoReg/ciclo_regs[15].R32_n.bank/registro[24].FF_D_use/RAM_reg_0_255_0_0_i_124
    SLICE_X11Y46         LUT6 (Prop_lut6_I2_O)        0.124    16.173 r  Inst_CPU/Inst_BancoReg/ciclo_regs[15].R32_n.bank/registro[24].FF_D_use/RAM_reg_0_255_0_0_i_74/O
                         net (fo=3, routed)           0.957    17.130    Inst_CPU/Inst_MemInstr/RAM_reg_0_255_0_0_i_76_0
    SLICE_X28Y49         LUT5 (Prop_lut5_I4_O)        0.124    17.254 r  Inst_CPU/Inst_MemInstr/RAM_reg_0_255_0_0_i_124/O
                         net (fo=2, routed)           0.463    17.717    Inst_CPU/Inst_MemInstr/RAM_reg_0_255_0_0_i_124_n_0
    SLICE_X32Y50         LUT6 (Prop_lut6_I0_O)        0.124    17.841 r  Inst_CPU/Inst_MemInstr/RAM_reg_0_255_0_0_i_78/O
                         net (fo=1, routed)           0.284    18.125    Inst_CPU/Inst_MemInstr/RAM_reg_0_255_0_0_i_78_n_0
    SLICE_X31Y50         LUT6 (Prop_lut6_I5_O)        0.124    18.249 r  Inst_CPU/Inst_MemInstr/RAM_reg_0_255_0_0_i_35/O
                         net (fo=12, routed)          2.297    20.547    Inst_CPU/Inst_MemInstr/RAM_reg_0_255_0_0_i_35_n_0
    SLICE_X47Y46         LUT5 (Prop_lut5_I2_O)        0.124    20.671 r  Inst_CPU/Inst_MemInstr/RAM_reg_0_255_7_7_i_7/O
                         net (fo=128, routed)         5.246    25.917    Inst_CPU/Inst_MemDatos/RAM_reg_256_511_31_31/A1
    SLICE_X14Y40         RAMS64E (Prop_rams64e_ADR1_O)
                                                      0.124    26.041 r  Inst_CPU/Inst_MemDatos/RAM_reg_256_511_31_31/RAMS64E_D/O
                         net (fo=1, routed)           0.000    26.041    Inst_CPU/Inst_MemDatos/RAM_reg_256_511_31_31/OD
    SLICE_X14Y40         MUXF7 (Prop_muxf7_I0_O)      0.241    26.282 r  Inst_CPU/Inst_MemDatos/RAM_reg_256_511_31_31/F7.B/O
                         net (fo=1, routed)           0.000    26.282    Inst_CPU/Inst_MemDatos/RAM_reg_256_511_31_31/O0
    SLICE_X14Y40         MUXF8 (Prop_muxf8_I0_O)      0.098    26.380 r  Inst_CPU/Inst_MemDatos/RAM_reg_256_511_31_31/F8/O
                         net (fo=1, routed)           1.091    27.471    Inst_CPU/Inst_MemDatos/RAM_reg_256_511_31_31_n_0
    SLICE_X28Y37         LUT6 (Prop_lut6_I3_O)        0.319    27.790 r  Inst_CPU/Inst_MemDatos/temp_i_9__11/O
                         net (fo=1, routed)           0.890    28.680    Inst_CPU/Inst_MemDatos/dataOut0[31]
    SLICE_X28Y37         LUT2 (Prop_lut2_I0_O)        0.124    28.804 r  Inst_CPU/Inst_MemDatos/temp_i_5__14/O
                         net (fo=4, routed)           1.355    30.160    Inst_CPU/Inst_MemDatos/temp_i_13_0
    SLICE_X47Y42         LUT6 (Prop_lut6_I0_O)        0.124    30.284 f  Inst_CPU/Inst_MemDatos/temp_i_4__13/O
                         net (fo=3, routed)           0.585    30.869    Inst_CPU/Inst_MemInstr/temp_reg_5
    SLICE_X47Y43         LUT5 (Prop_lut5_I1_O)        0.150    31.019 r  Inst_CPU/Inst_MemInstr/temp_i_7__24/O
                         net (fo=16, routed)          1.166    32.185    Inst_CPU/Inst_MUX4_Reg/temp_reg_0
    SLICE_X41Y49         LUT6 (Prop_lut6_I3_O)        0.326    32.511 r  Inst_CPU/Inst_MUX4_Reg/temp_i_2__8/O
                         net (fo=1, routed)           0.870    33.381    Inst_CPU/Inst_MUX4_Reg/temp_i_2__8_n_0
    SLICE_X40Y49         LUT5 (Prop_lut5_I0_O)        0.124    33.505 r  Inst_CPU/Inst_MUX4_Reg/temp_i_1__8/O
                         net (fo=16, routed)          3.470    36.975    Inst_CPU/Inst_BancoReg/ciclo_regs[1].R32_n.bank/registro[21].FF_D_use/D[0]
    SLICE_X5Y58          FDCE                                         r  Inst_CPU/Inst_BancoReg/ciclo_regs[1].R32_n.bank/registro[21].FF_D_use/temp_reg/D
  -------------------------------------------------------------------    -------------------

Slack:                    inf
  Source:                 BOOTLOADER_use/ram_addr_reg[1]/C
                            (rising edge-triggered cell FDRE clocked by sys_clk_pin  {rise@0.000ns fall@5.000ns period=10.000ns})
  Destination:            Inst_CPU/Inst_BancoReg/ciclo_regs[12].R32_n.bank/registro[29].FF_D_use/temp_reg/D
  Path Group:             (none)
  Path Type:              Max at Slow Process Corner
  Data Path Delay:        31.813ns  (logic 4.624ns (14.534%)  route 27.190ns (85.466%))
  Logic Levels:           25  (LUT2=1 LUT3=2 LUT5=5 LUT6=11 MUXF7=2 MUXF8=2 RAMS64E=2)
  Clock Uncertainty:      0.025ns  ((TSJ^2 + TIJ^2)^1/2 + DJ) / 2 + PE
    Total System Jitter     (TSJ):    0.050ns
    Total Input Jitter      (TIJ):    0.000ns
    Discrete Jitter          (DJ):    0.000ns
    Phase Error              (PE):    0.000ns

    Location             Delay type                Incr(ns)  Path(ns)    Netlist Resource(s)
  -------------------------------------------------------------------    -------------------
                         (clock sys_clk_pin rise edge)
                                                      0.000     0.000 r  
    W5                                                0.000     0.000 r  clk_100MHz (IN)
                         net (fo=0)                   0.000     0.000    clk_100MHz
    W5                   IBUF (Prop_ibuf_I_O)         1.458     1.458 r  clk_100MHz_IBUF_inst/O
                         net (fo=1, routed)           1.967     3.425    clk_100MHz_IBUF
    BUFGCTRL_X0Y1        BUFG (Prop_bufg_I_O)         0.096     3.521 r  clk_100MHz_IBUF_BUFG_inst/O
                         net (fo=796, routed)         1.636     5.157    BOOTLOADER_use/clk_100MHz_IBUF_BUFG
    SLICE_X7Y49          FDRE                                         r  BOOTLOADER_use/ram_addr_reg[1]/C
  -------------------------------------------------------------------    -------------------
    SLICE_X7Y49          FDRE (Prop_fdre_C_Q)         0.456     5.613 r  BOOTLOADER_use/ram_addr_reg[1]/Q
                         net (fo=1, routed)           0.404     6.017    BOOTLOADER_use/boot_addr[1]
    SLICE_X7Y49          LUT3 (Prop_lut3_I0_O)        0.124     6.141 r  BOOTLOADER_use/RAM_reg_0_255_0_0_i_9__0/O
                         net (fo=512, routed)         1.491     7.632    Inst_CPU/Inst_MemInstr/RAM_reg_768_1023_3_3/A1
    SLICE_X8Y42          RAMS64E (Prop_rams64e_ADR1_O)
                                                      0.386     8.018 f  Inst_CPU/Inst_MemInstr/RAM_reg_768_1023_3_3/RAMS64E_C/O
                         net (fo=1, routed)           0.000     8.018    Inst_CPU/Inst_MemInstr/RAM_reg_768_1023_3_3/OC
    SLICE_X8Y42          MUXF7 (Prop_muxf7_I1_O)      0.247     8.265 f  Inst_CPU/Inst_MemInstr/RAM_reg_768_1023_3_3/F7.B/O
                         net (fo=1, routed)           0.000     8.265    Inst_CPU/Inst_MemInstr/RAM_reg_768_1023_3_3/O0
    SLICE_X8Y42          MUXF8 (Prop_muxf8_I0_O)      0.098     8.363 f  Inst_CPU/Inst_MemInstr/RAM_reg_768_1023_3_3/F8/O
                         net (fo=1, routed)           1.283     9.645    Inst_CPU/Inst_MemInstr/RAM_reg_768_1023_3_3_n_0
    SLICE_X11Y48         LUT6 (Prop_lut6_I0_O)        0.319     9.964 f  Inst_CPU/Inst_MemInstr/Rs1SumOffsetOut_carry_i_42/O
                         net (fo=14, routed)          0.900    10.865    Inst_CPU/Inst_MemInstr/s_Instruction[3]
    SLICE_X11Y53         LUT3 (Prop_lut3_I1_O)        0.124    10.989 r  Inst_CPU/Inst_MemInstr/temp_i_34/O
                         net (fo=1, routed)           0.469    11.458    Inst_CPU/Inst_MemInstr/temp_i_34_n_0
    SLICE_X11Y53         LUT6 (Prop_lut6_I5_O)        0.124    11.582 f  Inst_CPU/Inst_MemInstr/temp_i_16/O
                         net (fo=1, routed)           0.810    12.391    Inst_CPU/Inst_MemInstr/temp_i_16_n_0
    SLICE_X11Y51         LUT6 (Prop_lut6_I2_O)        0.124    12.515 f  Inst_CPU/Inst_MemInstr/temp_i_9/O
                         net (fo=20, routed)          0.997    13.512    Inst_CPU/Inst_MemInstr/s_ICode[3]
    SLICE_X11Y47         LUT5 (Prop_lut5_I0_O)        0.124    13.636 r  Inst_CPU/Inst_MemInstr/Res0_carry_i_18/O
                         net (fo=3, routed)           0.455    14.091    Inst_CPU/Inst_MemInstr_n_354
    SLICE_X11Y44         LUT6 (Prop_lut6_I4_O)        0.124    14.215 r  Inst_CPU/Res0_carry_i_11/O
                         net (fo=116, routed)         0.903    15.117    Inst_CPU/Inst_BancoReg/ciclo_regs[15].R32_n.bank/registro[28].FF_D_use/s_ALU_B[1]
    SLICE_X11Y47         LUT6 (Prop_lut6_I1_O)        0.124    15.241 r  Inst_CPU/Inst_BancoReg/ciclo_regs[15].R32_n.bank/registro[28].FF_D_use/RAM_reg_0_255_0_0_i_122/O
                         net (fo=3, routed)           0.808    16.049    Inst_CPU/Inst_BancoReg/ciclo_regs[15].R32_n.bank/registro[24].FF_D_use/RAM_reg_0_255_0_0_i_124
    SLICE_X11Y46         LUT6 (Prop_lut6_I2_O)        0.124    16.173 r  Inst_CPU/Inst_BancoReg/ciclo_regs[15].R32_n.bank/registro[24].FF_D_use/RAM_reg_0_255_0_0_i_74/O
                         net (fo=3, routed)           0.957    17.130    Inst_CPU/Inst_MemInstr/RAM_reg_0_255_0_0_i_76_0
    SLICE_X28Y49         LUT5 (Prop_lut5_I4_O)        0.124    17.254 r  Inst_CPU/Inst_MemInstr/RAM_reg_0_255_0_0_i_124/O
                         net (fo=2, routed)           0.463    17.717    Inst_CPU/Inst_MemInstr/RAM_reg_0_255_0_0_i_124_n_0
    SLICE_X32Y50         LUT6 (Prop_lut6_I0_O)        0.124    17.841 r  Inst_CPU/Inst_MemInstr/RAM_reg_0_255_0_0_i_78/O
                         net (fo=1, routed)           0.284    18.125    Inst_CPU/Inst_MemInstr/RAM_reg_0_255_0_0_i_78_n_0
    SLICE_X31Y50         LUT6 (Prop_lut6_I5_O)        0.124    18.249 r  Inst_CPU/Inst_MemInstr/RAM_reg_0_255_0_0_i_35/O
                         net (fo=12, routed)          2.297    20.547    Inst_CPU/Inst_MemInstr/RAM_reg_0_255_0_0_i_35_n_0
    SLICE_X47Y46         LUT5 (Prop_lut5_I2_O)        0.124    20.671 r  Inst_CPU/Inst_MemInstr/RAM_reg_0_255_7_7_i_7/O
                         net (fo=128, routed)         5.246    25.917    Inst_CPU/Inst_MemDatos/RAM_reg_256_511_31_31/A1
    SLICE_X14Y40         RAMS64E (Prop_rams64e_ADR1_O)
                                                      0.124    26.041 r  Inst_CPU/Inst_MemDatos/RAM_reg_256_511_31_31/RAMS64E_D/O
                         net (fo=1, routed)           0.000    26.041    Inst_CPU/Inst_MemDatos/RAM_reg_256_511_31_31/OD
    SLICE_X14Y40         MUXF7 (Prop_muxf7_I0_O)      0.241    26.282 r  Inst_CPU/Inst_MemDatos/RAM_reg_256_511_31_31/F7.B/O
                         net (fo=1, routed)           0.000    26.282    Inst_CPU/Inst_MemDatos/RAM_reg_256_511_31_31/O0
    SLICE_X14Y40         MUXF8 (Prop_muxf8_I0_O)      0.098    26.380 r  Inst_CPU/Inst_MemDatos/RAM_reg_256_511_31_31/F8/O
                         net (fo=1, routed)           1.091    27.471    Inst_CPU/Inst_MemDatos/RAM_reg_256_511_31_31_n_0
    SLICE_X28Y37         LUT6 (Prop_lut6_I3_O)        0.319    27.790 r  Inst_CPU/Inst_MemDatos/temp_i_9__11/O
                         net (fo=1, routed)           0.890    28.680    Inst_CPU/Inst_MemDatos/dataOut0[31]
    SLICE_X28Y37         LUT2 (Prop_lut2_I0_O)        0.124    28.804 r  Inst_CPU/Inst_MemDatos/temp_i_5__14/O
                         net (fo=4, routed)           1.355    30.160    Inst_CPU/Inst_MemDatos/temp_i_13_0
    SLICE_X47Y42         LUT6 (Prop_lut6_I0_O)        0.124    30.284 f  Inst_CPU/Inst_MemDatos/temp_i_4__13/O
                         net (fo=3, routed)           0.585    30.869    Inst_CPU/Inst_MemInstr/temp_reg_5
    SLICE_X47Y43         LUT5 (Prop_lut5_I1_O)        0.150    31.019 r  Inst_CPU/Inst_MemInstr/temp_i_7__24/O
                         net (fo=16, routed)          2.479    33.498    Inst_CPU/Inst_MUX4_Reg/temp_reg_0
    SLICE_X33Y52         LUT6 (Prop_lut6_I3_O)        0.326    33.824 r  Inst_CPU/Inst_MUX4_Reg/temp_i_2__0/O
                         net (fo=1, routed)           0.665    34.489    Inst_CPU/Inst_MUX4_Reg/temp_i_2__0_n_0
    SLICE_X33Y52         LUT5 (Prop_lut5_I0_O)        0.124    34.613 r  Inst_CPU/Inst_MUX4_Reg/temp_i_1__0/O
                         net (fo=16, routed)          2.357    36.970    Inst_CPU/Inst_BancoReg/ciclo_regs[12].R32_n.bank/registro[29].FF_D_use/D[0]
    SLICE_X0Y59          FDCE                                         r  Inst_CPU/Inst_BancoReg/ciclo_regs[12].R32_n.bank/registro[29].FF_D_use/temp_reg/D
  -------------------------------------------------------------------    -------------------

Slack:                    inf
  Source:                 BOOTLOADER_use/ram_addr_reg[1]/C
                            (rising edge-triggered cell FDRE clocked by sys_clk_pin  {rise@0.000ns fall@5.000ns period=10.000ns})
  Destination:            Inst_CPU/Inst_BancoReg/ciclo_regs[5].R32_n.bank/registro[23].FF_D_use/temp_reg/D
  Path Group:             (none)
  Path Type:              Max at Slow Process Corner
  Data Path Delay:        31.784ns  (logic 4.624ns (14.547%)  route 27.160ns (85.453%))
  Logic Levels:           25  (LUT2=1 LUT3=2 LUT5=5 LUT6=11 MUXF7=2 MUXF8=2 RAMS64E=2)
  Clock Uncertainty:      0.025ns  ((TSJ^2 + TIJ^2)^1/2 + DJ) / 2 + PE
    Total System Jitter     (TSJ):    0.050ns
    Total Input Jitter      (TIJ):    0.000ns
    Discrete Jitter          (DJ):    0.000ns
    Phase Error              (PE):    0.000ns

    Location             Delay type                Incr(ns)  Path(ns)    Netlist Resource(s)
  -------------------------------------------------------------------    -------------------
                         (clock sys_clk_pin rise edge)
                                                      0.000     0.000 r  
    W5                                                0.000     0.000 r  clk_100MHz (IN)
                         net (fo=0)                   0.000     0.000    clk_100MHz
    W5                   IBUF (Prop_ibuf_I_O)         1.458     1.458 r  clk_100MHz_IBUF_inst/O
                         net (fo=1, routed)           1.967     3.425    clk_100MHz_IBUF
    BUFGCTRL_X0Y1        BUFG (Prop_bufg_I_O)         0.096     3.521 r  clk_100MHz_IBUF_BUFG_inst/O
                         net (fo=796, routed)         1.636     5.157    BOOTLOADER_use/clk_100MHz_IBUF_BUFG
    SLICE_X7Y49          FDRE                                         r  BOOTLOADER_use/ram_addr_reg[1]/C
  -------------------------------------------------------------------    -------------------
    SLICE_X7Y49          FDRE (Prop_fdre_C_Q)         0.456     5.613 r  BOOTLOADER_use/ram_addr_reg[1]/Q
                         net (fo=1, routed)           0.404     6.017    BOOTLOADER_use/boot_addr[1]
    SLICE_X7Y49          LUT3 (Prop_lut3_I0_O)        0.124     6.141 r  BOOTLOADER_use/RAM_reg_0_255_0_0_i_9__0/O
                         net (fo=512, routed)         1.491     7.632    Inst_CPU/Inst_MemInstr/RAM_reg_768_1023_3_3/A1
    SLICE_X8Y42          RAMS64E (Prop_rams64e_ADR1_O)
                                                      0.386     8.018 f  Inst_CPU/Inst_MemInstr/RAM_reg_768_1023_3_3/RAMS64E_C/O
                         net (fo=1, routed)           0.000     8.018    Inst_CPU/Inst_MemInstr/RAM_reg_768_1023_3_3/OC
    SLICE_X8Y42          MUXF7 (Prop_muxf7_I1_O)      0.247     8.265 f  Inst_CPU/Inst_MemInstr/RAM_reg_768_1023_3_3/F7.B/O
                         net (fo=1, routed)           0.000     8.265    Inst_CPU/Inst_MemInstr/RAM_reg_768_1023_3_3/O0
    SLICE_X8Y42          MUXF8 (Prop_muxf8_I0_O)      0.098     8.363 f  Inst_CPU/Inst_MemInstr/RAM_reg_768_1023_3_3/F8/O
                         net (fo=1, routed)           1.283     9.645    Inst_CPU/Inst_MemInstr/RAM_reg_768_1023_3_3_n_0
    SLICE_X11Y48         LUT6 (Prop_lut6_I0_O)        0.319     9.964 f  Inst_CPU/Inst_MemInstr/Rs1SumOffsetOut_carry_i_42/O
                         net (fo=14, routed)          0.900    10.865    Inst_CPU/Inst_MemInstr/s_Instruction[3]
    SLICE_X11Y53         LUT3 (Prop_lut3_I1_O)        0.124    10.989 r  Inst_CPU/Inst_MemInstr/temp_i_34/O
                         net (fo=1, routed)           0.469    11.458    Inst_CPU/Inst_MemInstr/temp_i_34_n_0
    SLICE_X11Y53         LUT6 (Prop_lut6_I5_O)        0.124    11.582 f  Inst_CPU/Inst_MemInstr/temp_i_16/O
                         net (fo=1, routed)           0.810    12.391    Inst_CPU/Inst_MemInstr/temp_i_16_n_0
    SLICE_X11Y51         LUT6 (Prop_lut6_I2_O)        0.124    12.515 f  Inst_CPU/Inst_MemInstr/temp_i_9/O
                         net (fo=20, routed)          0.997    13.512    Inst_CPU/Inst_MemInstr/s_ICode[3]
    SLICE_X11Y47         LUT5 (Prop_lut5_I0_O)        0.124    13.636 r  Inst_CPU/Inst_MemInstr/Res0_carry_i_18/O
                         net (fo=3, routed)           0.455    14.091    Inst_CPU/Inst_MemInstr_n_354
    SLICE_X11Y44         LUT6 (Prop_lut6_I4_O)        0.124    14.215 r  Inst_CPU/Res0_carry_i_11/O
                         net (fo=116, routed)         0.903    15.117    Inst_CPU/Inst_BancoReg/ciclo_regs[15].R32_n.bank/registro[28].FF_D_use/s_ALU_B[1]
    SLICE_X11Y47         LUT6 (Prop_lut6_I1_O)        0.124    15.241 r  Inst_CPU/Inst_BancoReg/ciclo_regs[15].R32_n.bank/registro[28].FF_D_use/RAM_reg_0_255_0_0_i_122/O
                         net (fo=3, routed)           0.808    16.049    Inst_CPU/Inst_BancoReg/ciclo_regs[15].R32_n.bank/registro[24].FF_D_use/RAM_reg_0_255_0_0_i_124
    SLICE_X11Y46         LUT6 (Prop_lut6_I2_O)        0.124    16.173 r  Inst_CPU/Inst_BancoReg/ciclo_regs[15].R32_n.bank/registro[24].FF_D_use/RAM_reg_0_255_0_0_i_74/O
                         net (fo=3, routed)           0.957    17.130    Inst_CPU/Inst_MemInstr/RAM_reg_0_255_0_0_i_76_0
    SLICE_X28Y49         LUT5 (Prop_lut5_I4_O)        0.124    17.254 r  Inst_CPU/Inst_MemInstr/RAM_reg_0_255_0_0_i_124/O
                         net (fo=2, routed)           0.463    17.717    Inst_CPU/Inst_MemInstr/RAM_reg_0_255_0_0_i_124_n_0
    SLICE_X32Y50         LUT6 (Prop_lut6_I0_O)        0.124    17.841 r  Inst_CPU/Inst_MemInstr/RAM_reg_0_255_0_0_i_78/O
                         net (fo=1, routed)           0.284    18.125    Inst_CPU/Inst_MemInstr/RAM_reg_0_255_0_0_i_78_n_0
    SLICE_X31Y50         LUT6 (Prop_lut6_I5_O)        0.124    18.249 r  Inst_CPU/Inst_MemInstr/RAM_reg_0_255_0_0_i_35/O
                         net (fo=12, routed)          2.297    20.547    Inst_CPU/Inst_MemInstr/RAM_reg_0_255_0_0_i_35_n_0
    SLICE_X47Y46         LUT5 (Prop_lut5_I2_O)        0.124    20.671 r  Inst_CPU/Inst_MemInstr/RAM_reg_0_255_7_7_i_7/O
                         net (fo=128, routed)         5.246    25.917    Inst_CPU/Inst_MemDatos/RAM_reg_256_511_31_31/A1
    SLICE_X14Y40         RAMS64E (Prop_rams64e_ADR1_O)
                                                      0.124    26.041 r  Inst_CPU/Inst_MemDatos/RAM_reg_256_511_31_31/RAMS64E_D/O
                         net (fo=1, routed)           0.000    26.041    Inst_CPU/Inst_MemDatos/RAM_reg_256_511_31_31/OD
    SLICE_X14Y40         MUXF7 (Prop_muxf7_I0_O)      0.241    26.282 r  Inst_CPU/Inst_MemDatos/RAM_reg_256_511_31_31/F7.B/O
                         net (fo=1, routed)           0.000    26.282    Inst_CPU/Inst_MemDatos/RAM_reg_256_511_31_31/O0
    SLICE_X14Y40         MUXF8 (Prop_muxf8_I0_O)      0.098    26.380 r  Inst_CPU/Inst_MemDatos/RAM_reg_256_511_31_31/F8/O
                         net (fo=1, routed)           1.091    27.471    Inst_CPU/Inst_MemDatos/RAM_reg_256_511_31_31_n_0
    SLICE_X28Y37         LUT6 (Prop_lut6_I3_O)        0.319    27.790 r  Inst_CPU/Inst_MemDatos/temp_i_9__11/O
                         net (fo=1, routed)           0.890    28.680    Inst_CPU/Inst_MemDatos/dataOut0[31]
    SLICE_X28Y37         LUT2 (Prop_lut2_I0_O)        0.124    28.804 r  Inst_CPU/Inst_MemDatos/temp_i_5__14/O
                         net (fo=4, routed)           1.355    30.160    Inst_CPU/Inst_MemDatos/temp_i_13_0
    SLICE_X47Y42         LUT6 (Prop_lut6_I0_O)        0.124    30.284 f  Inst_CPU/Inst_MemDatos/temp_i_4__13/O
                         net (fo=3, routed)           0.585    30.869    Inst_CPU/Inst_MemInstr/temp_reg_5
    SLICE_X47Y43         LUT5 (Prop_lut5_I1_O)        0.150    31.019 r  Inst_CPU/Inst_MemInstr/temp_i_7__24/O
                         net (fo=16, routed)          2.472    33.491    Inst_CPU/Inst_MUX4_Reg/temp_reg_0
    SLICE_X32Y52         LUT6 (Prop_lut6_I3_O)        0.326    33.817 r  Inst_CPU/Inst_MUX4_Reg/temp_i_2__6/O
                         net (fo=1, routed)           0.856    34.673    Inst_CPU/Inst_MUX4_Reg/temp_i_2__6_n_0
    SLICE_X35Y52         LUT5 (Prop_lut5_I0_O)        0.124    34.797 r  Inst_CPU/Inst_MUX4_Reg/temp_i_1__6/O
                         net (fo=16, routed)          2.144    36.941    Inst_CPU/Inst_BancoReg/ciclo_regs[5].R32_n.bank/registro[23].FF_D_use/D[0]
    SLICE_X7Y57          FDCE                                         r  Inst_CPU/Inst_BancoReg/ciclo_regs[5].R32_n.bank/registro[23].FF_D_use/temp_reg/D
  -------------------------------------------------------------------    -------------------

Slack:                    inf
  Source:                 BOOTLOADER_use/ram_addr_reg[1]/C
                            (rising edge-triggered cell FDRE clocked by sys_clk_pin  {rise@0.000ns fall@5.000ns period=10.000ns})
  Destination:            Inst_CPU/Inst_BancoReg/ciclo_regs[5].R32_n.bank/registro[29].FF_D_use/temp_reg/D
  Path Group:             (none)
  Path Type:              Max at Slow Process Corner
  Data Path Delay:        31.783ns  (logic 4.624ns (14.547%)  route 27.160ns (85.453%))
  Logic Levels:           25  (LUT2=1 LUT3=2 LUT5=5 LUT6=11 MUXF7=2 MUXF8=2 RAMS64E=2)
  Clock Uncertainty:      0.025ns  ((TSJ^2 + TIJ^2)^1/2 + DJ) / 2 + PE
    Total System Jitter     (TSJ):    0.050ns
    Total Input Jitter      (TIJ):    0.000ns
    Discrete Jitter          (DJ):    0.000ns
    Phase Error              (PE):    0.000ns

    Location             Delay type                Incr(ns)  Path(ns)    Netlist Resource(s)
  -------------------------------------------------------------------    -------------------
                         (clock sys_clk_pin rise edge)
                                                      0.000     0.000 r  
    W5                                                0.000     0.000 r  clk_100MHz (IN)
                         net (fo=0)                   0.000     0.000    clk_100MHz
    W5                   IBUF (Prop_ibuf_I_O)         1.458     1.458 r  clk_100MHz_IBUF_inst/O
                         net (fo=1, routed)           1.967     3.425    clk_100MHz_IBUF
    BUFGCTRL_X0Y1        BUFG (Prop_bufg_I_O)         0.096     3.521 r  clk_100MHz_IBUF_BUFG_inst/O
                         net (fo=796, routed)         1.636     5.157    BOOTLOADER_use/clk_100MHz_IBUF_BUFG
    SLICE_X7Y49          FDRE                                         r  BOOTLOADER_use/ram_addr_reg[1]/C
  -------------------------------------------------------------------    -------------------
    SLICE_X7Y49          FDRE (Prop_fdre_C_Q)         0.456     5.613 r  BOOTLOADER_use/ram_addr_reg[1]/Q
                         net (fo=1, routed)           0.404     6.017    BOOTLOADER_use/boot_addr[1]
    SLICE_X7Y49          LUT3 (Prop_lut3_I0_O)        0.124     6.141 r  BOOTLOADER_use/RAM_reg_0_255_0_0_i_9__0/O
                         net (fo=512, routed)         1.491     7.632    Inst_CPU/Inst_MemInstr/RAM_reg_768_1023_3_3/A1
    SLICE_X8Y42          RAMS64E (Prop_rams64e_ADR1_O)
                                                      0.386     8.018 f  Inst_CPU/Inst_MemInstr/RAM_reg_768_1023_3_3/RAMS64E_C/O
                         net (fo=1, routed)           0.000     8.018    Inst_CPU/Inst_MemInstr/RAM_reg_768_1023_3_3/OC
    SLICE_X8Y42          MUXF7 (Prop_muxf7_I1_O)      0.247     8.265 f  Inst_CPU/Inst_MemInstr/RAM_reg_768_1023_3_3/F7.B/O
                         net (fo=1, routed)           0.000     8.265    Inst_CPU/Inst_MemInstr/RAM_reg_768_1023_3_3/O0
    SLICE_X8Y42          MUXF8 (Prop_muxf8_I0_O)      0.098     8.363 f  Inst_CPU/Inst_MemInstr/RAM_reg_768_1023_3_3/F8/O
                         net (fo=1, routed)           1.283     9.645    Inst_CPU/Inst_MemInstr/RAM_reg_768_1023_3_3_n_0
    SLICE_X11Y48         LUT6 (Prop_lut6_I0_O)        0.319     9.964 f  Inst_CPU/Inst_MemInstr/Rs1SumOffsetOut_carry_i_42/O
                         net (fo=14, routed)          0.900    10.865    Inst_CPU/Inst_MemInstr/s_Instruction[3]
    SLICE_X11Y53         LUT3 (Prop_lut3_I1_O)        0.124    10.989 r  Inst_CPU/Inst_MemInstr/temp_i_34/O
                         net (fo=1, routed)           0.469    11.458    Inst_CPU/Inst_MemInstr/temp_i_34_n_0
    SLICE_X11Y53         LUT6 (Prop_lut6_I5_O)        0.124    11.582 f  Inst_CPU/Inst_MemInstr/temp_i_16/O
                         net (fo=1, routed)           0.810    12.391    Inst_CPU/Inst_MemInstr/temp_i_16_n_0
    SLICE_X11Y51         LUT6 (Prop_lut6_I2_O)        0.124    12.515 f  Inst_CPU/Inst_MemInstr/temp_i_9/O
                         net (fo=20, routed)          0.997    13.512    Inst_CPU/Inst_MemInstr/s_ICode[3]
    SLICE_X11Y47         LUT5 (Prop_lut5_I0_O)        0.124    13.636 r  Inst_CPU/Inst_MemInstr/Res0_carry_i_18/O
                         net (fo=3, routed)           0.455    14.091    Inst_CPU/Inst_MemInstr_n_354
    SLICE_X11Y44         LUT6 (Prop_lut6_I4_O)        0.124    14.215 r  Inst_CPU/Res0_carry_i_11/O
                         net (fo=116, routed)         0.903    15.117    Inst_CPU/Inst_BancoReg/ciclo_regs[15].R32_n.bank/registro[28].FF_D_use/s_ALU_B[1]
    SLICE_X11Y47         LUT6 (Prop_lut6_I1_O)        0.124    15.241 r  Inst_CPU/Inst_BancoReg/ciclo_regs[15].R32_n.bank/registro[28].FF_D_use/RAM_reg_0_255_0_0_i_122/O
                         net (fo=3, routed)           0.808    16.049    Inst_CPU/Inst_BancoReg/ciclo_regs[15].R32_n.bank/registro[24].FF_D_use/RAM_reg_0_255_0_0_i_124
    SLICE_X11Y46         LUT6 (Prop_lut6_I2_O)        0.124    16.173 r  Inst_CPU/Inst_BancoReg/ciclo_regs[15].R32_n.bank/registro[24].FF_D_use/RAM_reg_0_255_0_0_i_74/O
                         net (fo=3, routed)           0.957    17.130    Inst_CPU/Inst_MemInstr/RAM_reg_0_255_0_0_i_76_0
    SLICE_X28Y49         LUT5 (Prop_lut5_I4_O)        0.124    17.254 r  Inst_CPU/Inst_MemInstr/RAM_reg_0_255_0_0_i_124/O
                         net (fo=2, routed)           0.463    17.717    Inst_CPU/Inst_MemInstr/RAM_reg_0_255_0_0_i_124_n_0
    SLICE_X32Y50         LUT6 (Prop_lut6_I0_O)        0.124    17.841 r  Inst_CPU/Inst_MemInstr/RAM_reg_0_255_0_0_i_78/O
                         net (fo=1, routed)           0.284    18.125    Inst_CPU/Inst_MemInstr/RAM_reg_0_255_0_0_i_78_n_0
    SLICE_X31Y50         LUT6 (Prop_lut6_I5_O)        0.124    18.249 r  Inst_CPU/Inst_MemInstr/RAM_reg_0_255_0_0_i_35/O
                         net (fo=12, routed)          2.297    20.547    Inst_CPU/Inst_MemInstr/RAM_reg_0_255_0_0_i_35_n_0
    SLICE_X47Y46         LUT5 (Prop_lut5_I2_O)        0.124    20.671 r  Inst_CPU/Inst_MemInstr/RAM_reg_0_255_7_7_i_7/O
                         net (fo=128, routed)         5.246    25.917    Inst_CPU/Inst_MemDatos/RAM_reg_256_511_31_31/A1
    SLICE_X14Y40         RAMS64E (Prop_rams64e_ADR1_O)
                                                      0.124    26.041 r  Inst_CPU/Inst_MemDatos/RAM_reg_256_511_31_31/RAMS64E_D/O
                         net (fo=1, routed)           0.000    26.041    Inst_CPU/Inst_MemDatos/RAM_reg_256_511_31_31/OD
    SLICE_X14Y40         MUXF7 (Prop_muxf7_I0_O)      0.241    26.282 r  Inst_CPU/Inst_MemDatos/RAM_reg_256_511_31_31/F7.B/O
                         net (fo=1, routed)           0.000    26.282    Inst_CPU/Inst_MemDatos/RAM_reg_256_511_31_31/O0
    SLICE_X14Y40         MUXF8 (Prop_muxf8_I0_O)      0.098    26.380 r  Inst_CPU/Inst_MemDatos/RAM_reg_256_511_31_31/F8/O
                         net (fo=1, routed)           1.091    27.471    Inst_CPU/Inst_MemDatos/RAM_reg_256_511_31_31_n_0
    SLICE_X28Y37         LUT6 (Prop_lut6_I3_O)        0.319    27.790 r  Inst_CPU/Inst_MemDatos/temp_i_9__11/O
                         net (fo=1, routed)           0.890    28.680    Inst_CPU/Inst_MemDatos/dataOut0[31]
    SLICE_X28Y37         LUT2 (Prop_lut2_I0_O)        0.124    28.804 r  Inst_CPU/Inst_MemDatos/temp_i_5__14/O
                         net (fo=4, routed)           1.355    30.160    Inst_CPU/Inst_MemDatos/temp_i_13_0
    SLICE_X47Y42         LUT6 (Prop_lut6_I0_O)        0.124    30.284 f  Inst_CPU/Inst_MemDatos/temp_i_4__13/O
                         net (fo=3, routed)           0.585    30.869    Inst_CPU/Inst_MemInstr/temp_reg_5
    SLICE_X47Y43         LUT5 (Prop_lut5_I1_O)        0.150    31.019 r  Inst_CPU/Inst_MemInstr/temp_i_7__24/O
                         net (fo=16, routed)          2.479    33.498    Inst_CPU/Inst_MUX4_Reg/temp_reg_0
    SLICE_X33Y52         LUT6 (Prop_lut6_I3_O)        0.326    33.824 r  Inst_CPU/Inst_MUX4_Reg/temp_i_2__0/O
                         net (fo=1, routed)           0.665    34.489    Inst_CPU/Inst_MUX4_Reg/temp_i_2__0_n_0
    SLICE_X33Y52         LUT5 (Prop_lut5_I0_O)        0.124    34.613 r  Inst_CPU/Inst_MUX4_Reg/temp_i_1__0/O
                         net (fo=16, routed)          2.327    36.941    Inst_CPU/Inst_BancoReg/ciclo_regs[5].R32_n.bank/registro[29].FF_D_use/D[0]
    SLICE_X2Y60          FDCE                                         r  Inst_CPU/Inst_BancoReg/ciclo_regs[5].R32_n.bank/registro[29].FF_D_use/temp_reg/D
  -------------------------------------------------------------------    -------------------

Slack:                    inf
  Source:                 BOOTLOADER_use/ram_addr_reg[1]/C
                            (rising edge-triggered cell FDRE clocked by sys_clk_pin  {rise@0.000ns fall@5.000ns period=10.000ns})
  Destination:            Inst_CPU/Inst_BancoReg/ciclo_regs[14].R32_n.bank/registro[21].FF_D_use/temp_reg/D
  Path Group:             (none)
  Path Type:              Max at Slow Process Corner
  Data Path Delay:        31.725ns  (logic 4.624ns (14.574%)  route 27.101ns (85.426%))
  Logic Levels:           25  (LUT2=1 LUT3=2 LUT5=5 LUT6=11 MUXF7=2 MUXF8=2 RAMS64E=2)
  Clock Uncertainty:      0.025ns  ((TSJ^2 + TIJ^2)^1/2 + DJ) / 2 + PE
    Total System Jitter     (TSJ):    0.050ns
    Total Input Jitter      (TIJ):    0.000ns
    Discrete Jitter          (DJ):    0.000ns
    Phase Error              (PE):    0.000ns

    Location             Delay type                Incr(ns)  Path(ns)    Netlist Resource(s)
  -------------------------------------------------------------------    -------------------
                         (clock sys_clk_pin rise edge)
                                                      0.000     0.000 r  
    W5                                                0.000     0.000 r  clk_100MHz (IN)
                         net (fo=0)                   0.000     0.000    clk_100MHz
    W5                   IBUF (Prop_ibuf_I_O)         1.458     1.458 r  clk_100MHz_IBUF_inst/O
                         net (fo=1, routed)           1.967     3.425    clk_100MHz_IBUF
    BUFGCTRL_X0Y1        BUFG (Prop_bufg_I_O)         0.096     3.521 r  clk_100MHz_IBUF_BUFG_inst/O
                         net (fo=796, routed)         1.636     5.157    BOOTLOADER_use/clk_100MHz_IBUF_BUFG
    SLICE_X7Y49          FDRE                                         r  BOOTLOADER_use/ram_addr_reg[1]/C
  -------------------------------------------------------------------    -------------------
    SLICE_X7Y49          FDRE (Prop_fdre_C_Q)         0.456     5.613 r  BOOTLOADER_use/ram_addr_reg[1]/Q
                         net (fo=1, routed)           0.404     6.017    BOOTLOADER_use/boot_addr[1]
    SLICE_X7Y49          LUT3 (Prop_lut3_I0_O)        0.124     6.141 r  BOOTLOADER_use/RAM_reg_0_255_0_0_i_9__0/O
                         net (fo=512, routed)         1.491     7.632    Inst_CPU/Inst_MemInstr/RAM_reg_768_1023_3_3/A1
    SLICE_X8Y42          RAMS64E (Prop_rams64e_ADR1_O)
                                                      0.386     8.018 f  Inst_CPU/Inst_MemInstr/RAM_reg_768_1023_3_3/RAMS64E_C/O
                         net (fo=1, routed)           0.000     8.018    Inst_CPU/Inst_MemInstr/RAM_reg_768_1023_3_3/OC
    SLICE_X8Y42          MUXF7 (Prop_muxf7_I1_O)      0.247     8.265 f  Inst_CPU/Inst_MemInstr/RAM_reg_768_1023_3_3/F7.B/O
                         net (fo=1, routed)           0.000     8.265    Inst_CPU/Inst_MemInstr/RAM_reg_768_1023_3_3/O0
    SLICE_X8Y42          MUXF8 (Prop_muxf8_I0_O)      0.098     8.363 f  Inst_CPU/Inst_MemInstr/RAM_reg_768_1023_3_3/F8/O
                         net (fo=1, routed)           1.283     9.645    Inst_CPU/Inst_MemInstr/RAM_reg_768_1023_3_3_n_0
    SLICE_X11Y48         LUT6 (Prop_lut6_I0_O)        0.319     9.964 f  Inst_CPU/Inst_MemInstr/Rs1SumOffsetOut_carry_i_42/O
                         net (fo=14, routed)          0.900    10.865    Inst_CPU/Inst_MemInstr/s_Instruction[3]
    SLICE_X11Y53         LUT3 (Prop_lut3_I1_O)        0.124    10.989 r  Inst_CPU/Inst_MemInstr/temp_i_34/O
                         net (fo=1, routed)           0.469    11.458    Inst_CPU/Inst_MemInstr/temp_i_34_n_0
    SLICE_X11Y53         LUT6 (Prop_lut6_I5_O)        0.124    11.582 f  Inst_CPU/Inst_MemInstr/temp_i_16/O
                         net (fo=1, routed)           0.810    12.391    Inst_CPU/Inst_MemInstr/temp_i_16_n_0
    SLICE_X11Y51         LUT6 (Prop_lut6_I2_O)        0.124    12.515 f  Inst_CPU/Inst_MemInstr/temp_i_9/O
                         net (fo=20, routed)          0.997    13.512    Inst_CPU/Inst_MemInstr/s_ICode[3]
    SLICE_X11Y47         LUT5 (Prop_lut5_I0_O)        0.124    13.636 r  Inst_CPU/Inst_MemInstr/Res0_carry_i_18/O
                         net (fo=3, routed)           0.455    14.091    Inst_CPU/Inst_MemInstr_n_354
    SLICE_X11Y44         LUT6 (Prop_lut6_I4_O)        0.124    14.215 r  Inst_CPU/Res0_carry_i_11/O
                         net (fo=116, routed)         0.903    15.117    Inst_CPU/Inst_BancoReg/ciclo_regs[15].R32_n.bank/registro[28].FF_D_use/s_ALU_B[1]
    SLICE_X11Y47         LUT6 (Prop_lut6_I1_O)        0.124    15.241 r  Inst_CPU/Inst_BancoReg/ciclo_regs[15].R32_n.bank/registro[28].FF_D_use/RAM_reg_0_255_0_0_i_122/O
                         net (fo=3, routed)           0.808    16.049    Inst_CPU/Inst_BancoReg/ciclo_regs[15].R32_n.bank/registro[24].FF_D_use/RAM_reg_0_255_0_0_i_124
    SLICE_X11Y46         LUT6 (Prop_lut6_I2_O)        0.124    16.173 r  Inst_CPU/Inst_BancoReg/ciclo_regs[15].R32_n.bank/registro[24].FF_D_use/RAM_reg_0_255_0_0_i_74/O
                         net (fo=3, routed)           0.957    17.130    Inst_CPU/Inst_MemInstr/RAM_reg_0_255_0_0_i_76_0
    SLICE_X28Y49         LUT5 (Prop_lut5_I4_O)        0.124    17.254 r  Inst_CPU/Inst_MemInstr/RAM_reg_0_255_0_0_i_124/O
                         net (fo=2, routed)           0.463    17.717    Inst_CPU/Inst_MemInstr/RAM_reg_0_255_0_0_i_124_n_0
    SLICE_X32Y50         LUT6 (Prop_lut6_I0_O)        0.124    17.841 r  Inst_CPU/Inst_MemInstr/RAM_reg_0_255_0_0_i_78/O
                         net (fo=1, routed)           0.284    18.125    Inst_CPU/Inst_MemInstr/RAM_reg_0_255_0_0_i_78_n_0
    SLICE_X31Y50         LUT6 (Prop_lut6_I5_O)        0.124    18.249 r  Inst_CPU/Inst_MemInstr/RAM_reg_0_255_0_0_i_35/O
                         net (fo=12, routed)          2.297    20.547    Inst_CPU/Inst_MemInstr/RAM_reg_0_255_0_0_i_35_n_0
    SLICE_X47Y46         LUT5 (Prop_lut5_I2_O)        0.124    20.671 r  Inst_CPU/Inst_MemInstr/RAM_reg_0_255_7_7_i_7/O
                         net (fo=128, routed)         5.246    25.917    Inst_CPU/Inst_MemDatos/RAM_reg_256_511_31_31/A1
    SLICE_X14Y40         RAMS64E (Prop_rams64e_ADR1_O)
                                                      0.124    26.041 r  Inst_CPU/Inst_MemDatos/RAM_reg_256_511_31_31/RAMS64E_D/O
                         net (fo=1, routed)           0.000    26.041    Inst_CPU/Inst_MemDatos/RAM_reg_256_511_31_31/OD
    SLICE_X14Y40         MUXF7 (Prop_muxf7_I0_O)      0.241    26.282 r  Inst_CPU/Inst_MemDatos/RAM_reg_256_511_31_31/F7.B/O
                         net (fo=1, routed)           0.000    26.282    Inst_CPU/Inst_MemDatos/RAM_reg_256_511_31_31/O0
    SLICE_X14Y40         MUXF8 (Prop_muxf8_I0_O)      0.098    26.380 r  Inst_CPU/Inst_MemDatos/RAM_reg_256_511_31_31/F8/O
                         net (fo=1, routed)           1.091    27.471    Inst_CPU/Inst_MemDatos/RAM_reg_256_511_31_31_n_0
    SLICE_X28Y37         LUT6 (Prop_lut6_I3_O)        0.319    27.790 r  Inst_CPU/Inst_MemDatos/temp_i_9__11/O
                         net (fo=1, routed)           0.890    28.680    Inst_CPU/Inst_MemDatos/dataOut0[31]
    SLICE_X28Y37         LUT2 (Prop_lut2_I0_O)        0.124    28.804 r  Inst_CPU/Inst_MemDatos/temp_i_5__14/O
                         net (fo=4, routed)           1.355    30.160    Inst_CPU/Inst_MemDatos/temp_i_13_0
    SLICE_X47Y42         LUT6 (Prop_lut6_I0_O)        0.124    30.284 f  Inst_CPU/Inst_MemDatos/temp_i_4__13/O
                         net (fo=3, routed)           0.585    30.869    Inst_CPU/Inst_MemInstr/temp_reg_5
    SLICE_X47Y43         LUT5 (Prop_lut5_I1_O)        0.150    31.019 r  Inst_CPU/Inst_MemInstr/temp_i_7__24/O
                         net (fo=16, routed)          1.166    32.185    Inst_CPU/Inst_MUX4_Reg/temp_reg_0
    SLICE_X41Y49         LUT6 (Prop_lut6_I3_O)        0.326    32.511 r  Inst_CPU/Inst_MUX4_Reg/temp_i_2__8/O
                         net (fo=1, routed)           0.870    33.381    Inst_CPU/Inst_MUX4_Reg/temp_i_2__8_n_0
    SLICE_X40Y49         LUT5 (Prop_lut5_I0_O)        0.124    33.505 r  Inst_CPU/Inst_MUX4_Reg/temp_i_1__8/O
                         net (fo=16, routed)          3.377    36.882    Inst_CPU/Inst_BancoReg/ciclo_regs[14].R32_n.bank/registro[21].FF_D_use/D[0]
    SLICE_X2Y59          FDCE                                         r  Inst_CPU/Inst_BancoReg/ciclo_regs[14].R32_n.bank/registro[21].FF_D_use/temp_reg/D
  -------------------------------------------------------------------    -------------------

Slack:                    inf
  Source:                 BOOTLOADER_use/ram_addr_reg[1]/C
                            (rising edge-triggered cell FDRE clocked by sys_clk_pin  {rise@0.000ns fall@5.000ns period=10.000ns})
  Destination:            Inst_CPU/Inst_BancoReg/ciclo_regs[4].R32_n.bank/registro[14].FF_D_use/temp_reg/D
  Path Group:             (none)
  Path Type:              Max at Slow Process Corner
  Data Path Delay:        31.708ns  (logic 4.396ns (13.863%)  route 27.312ns (86.137%))
  Logic Levels:           25  (LUT2=1 LUT3=3 LUT5=4 LUT6=11 MUXF7=2 MUXF8=2 RAMS64E=2)
  Clock Uncertainty:      0.025ns  ((TSJ^2 + TIJ^2)^1/2 + DJ) / 2 + PE
    Total System Jitter     (TSJ):    0.050ns
    Total Input Jitter      (TIJ):    0.000ns
    Discrete Jitter          (DJ):    0.000ns
    Phase Error              (PE):    0.000ns

    Location             Delay type                Incr(ns)  Path(ns)    Netlist Resource(s)
  -------------------------------------------------------------------    -------------------
                         (clock sys_clk_pin rise edge)
                                                      0.000     0.000 r  
    W5                                                0.000     0.000 r  clk_100MHz (IN)
                         net (fo=0)                   0.000     0.000    clk_100MHz
    W5                   IBUF (Prop_ibuf_I_O)         1.458     1.458 r  clk_100MHz_IBUF_inst/O
                         net (fo=1, routed)           1.967     3.425    clk_100MHz_IBUF
    BUFGCTRL_X0Y1        BUFG (Prop_bufg_I_O)         0.096     3.521 r  clk_100MHz_IBUF_BUFG_inst/O
                         net (fo=796, routed)         1.636     5.157    BOOTLOADER_use/clk_100MHz_IBUF_BUFG
    SLICE_X7Y49          FDRE                                         r  BOOTLOADER_use/ram_addr_reg[1]/C
  -------------------------------------------------------------------    -------------------
    SLICE_X7Y49          FDRE (Prop_fdre_C_Q)         0.456     5.613 r  BOOTLOADER_use/ram_addr_reg[1]/Q
                         net (fo=1, routed)           0.404     6.017    BOOTLOADER_use/boot_addr[1]
    SLICE_X7Y49          LUT3 (Prop_lut3_I0_O)        0.124     6.141 r  BOOTLOADER_use/RAM_reg_0_255_0_0_i_9__0/O
                         net (fo=512, routed)         1.491     7.632    Inst_CPU/Inst_MemInstr/RAM_reg_768_1023_3_3/A1
    SLICE_X8Y42          RAMS64E (Prop_rams64e_ADR1_O)
                                                      0.386     8.018 f  Inst_CPU/Inst_MemInstr/RAM_reg_768_1023_3_3/RAMS64E_C/O
                         net (fo=1, routed)           0.000     8.018    Inst_CPU/Inst_MemInstr/RAM_reg_768_1023_3_3/OC
    SLICE_X8Y42          MUXF7 (Prop_muxf7_I1_O)      0.247     8.265 f  Inst_CPU/Inst_MemInstr/RAM_reg_768_1023_3_3/F7.B/O
                         net (fo=1, routed)           0.000     8.265    Inst_CPU/Inst_MemInstr/RAM_reg_768_1023_3_3/O0
    SLICE_X8Y42          MUXF8 (Prop_muxf8_I0_O)      0.098     8.363 f  Inst_CPU/Inst_MemInstr/RAM_reg_768_1023_3_3/F8/O
                         net (fo=1, routed)           1.283     9.645    Inst_CPU/Inst_MemInstr/RAM_reg_768_1023_3_3_n_0
    SLICE_X11Y48         LUT6 (Prop_lut6_I0_O)        0.319     9.964 f  Inst_CPU/Inst_MemInstr/Rs1SumOffsetOut_carry_i_42/O
                         net (fo=14, routed)          0.900    10.865    Inst_CPU/Inst_MemInstr/s_Instruction[3]
    SLICE_X11Y53         LUT3 (Prop_lut3_I1_O)        0.124    10.989 r  Inst_CPU/Inst_MemInstr/temp_i_34/O
                         net (fo=1, routed)           0.469    11.458    Inst_CPU/Inst_MemInstr/temp_i_34_n_0
    SLICE_X11Y53         LUT6 (Prop_lut6_I5_O)        0.124    11.582 f  Inst_CPU/Inst_MemInstr/temp_i_16/O
                         net (fo=1, routed)           0.810    12.391    Inst_CPU/Inst_MemInstr/temp_i_16_n_0
    SLICE_X11Y51         LUT6 (Prop_lut6_I2_O)        0.124    12.515 f  Inst_CPU/Inst_MemInstr/temp_i_9/O
                         net (fo=20, routed)          0.997    13.512    Inst_CPU/Inst_MemInstr/s_ICode[3]
    SLICE_X11Y47         LUT5 (Prop_lut5_I0_O)        0.124    13.636 r  Inst_CPU/Inst_MemInstr/Res0_carry_i_18/O
                         net (fo=3, routed)           0.455    14.091    Inst_CPU/Inst_MemInstr_n_354
    SLICE_X11Y44         LUT6 (Prop_lut6_I4_O)        0.124    14.215 r  Inst_CPU/Res0_carry_i_11/O
                         net (fo=116, routed)         0.903    15.117    Inst_CPU/Inst_BancoReg/ciclo_regs[15].R32_n.bank/registro[28].FF_D_use/s_ALU_B[1]
    SLICE_X11Y47         LUT6 (Prop_lut6_I1_O)        0.124    15.241 r  Inst_CPU/Inst_BancoReg/ciclo_regs[15].R32_n.bank/registro[28].FF_D_use/RAM_reg_0_255_0_0_i_122/O
                         net (fo=3, routed)           0.808    16.049    Inst_CPU/Inst_BancoReg/ciclo_regs[15].R32_n.bank/registro[24].FF_D_use/RAM_reg_0_255_0_0_i_124
    SLICE_X11Y46         LUT6 (Prop_lut6_I2_O)        0.124    16.173 r  Inst_CPU/Inst_BancoReg/ciclo_regs[15].R32_n.bank/registro[24].FF_D_use/RAM_reg_0_255_0_0_i_74/O
                         net (fo=3, routed)           0.957    17.130    Inst_CPU/Inst_MemInstr/RAM_reg_0_255_0_0_i_76_0
    SLICE_X28Y49         LUT5 (Prop_lut5_I4_O)        0.124    17.254 r  Inst_CPU/Inst_MemInstr/RAM_reg_0_255_0_0_i_124/O
                         net (fo=2, routed)           0.463    17.717    Inst_CPU/Inst_MemInstr/RAM_reg_0_255_0_0_i_124_n_0
    SLICE_X32Y50         LUT6 (Prop_lut6_I0_O)        0.124    17.841 r  Inst_CPU/Inst_MemInstr/RAM_reg_0_255_0_0_i_78/O
                         net (fo=1, routed)           0.284    18.125    Inst_CPU/Inst_MemInstr/RAM_reg_0_255_0_0_i_78_n_0
    SLICE_X31Y50         LUT6 (Prop_lut6_I5_O)        0.124    18.249 r  Inst_CPU/Inst_MemInstr/RAM_reg_0_255_0_0_i_35/O
                         net (fo=12, routed)          2.297    20.547    Inst_CPU/Inst_MemInstr/RAM_reg_0_255_0_0_i_35_n_0
    SLICE_X47Y46         LUT5 (Prop_lut5_I2_O)        0.124    20.671 r  Inst_CPU/Inst_MemInstr/RAM_reg_0_255_7_7_i_7/O
                         net (fo=128, routed)         5.246    25.917    Inst_CPU/Inst_MemDatos/RAM_reg_256_511_31_31/A1
    SLICE_X14Y40         RAMS64E (Prop_rams64e_ADR1_O)
                                                      0.124    26.041 r  Inst_CPU/Inst_MemDatos/RAM_reg_256_511_31_31/RAMS64E_D/O
                         net (fo=1, routed)           0.000    26.041    Inst_CPU/Inst_MemDatos/RAM_reg_256_511_31_31/OD
    SLICE_X14Y40         MUXF7 (Prop_muxf7_I0_O)      0.241    26.282 r  Inst_CPU/Inst_MemDatos/RAM_reg_256_511_31_31/F7.B/O
                         net (fo=1, routed)           0.000    26.282    Inst_CPU/Inst_MemDatos/RAM_reg_256_511_31_31/O0
    SLICE_X14Y40         MUXF8 (Prop_muxf8_I0_O)      0.098    26.380 r  Inst_CPU/Inst_MemDatos/RAM_reg_256_511_31_31/F8/O
                         net (fo=1, routed)           1.091    27.471    Inst_CPU/Inst_MemDatos/RAM_reg_256_511_31_31_n_0
    SLICE_X28Y37         LUT6 (Prop_lut6_I3_O)        0.319    27.790 r  Inst_CPU/Inst_MemDatos/temp_i_9__11/O
                         net (fo=1, routed)           0.890    28.680    Inst_CPU/Inst_MemDatos/dataOut0[31]
    SLICE_X28Y37         LUT2 (Prop_lut2_I0_O)        0.124    28.804 r  Inst_CPU/Inst_MemDatos/temp_i_5__14/O
                         net (fo=4, routed)           1.355    30.160    Inst_CPU/Inst_MemDatos/temp_i_13_0
    SLICE_X47Y42         LUT6 (Prop_lut6_I0_O)        0.124    30.284 f  Inst_CPU/Inst_MemDatos/temp_i_4__13/O
                         net (fo=3, routed)           0.585    30.869    Inst_CPU/Inst_MemInstr/temp_reg_5
    SLICE_X47Y43         LUT3 (Prop_lut3_I1_O)        0.124    30.993 f  Inst_CPU/Inst_MemInstr/temp_i_6__29/O
                         net (fo=8, routed)           0.451    31.443    Inst_CPU/Inst_MemInstr/temp_i_6__29_n_0
    SLICE_X45Y42         LUT6 (Prop_lut6_I5_O)        0.124    31.567 r  Inst_CPU/Inst_MemInstr/temp_i_2__12/O
                         net (fo=1, routed)           1.145    32.712    Inst_CPU/Inst_MUX4_Reg/s_LoadData[14]
    SLICE_X40Y51         LUT5 (Prop_lut5_I0_O)        0.124    32.836 r  Inst_CPU/Inst_MUX4_Reg/temp_i_1__28/O
                         net (fo=16, routed)          4.029    36.865    Inst_CPU/Inst_BancoReg/ciclo_regs[4].R32_n.bank/registro[14].FF_D_use/D[0]
    SLICE_X0Y65          FDCE                                         r  Inst_CPU/Inst_BancoReg/ciclo_regs[4].R32_n.bank/registro[14].FF_D_use/temp_reg/D
  -------------------------------------------------------------------    -------------------





Min Delay Paths
--------------------------------------------------------------------------------------
Slack:                    inf
  Source:                 Inst_CPU/Inst_MemInstr/RAM_reg_256_511_23_23/RAMS64E_B/CLK
                            (rising edge-triggered cell RAMS64E clocked by sys_clk_pin  {rise@0.000ns fall@5.000ns period=10.000ns})
  Destination:            VGA_use/AuxRAM_use/RAM_reg_128_255_2_2/DP.HIGH/I
  Path Group:             (none)
  Path Type:              Min at Fast Process Corner
  Data Path Delay:        1.511ns  (logic 0.662ns (43.826%)  route 0.849ns (56.174%))
  Logic Levels:           4  (LUT6=1 MUXF7=1 MUXF8=2)
  Clock Uncertainty:      0.025ns  ((TSJ^2 + TIJ^2)^1/2 + DJ) / 2 + PE
    Total System Jitter     (TSJ):    0.050ns
    Total Input Jitter      (TIJ):    0.000ns
    Discrete Jitter          (DJ):    0.000ns
    Phase Error              (PE):    0.000ns

    Location             Delay type                Incr(ns)  Path(ns)    Netlist Resource(s)
  -------------------------------------------------------------------    -------------------
                         (clock sys_clk_pin rise edge)
                                                      0.000     0.000 r  
    W5                                                0.000     0.000 r  clk_100MHz (IN)
                         net (fo=0)                   0.000     0.000    clk_100MHz
    W5                   IBUF (Prop_ibuf_I_O)         0.226     0.226 r  clk_100MHz_IBUF_inst/O
                         net (fo=1, routed)           0.631     0.858    clk_100MHz_IBUF
    BUFGCTRL_X0Y1        BUFG (Prop_bufg_I_O)         0.026     0.884 r  clk_100MHz_IBUF_BUFG_inst/O
                         net (fo=796, routed)         0.591     1.474    Inst_CPU/Inst_MemInstr/RAM_reg_256_511_23_23/WCLK
    SLICE_X6Y53          RAMS64E                                      r  Inst_CPU/Inst_MemInstr/RAM_reg_256_511_23_23/RAMS64E_B/CLK
  -------------------------------------------------------------------    -------------------
    SLICE_X6Y53          RAMS64E (Prop_rams64e_CLK_O)
                                                      0.388     1.862 r  Inst_CPU/Inst_MemInstr/RAM_reg_256_511_23_23/RAMS64E_B/O
                         net (fo=1, routed)           0.000     1.862    Inst_CPU/Inst_MemInstr/RAM_reg_256_511_23_23/OB
    SLICE_X6Y53          MUXF7 (Prop_muxf7_I0_O)      0.062     1.924 r  Inst_CPU/Inst_MemInstr/RAM_reg_256_511_23_23/F7.A/O
                         net (fo=1, routed)           0.000     1.924    Inst_CPU/Inst_MemInstr/RAM_reg_256_511_23_23/O1
    SLICE_X6Y53          MUXF8 (Prop_muxf8_I1_O)      0.019     1.943 r  Inst_CPU/Inst_MemInstr/RAM_reg_256_511_23_23/F8/O
                         net (fo=1, routed)           0.142     2.086    Inst_CPU/Inst_MemInstr/RAM_reg_256_511_23_23_n_0
    SLICE_X4Y52          LUT6 (Prop_lut6_I3_O)        0.113     2.199 r  Inst_CPU/Inst_MemInstr/Rs1SumOffsetOut_carry__4_i_25/O
                         net (fo=40, routed)          0.306     2.504    Inst_CPU/Inst_BancoReg/ciclo_regs[3].R32_n.bank/registro[2].FF_D_use/s_Instruction[5]
    SLICE_X5Y50          MUXF8 (Prop_muxf8_S_O)       0.080     2.584 r  Inst_CPU/Inst_BancoReg/ciclo_regs[3].R32_n.bank/registro[2].FF_D_use/RAM_reg_0_255_2_2_i_1/O
                         net (fo=52, routed)          0.400     2.985    VGA_use/AuxRAM_use/RAM_reg_128_255_2_2/D
    SLICE_X14Y47         RAMD64E                                      r  VGA_use/AuxRAM_use/RAM_reg_128_255_2_2/DP.HIGH/I
  -------------------------------------------------------------------    -------------------

Slack:                    inf
  Source:                 Inst_CPU/Inst_MemInstr/RAM_reg_256_511_23_23/RAMS64E_B/CLK
                            (rising edge-triggered cell RAMS64E clocked by sys_clk_pin  {rise@0.000ns fall@5.000ns period=10.000ns})
  Destination:            VGA_use/AuxRAM_use/RAM_reg_128_255_2_2/DP.LOW/I
  Path Group:             (none)
  Path Type:              Min at Fast Process Corner
  Data Path Delay:        1.511ns  (logic 0.662ns (43.826%)  route 0.849ns (56.174%))
  Logic Levels:           4  (LUT6=1 MUXF7=1 MUXF8=2)
  Clock Uncertainty:      0.025ns  ((TSJ^2 + TIJ^2)^1/2 + DJ) / 2 + PE
    Total System Jitter     (TSJ):    0.050ns
    Total Input Jitter      (TIJ):    0.000ns
    Discrete Jitter          (DJ):    0.000ns
    Phase Error              (PE):    0.000ns

    Location             Delay type                Incr(ns)  Path(ns)    Netlist Resource(s)
  -------------------------------------------------------------------    -------------------
                         (clock sys_clk_pin rise edge)
                                                      0.000     0.000 r  
    W5                                                0.000     0.000 r  clk_100MHz (IN)
                         net (fo=0)                   0.000     0.000    clk_100MHz
    W5                   IBUF (Prop_ibuf_I_O)         0.226     0.226 r  clk_100MHz_IBUF_inst/O
                         net (fo=1, routed)           0.631     0.858    clk_100MHz_IBUF
    BUFGCTRL_X0Y1        BUFG (Prop_bufg_I_O)         0.026     0.884 r  clk_100MHz_IBUF_BUFG_inst/O
                         net (fo=796, routed)         0.591     1.474    Inst_CPU/Inst_MemInstr/RAM_reg_256_511_23_23/WCLK
    SLICE_X6Y53          RAMS64E                                      r  Inst_CPU/Inst_MemInstr/RAM_reg_256_511_23_23/RAMS64E_B/CLK
  -------------------------------------------------------------------    -------------------
    SLICE_X6Y53          RAMS64E (Prop_rams64e_CLK_O)
                                                      0.388     1.862 r  Inst_CPU/Inst_MemInstr/RAM_reg_256_511_23_23/RAMS64E_B/O
                         net (fo=1, routed)           0.000     1.862    Inst_CPU/Inst_MemInstr/RAM_reg_256_511_23_23/OB
    SLICE_X6Y53          MUXF7 (Prop_muxf7_I0_O)      0.062     1.924 r  Inst_CPU/Inst_MemInstr/RAM_reg_256_511_23_23/F7.A/O
                         net (fo=1, routed)           0.000     1.924    Inst_CPU/Inst_MemInstr/RAM_reg_256_511_23_23/O1
    SLICE_X6Y53          MUXF8 (Prop_muxf8_I1_O)      0.019     1.943 r  Inst_CPU/Inst_MemInstr/RAM_reg_256_511_23_23/F8/O
                         net (fo=1, routed)           0.142     2.086    Inst_CPU/Inst_MemInstr/RAM_reg_256_511_23_23_n_0
    SLICE_X4Y52          LUT6 (Prop_lut6_I3_O)        0.113     2.199 r  Inst_CPU/Inst_MemInstr/Rs1SumOffsetOut_carry__4_i_25/O
                         net (fo=40, routed)          0.306     2.504    Inst_CPU/Inst_BancoReg/ciclo_regs[3].R32_n.bank/registro[2].FF_D_use/s_Instruction[5]
    SLICE_X5Y50          MUXF8 (Prop_muxf8_S_O)       0.080     2.584 r  Inst_CPU/Inst_BancoReg/ciclo_regs[3].R32_n.bank/registro[2].FF_D_use/RAM_reg_0_255_2_2_i_1/O
                         net (fo=52, routed)          0.400     2.985    VGA_use/AuxRAM_use/RAM_reg_128_255_2_2/D
    SLICE_X14Y47         RAMD64E                                      r  VGA_use/AuxRAM_use/RAM_reg_128_255_2_2/DP.LOW/I
  -------------------------------------------------------------------    -------------------

Slack:                    inf
  Source:                 Inst_CPU/Inst_MemInstr/RAM_reg_256_511_23_23/RAMS64E_B/CLK
                            (rising edge-triggered cell RAMS64E clocked by sys_clk_pin  {rise@0.000ns fall@5.000ns period=10.000ns})
  Destination:            VGA_use/AuxRAM_use/RAM_reg_128_255_2_2/SP.HIGH/I
  Path Group:             (none)
  Path Type:              Min at Fast Process Corner
  Data Path Delay:        1.511ns  (logic 0.662ns (43.826%)  route 0.849ns (56.174%))
  Logic Levels:           4  (LUT6=1 MUXF7=1 MUXF8=2)
  Clock Uncertainty:      0.025ns  ((TSJ^2 + TIJ^2)^1/2 + DJ) / 2 + PE
    Total System Jitter     (TSJ):    0.050ns
    Total Input Jitter      (TIJ):    0.000ns
    Discrete Jitter          (DJ):    0.000ns
    Phase Error              (PE):    0.000ns

    Location             Delay type                Incr(ns)  Path(ns)    Netlist Resource(s)
  -------------------------------------------------------------------    -------------------
                         (clock sys_clk_pin rise edge)
                                                      0.000     0.000 r  
    W5                                                0.000     0.000 r  clk_100MHz (IN)
                         net (fo=0)                   0.000     0.000    clk_100MHz
    W5                   IBUF (Prop_ibuf_I_O)         0.226     0.226 r  clk_100MHz_IBUF_inst/O
                         net (fo=1, routed)           0.631     0.858    clk_100MHz_IBUF
    BUFGCTRL_X0Y1        BUFG (Prop_bufg_I_O)         0.026     0.884 r  clk_100MHz_IBUF_BUFG_inst/O
                         net (fo=796, routed)         0.591     1.474    Inst_CPU/Inst_MemInstr/RAM_reg_256_511_23_23/WCLK
    SLICE_X6Y53          RAMS64E                                      r  Inst_CPU/Inst_MemInstr/RAM_reg_256_511_23_23/RAMS64E_B/CLK
  -------------------------------------------------------------------    -------------------
    SLICE_X6Y53          RAMS64E (Prop_rams64e_CLK_O)
                                                      0.388     1.862 r  Inst_CPU/Inst_MemInstr/RAM_reg_256_511_23_23/RAMS64E_B/O
                         net (fo=1, routed)           0.000     1.862    Inst_CPU/Inst_MemInstr/RAM_reg_256_511_23_23/OB
    SLICE_X6Y53          MUXF7 (Prop_muxf7_I0_O)      0.062     1.924 r  Inst_CPU/Inst_MemInstr/RAM_reg_256_511_23_23/F7.A/O
                         net (fo=1, routed)           0.000     1.924    Inst_CPU/Inst_MemInstr/RAM_reg_256_511_23_23/O1
    SLICE_X6Y53          MUXF8 (Prop_muxf8_I1_O)      0.019     1.943 r  Inst_CPU/Inst_MemInstr/RAM_reg_256_511_23_23/F8/O
                         net (fo=1, routed)           0.142     2.086    Inst_CPU/Inst_MemInstr/RAM_reg_256_511_23_23_n_0
    SLICE_X4Y52          LUT6 (Prop_lut6_I3_O)        0.113     2.199 r  Inst_CPU/Inst_MemInstr/Rs1SumOffsetOut_carry__4_i_25/O
                         net (fo=40, routed)          0.306     2.504    Inst_CPU/Inst_BancoReg/ciclo_regs[3].R32_n.bank/registro[2].FF_D_use/s_Instruction[5]
    SLICE_X5Y50          MUXF8 (Prop_muxf8_S_O)       0.080     2.584 r  Inst_CPU/Inst_BancoReg/ciclo_regs[3].R32_n.bank/registro[2].FF_D_use/RAM_reg_0_255_2_2_i_1/O
                         net (fo=52, routed)          0.400     2.985    VGA_use/AuxRAM_use/RAM_reg_128_255_2_2/D
    SLICE_X14Y47         RAMD64E                                      r  VGA_use/AuxRAM_use/RAM_reg_128_255_2_2/SP.HIGH/I
  -------------------------------------------------------------------    -------------------

Slack:                    inf
  Source:                 Inst_CPU/Inst_MemInstr/RAM_reg_256_511_23_23/RAMS64E_B/CLK
                            (rising edge-triggered cell RAMS64E clocked by sys_clk_pin  {rise@0.000ns fall@5.000ns period=10.000ns})
  Destination:            VGA_use/AuxRAM_use/RAM_reg_128_255_2_2/SP.LOW/I
  Path Group:             (none)
  Path Type:              Min at Fast Process Corner
  Data Path Delay:        1.511ns  (logic 0.662ns (43.826%)  route 0.849ns (56.174%))
  Logic Levels:           4  (LUT6=1 MUXF7=1 MUXF8=2)
  Clock Uncertainty:      0.025ns  ((TSJ^2 + TIJ^2)^1/2 + DJ) / 2 + PE
    Total System Jitter     (TSJ):    0.050ns
    Total Input Jitter      (TIJ):    0.000ns
    Discrete Jitter          (DJ):    0.000ns
    Phase Error              (PE):    0.000ns

    Location             Delay type                Incr(ns)  Path(ns)    Netlist Resource(s)
  -------------------------------------------------------------------    -------------------
                         (clock sys_clk_pin rise edge)
                                                      0.000     0.000 r  
    W5                                                0.000     0.000 r  clk_100MHz (IN)
                         net (fo=0)                   0.000     0.000    clk_100MHz
    W5                   IBUF (Prop_ibuf_I_O)         0.226     0.226 r  clk_100MHz_IBUF_inst/O
                         net (fo=1, routed)           0.631     0.858    clk_100MHz_IBUF
    BUFGCTRL_X0Y1        BUFG (Prop_bufg_I_O)         0.026     0.884 r  clk_100MHz_IBUF_BUFG_inst/O
                         net (fo=796, routed)         0.591     1.474    Inst_CPU/Inst_MemInstr/RAM_reg_256_511_23_23/WCLK
    SLICE_X6Y53          RAMS64E                                      r  Inst_CPU/Inst_MemInstr/RAM_reg_256_511_23_23/RAMS64E_B/CLK
  -------------------------------------------------------------------    -------------------
    SLICE_X6Y53          RAMS64E (Prop_rams64e_CLK_O)
                                                      0.388     1.862 r  Inst_CPU/Inst_MemInstr/RAM_reg_256_511_23_23/RAMS64E_B/O
                         net (fo=1, routed)           0.000     1.862    Inst_CPU/Inst_MemInstr/RAM_reg_256_511_23_23/OB
    SLICE_X6Y53          MUXF7 (Prop_muxf7_I0_O)      0.062     1.924 r  Inst_CPU/Inst_MemInstr/RAM_reg_256_511_23_23/F7.A/O
                         net (fo=1, routed)           0.000     1.924    Inst_CPU/Inst_MemInstr/RAM_reg_256_511_23_23/O1
    SLICE_X6Y53          MUXF8 (Prop_muxf8_I1_O)      0.019     1.943 r  Inst_CPU/Inst_MemInstr/RAM_reg_256_511_23_23/F8/O
                         net (fo=1, routed)           0.142     2.086    Inst_CPU/Inst_MemInstr/RAM_reg_256_511_23_23_n_0
    SLICE_X4Y52          LUT6 (Prop_lut6_I3_O)        0.113     2.199 r  Inst_CPU/Inst_MemInstr/Rs1SumOffsetOut_carry__4_i_25/O
                         net (fo=40, routed)          0.306     2.504    Inst_CPU/Inst_BancoReg/ciclo_regs[3].R32_n.bank/registro[2].FF_D_use/s_Instruction[5]
    SLICE_X5Y50          MUXF8 (Prop_muxf8_S_O)       0.080     2.584 r  Inst_CPU/Inst_BancoReg/ciclo_regs[3].R32_n.bank/registro[2].FF_D_use/RAM_reg_0_255_2_2_i_1/O
                         net (fo=52, routed)          0.400     2.985    VGA_use/AuxRAM_use/RAM_reg_128_255_2_2/D
    SLICE_X14Y47         RAMD64E                                      r  VGA_use/AuxRAM_use/RAM_reg_128_255_2_2/SP.LOW/I
  -------------------------------------------------------------------    -------------------

Slack:                    inf
  Source:                 Inst_CPU/Inst_MemInstr/RAM_reg_0_255_8_8/RAMS64E_B/CLK
                            (rising edge-triggered cell RAMS64E clocked by sys_clk_pin  {rise@0.000ns fall@5.000ns period=10.000ns})
  Destination:            Inst_CPU/Inst_BancoReg/ciclo_regs[15].R32_n.bank/registro[26].FF_D_use/temp_reg/CE
  Path Group:             (none)
  Path Type:              Min at Fast Process Corner
  Data Path Delay:        1.654ns  (logic 0.628ns (37.966%)  route 1.026ns (62.034%))
  Logic Levels:           4  (LUT5=1 LUT6=1 MUXF7=1 MUXF8=1)
  Clock Uncertainty:      0.025ns  ((TSJ^2 + TIJ^2)^1/2 + DJ) / 2 + PE
    Total System Jitter     (TSJ):    0.050ns
    Total Input Jitter      (TIJ):    0.000ns
    Discrete Jitter          (DJ):    0.000ns
    Phase Error              (PE):    0.000ns

    Location             Delay type                Incr(ns)  Path(ns)    Netlist Resource(s)
  -------------------------------------------------------------------    -------------------
                         (clock sys_clk_pin rise edge)
                                                      0.000     0.000 r  
    W5                                                0.000     0.000 r  clk_100MHz (IN)
                         net (fo=0)                   0.000     0.000    clk_100MHz
    W5                   IBUF (Prop_ibuf_I_O)         0.226     0.226 r  clk_100MHz_IBUF_inst/O
                         net (fo=1, routed)           0.631     0.858    clk_100MHz_IBUF
    BUFGCTRL_X0Y1        BUFG (Prop_bufg_I_O)         0.026     0.884 r  clk_100MHz_IBUF_BUFG_inst/O
                         net (fo=796, routed)         0.565     1.448    Inst_CPU/Inst_MemInstr/RAM_reg_0_255_8_8/WCLK
    SLICE_X10Y40         RAMS64E                                      r  Inst_CPU/Inst_MemInstr/RAM_reg_0_255_8_8/RAMS64E_B/CLK
  -------------------------------------------------------------------    -------------------
    SLICE_X10Y40         RAMS64E (Prop_rams64e_CLK_O)
                                                      0.388     1.836 r  Inst_CPU/Inst_MemInstr/RAM_reg_0_255_8_8/RAMS64E_B/O
                         net (fo=1, routed)           0.000     1.836    Inst_CPU/Inst_MemInstr/RAM_reg_0_255_8_8/OB
    SLICE_X10Y40         MUXF7 (Prop_muxf7_I0_O)      0.062     1.898 r  Inst_CPU/Inst_MemInstr/RAM_reg_0_255_8_8/F7.A/O
                         net (fo=1, routed)           0.000     1.898    Inst_CPU/Inst_MemInstr/RAM_reg_0_255_8_8/O1
    SLICE_X10Y40         MUXF8 (Prop_muxf8_I1_O)      0.019     1.917 r  Inst_CPU/Inst_MemInstr/RAM_reg_0_255_8_8/F8/O
                         net (fo=1, routed)           0.176     2.093    Inst_CPU/Inst_MemInstr/RAM_reg_0_255_8_8_n_0
    SLICE_X9Y43          LUT6 (Prop_lut6_I5_O)        0.113     2.206 r  Inst_CPU/Inst_MemInstr/REGS_reg_0_15_0_5_i_4/O
                         net (fo=63, routed)          0.646     2.852    Inst_CPU/Inst_MemInstr/ram_addr_reg[9]_1
    SLICE_X8Y67          LUT5 (Prop_lut5_I2_O)        0.046     2.898 r  Inst_CPU/Inst_MemInstr/temp_i_1__2/O
                         net (fo=32, routed)          0.205     3.102    Inst_CPU/Inst_BancoReg/ciclo_regs[15].R32_n.bank/registro[26].FF_D_use/temp_reg_2
    SLICE_X9Y65          FDCE                                         r  Inst_CPU/Inst_BancoReg/ciclo_regs[15].R32_n.bank/registro[26].FF_D_use/temp_reg/CE
  -------------------------------------------------------------------    -------------------

Slack:                    inf
  Source:                 Inst_CPU/Inst_MemInstr/RAM_reg_256_511_23_23/RAMS64E_B/CLK
                            (rising edge-triggered cell RAMS64E clocked by sys_clk_pin  {rise@0.000ns fall@5.000ns period=10.000ns})
  Destination:            VGA_use/AuxRAM_use/RAM_reg_640_767_1_1/DP.HIGH/I
  Path Group:             (none)
  Path Type:              Min at Fast Process Corner
  Data Path Delay:        1.651ns  (logic 0.662ns (40.085%)  route 0.989ns (59.915%))
  Logic Levels:           4  (LUT6=1 MUXF7=1 MUXF8=2)
  Clock Uncertainty:      0.025ns  ((TSJ^2 + TIJ^2)^1/2 + DJ) / 2 + PE
    Total System Jitter     (TSJ):    0.050ns
    Total Input Jitter      (TIJ):    0.000ns
    Discrete Jitter          (DJ):    0.000ns
    Phase Error              (PE):    0.000ns

    Location             Delay type                Incr(ns)  Path(ns)    Netlist Resource(s)
  -------------------------------------------------------------------    -------------------
                         (clock sys_clk_pin rise edge)
                                                      0.000     0.000 r  
    W5                                                0.000     0.000 r  clk_100MHz (IN)
                         net (fo=0)                   0.000     0.000    clk_100MHz
    W5                   IBUF (Prop_ibuf_I_O)         0.226     0.226 r  clk_100MHz_IBUF_inst/O
                         net (fo=1, routed)           0.631     0.858    clk_100MHz_IBUF
    BUFGCTRL_X0Y1        BUFG (Prop_bufg_I_O)         0.026     0.884 r  clk_100MHz_IBUF_BUFG_inst/O
                         net (fo=796, routed)         0.591     1.474    Inst_CPU/Inst_MemInstr/RAM_reg_256_511_23_23/WCLK
    SLICE_X6Y53          RAMS64E                                      r  Inst_CPU/Inst_MemInstr/RAM_reg_256_511_23_23/RAMS64E_B/CLK
  -------------------------------------------------------------------    -------------------
    SLICE_X6Y53          RAMS64E (Prop_rams64e_CLK_O)
                                                      0.388     1.862 r  Inst_CPU/Inst_MemInstr/RAM_reg_256_511_23_23/RAMS64E_B/O
                         net (fo=1, routed)           0.000     1.862    Inst_CPU/Inst_MemInstr/RAM_reg_256_511_23_23/OB
    SLICE_X6Y53          MUXF7 (Prop_muxf7_I0_O)      0.062     1.924 r  Inst_CPU/Inst_MemInstr/RAM_reg_256_511_23_23/F7.A/O
                         net (fo=1, routed)           0.000     1.924    Inst_CPU/Inst_MemInstr/RAM_reg_256_511_23_23/O1
    SLICE_X6Y53          MUXF8 (Prop_muxf8_I1_O)      0.019     1.943 r  Inst_CPU/Inst_MemInstr/RAM_reg_256_511_23_23/F8/O
                         net (fo=1, routed)           0.142     2.086    Inst_CPU/Inst_MemInstr/RAM_reg_256_511_23_23_n_0
    SLICE_X4Y52          LUT6 (Prop_lut6_I3_O)        0.113     2.199 r  Inst_CPU/Inst_MemInstr/Rs1SumOffsetOut_carry__4_i_25/O
                         net (fo=40, routed)          0.306     2.504    Inst_CPU/Inst_BancoReg/ciclo_regs[3].R32_n.bank/registro[1].FF_D_use/s_Instruction[5]
    SLICE_X4Y50          MUXF8 (Prop_muxf8_S_O)       0.080     2.584 r  Inst_CPU/Inst_BancoReg/ciclo_regs[3].R32_n.bank/registro[1].FF_D_use/RAM_reg_0_255_1_1_i_1/O
                         net (fo=58, routed)          0.541     3.126    VGA_use/AuxRAM_use/RAM_reg_640_767_1_1/D
    SLICE_X14Y46         RAMD64E                                      r  VGA_use/AuxRAM_use/RAM_reg_640_767_1_1/DP.HIGH/I
  -------------------------------------------------------------------    -------------------

Slack:                    inf
  Source:                 Inst_CPU/Inst_MemInstr/RAM_reg_256_511_23_23/RAMS64E_B/CLK
                            (rising edge-triggered cell RAMS64E clocked by sys_clk_pin  {rise@0.000ns fall@5.000ns period=10.000ns})
  Destination:            VGA_use/AuxRAM_use/RAM_reg_640_767_1_1/DP.LOW/I
  Path Group:             (none)
  Path Type:              Min at Fast Process Corner
  Data Path Delay:        1.651ns  (logic 0.662ns (40.085%)  route 0.989ns (59.915%))
  Logic Levels:           4  (LUT6=1 MUXF7=1 MUXF8=2)
  Clock Uncertainty:      0.025ns  ((TSJ^2 + TIJ^2)^1/2 + DJ) / 2 + PE
    Total System Jitter     (TSJ):    0.050ns
    Total Input Jitter      (TIJ):    0.000ns
    Discrete Jitter          (DJ):    0.000ns
    Phase Error              (PE):    0.000ns

    Location             Delay type                Incr(ns)  Path(ns)    Netlist Resource(s)
  -------------------------------------------------------------------    -------------------
                         (clock sys_clk_pin rise edge)
                                                      0.000     0.000 r  
    W5                                                0.000     0.000 r  clk_100MHz (IN)
                         net (fo=0)                   0.000     0.000    clk_100MHz
    W5                   IBUF (Prop_ibuf_I_O)         0.226     0.226 r  clk_100MHz_IBUF_inst/O
                         net (fo=1, routed)           0.631     0.858    clk_100MHz_IBUF
    BUFGCTRL_X0Y1        BUFG (Prop_bufg_I_O)         0.026     0.884 r  clk_100MHz_IBUF_BUFG_inst/O
                         net (fo=796, routed)         0.591     1.474    Inst_CPU/Inst_MemInstr/RAM_reg_256_511_23_23/WCLK
    SLICE_X6Y53          RAMS64E                                      r  Inst_CPU/Inst_MemInstr/RAM_reg_256_511_23_23/RAMS64E_B/CLK
  -------------------------------------------------------------------    -------------------
    SLICE_X6Y53          RAMS64E (Prop_rams64e_CLK_O)
                                                      0.388     1.862 r  Inst_CPU/Inst_MemInstr/RAM_reg_256_511_23_23/RAMS64E_B/O
                         net (fo=1, routed)           0.000     1.862    Inst_CPU/Inst_MemInstr/RAM_reg_256_511_23_23/OB
    SLICE_X6Y53          MUXF7 (Prop_muxf7_I0_O)      0.062     1.924 r  Inst_CPU/Inst_MemInstr/RAM_reg_256_511_23_23/F7.A/O
                         net (fo=1, routed)           0.000     1.924    Inst_CPU/Inst_MemInstr/RAM_reg_256_511_23_23/O1
    SLICE_X6Y53          MUXF8 (Prop_muxf8_I1_O)      0.019     1.943 r  Inst_CPU/Inst_MemInstr/RAM_reg_256_511_23_23/F8/O
                         net (fo=1, routed)           0.142     2.086    Inst_CPU/Inst_MemInstr/RAM_reg_256_511_23_23_n_0
    SLICE_X4Y52          LUT6 (Prop_lut6_I3_O)        0.113     2.199 r  Inst_CPU/Inst_MemInstr/Rs1SumOffsetOut_carry__4_i_25/O
                         net (fo=40, routed)          0.306     2.504    Inst_CPU/Inst_BancoReg/ciclo_regs[3].R32_n.bank/registro[1].FF_D_use/s_Instruction[5]
    SLICE_X4Y50          MUXF8 (Prop_muxf8_S_O)       0.080     2.584 r  Inst_CPU/Inst_BancoReg/ciclo_regs[3].R32_n.bank/registro[1].FF_D_use/RAM_reg_0_255_1_1_i_1/O
                         net (fo=58, routed)          0.541     3.126    VGA_use/AuxRAM_use/RAM_reg_640_767_1_1/D
    SLICE_X14Y46         RAMD64E                                      r  VGA_use/AuxRAM_use/RAM_reg_640_767_1_1/DP.LOW/I
  -------------------------------------------------------------------    -------------------

Slack:                    inf
  Source:                 Inst_CPU/Inst_MemInstr/RAM_reg_256_511_23_23/RAMS64E_B/CLK
                            (rising edge-triggered cell RAMS64E clocked by sys_clk_pin  {rise@0.000ns fall@5.000ns period=10.000ns})
  Destination:            VGA_use/AuxRAM_use/RAM_reg_640_767_1_1/SP.HIGH/I
  Path Group:             (none)
  Path Type:              Min at Fast Process Corner
  Data Path Delay:        1.651ns  (logic 0.662ns (40.085%)  route 0.989ns (59.915%))
  Logic Levels:           4  (LUT6=1 MUXF7=1 MUXF8=2)
  Clock Uncertainty:      0.025ns  ((TSJ^2 + TIJ^2)^1/2 + DJ) / 2 + PE
    Total System Jitter     (TSJ):    0.050ns
    Total Input Jitter      (TIJ):    0.000ns
    Discrete Jitter          (DJ):    0.000ns
    Phase Error              (PE):    0.000ns

    Location             Delay type                Incr(ns)  Path(ns)    Netlist Resource(s)
  -------------------------------------------------------------------    -------------------
                         (clock sys_clk_pin rise edge)
                                                      0.000     0.000 r  
    W5                                                0.000     0.000 r  clk_100MHz (IN)
                         net (fo=0)                   0.000     0.000    clk_100MHz
    W5                   IBUF (Prop_ibuf_I_O)         0.226     0.226 r  clk_100MHz_IBUF_inst/O
                         net (fo=1, routed)           0.631     0.858    clk_100MHz_IBUF
    BUFGCTRL_X0Y1        BUFG (Prop_bufg_I_O)         0.026     0.884 r  clk_100MHz_IBUF_BUFG_inst/O
                         net (fo=796, routed)         0.591     1.474    Inst_CPU/Inst_MemInstr/RAM_reg_256_511_23_23/WCLK
    SLICE_X6Y53          RAMS64E                                      r  Inst_CPU/Inst_MemInstr/RAM_reg_256_511_23_23/RAMS64E_B/CLK
  -------------------------------------------------------------------    -------------------
    SLICE_X6Y53          RAMS64E (Prop_rams64e_CLK_O)
                                                      0.388     1.862 r  Inst_CPU/Inst_MemInstr/RAM_reg_256_511_23_23/RAMS64E_B/O
                         net (fo=1, routed)           0.000     1.862    Inst_CPU/Inst_MemInstr/RAM_reg_256_511_23_23/OB
    SLICE_X6Y53          MUXF7 (Prop_muxf7_I0_O)      0.062     1.924 r  Inst_CPU/Inst_MemInstr/RAM_reg_256_511_23_23/F7.A/O
                         net (fo=1, routed)           0.000     1.924    Inst_CPU/Inst_MemInstr/RAM_reg_256_511_23_23/O1
    SLICE_X6Y53          MUXF8 (Prop_muxf8_I1_O)      0.019     1.943 r  Inst_CPU/Inst_MemInstr/RAM_reg_256_511_23_23/F8/O
                         net (fo=1, routed)           0.142     2.086    Inst_CPU/Inst_MemInstr/RAM_reg_256_511_23_23_n_0
    SLICE_X4Y52          LUT6 (Prop_lut6_I3_O)        0.113     2.199 r  Inst_CPU/Inst_MemInstr/Rs1SumOffsetOut_carry__4_i_25/O
                         net (fo=40, routed)          0.306     2.504    Inst_CPU/Inst_BancoReg/ciclo_regs[3].R32_n.bank/registro[1].FF_D_use/s_Instruction[5]
    SLICE_X4Y50          MUXF8 (Prop_muxf8_S_O)       0.080     2.584 r  Inst_CPU/Inst_BancoReg/ciclo_regs[3].R32_n.bank/registro[1].FF_D_use/RAM_reg_0_255_1_1_i_1/O
                         net (fo=58, routed)          0.541     3.126    VGA_use/AuxRAM_use/RAM_reg_640_767_1_1/D
    SLICE_X14Y46         RAMD64E                                      r  VGA_use/AuxRAM_use/RAM_reg_640_767_1_1/SP.HIGH/I
  -------------------------------------------------------------------    -------------------

Slack:                    inf
  Source:                 Inst_CPU/Inst_MemInstr/RAM_reg_256_511_23_23/RAMS64E_B/CLK
                            (rising edge-triggered cell RAMS64E clocked by sys_clk_pin  {rise@0.000ns fall@5.000ns period=10.000ns})
  Destination:            VGA_use/AuxRAM_use/RAM_reg_640_767_1_1/SP.LOW/I
  Path Group:             (none)
  Path Type:              Min at Fast Process Corner
  Data Path Delay:        1.651ns  (logic 0.662ns (40.085%)  route 0.989ns (59.915%))
  Logic Levels:           4  (LUT6=1 MUXF7=1 MUXF8=2)
  Clock Uncertainty:      0.025ns  ((TSJ^2 + TIJ^2)^1/2 + DJ) / 2 + PE
    Total System Jitter     (TSJ):    0.050ns
    Total Input Jitter      (TIJ):    0.000ns
    Discrete Jitter          (DJ):    0.000ns
    Phase Error              (PE):    0.000ns

    Location             Delay type                Incr(ns)  Path(ns)    Netlist Resource(s)
  -------------------------------------------------------------------    -------------------
                         (clock sys_clk_pin rise edge)
                                                      0.000     0.000 r  
    W5                                                0.000     0.000 r  clk_100MHz (IN)
                         net (fo=0)                   0.000     0.000    clk_100MHz
    W5                   IBUF (Prop_ibuf_I_O)         0.226     0.226 r  clk_100MHz_IBUF_inst/O
                         net (fo=1, routed)           0.631     0.858    clk_100MHz_IBUF
    BUFGCTRL_X0Y1        BUFG (Prop_bufg_I_O)         0.026     0.884 r  clk_100MHz_IBUF_BUFG_inst/O
                         net (fo=796, routed)         0.591     1.474    Inst_CPU/Inst_MemInstr/RAM_reg_256_511_23_23/WCLK
    SLICE_X6Y53          RAMS64E                                      r  Inst_CPU/Inst_MemInstr/RAM_reg_256_511_23_23/RAMS64E_B/CLK
  -------------------------------------------------------------------    -------------------
    SLICE_X6Y53          RAMS64E (Prop_rams64e_CLK_O)
                                                      0.388     1.862 r  Inst_CPU/Inst_MemInstr/RAM_reg_256_511_23_23/RAMS64E_B/O
                         net (fo=1, routed)           0.000     1.862    Inst_CPU/Inst_MemInstr/RAM_reg_256_511_23_23/OB
    SLICE_X6Y53          MUXF7 (Prop_muxf7_I0_O)      0.062     1.924 r  Inst_CPU/Inst_MemInstr/RAM_reg_256_511_23_23/F7.A/O
                         net (fo=1, routed)           0.000     1.924    Inst_CPU/Inst_MemInstr/RAM_reg_256_511_23_23/O1
    SLICE_X6Y53          MUXF8 (Prop_muxf8_I1_O)      0.019     1.943 r  Inst_CPU/Inst_MemInstr/RAM_reg_256_511_23_23/F8/O
                         net (fo=1, routed)           0.142     2.086    Inst_CPU/Inst_MemInstr/RAM_reg_256_511_23_23_n_0
    SLICE_X4Y52          LUT6 (Prop_lut6_I3_O)        0.113     2.199 r  Inst_CPU/Inst_MemInstr/Rs1SumOffsetOut_carry__4_i_25/O
                         net (fo=40, routed)          0.306     2.504    Inst_CPU/Inst_BancoReg/ciclo_regs[3].R32_n.bank/registro[1].FF_D_use/s_Instruction[5]
    SLICE_X4Y50          MUXF8 (Prop_muxf8_S_O)       0.080     2.584 r  Inst_CPU/Inst_BancoReg/ciclo_regs[3].R32_n.bank/registro[1].FF_D_use/RAM_reg_0_255_1_1_i_1/O
                         net (fo=58, routed)          0.541     3.126    VGA_use/AuxRAM_use/RAM_reg_640_767_1_1/D
    SLICE_X14Y46         RAMD64E                                      r  VGA_use/AuxRAM_use/RAM_reg_640_767_1_1/SP.LOW/I
  -------------------------------------------------------------------    -------------------

Slack:                    inf
  Source:                 Inst_CPU/Inst_MemInstr/RAM_reg_0_255_7_7/RAMS64E_B/CLK
                            (rising edge-triggered cell RAMS64E clocked by sys_clk_pin  {rise@0.000ns fall@5.000ns period=10.000ns})
  Destination:            VGA_use/AuxReg_use/REGS_reg_0_15_6_11/RAMA/WADR0
  Path Group:             (none)
  Path Type:              Min at Fast Process Corner
  Data Path Delay:        1.678ns  (logic 0.582ns (34.694%)  route 1.096ns (65.306%))
  Logic Levels:           3  (LUT6=1 MUXF7=1 MUXF8=1)
  Clock Uncertainty:      0.025ns  ((TSJ^2 + TIJ^2)^1/2 + DJ) / 2 + PE
    Total System Jitter     (TSJ):    0.050ns
    Total Input Jitter      (TIJ):    0.000ns
    Discrete Jitter          (DJ):    0.000ns
    Phase Error              (PE):    0.000ns

    Location             Delay type                Incr(ns)  Path(ns)    Netlist Resource(s)
  -------------------------------------------------------------------    -------------------
                         (clock sys_clk_pin rise edge)
                                                      0.000     0.000 r  
    W5                                                0.000     0.000 r  clk_100MHz (IN)
                         net (fo=0)                   0.000     0.000    clk_100MHz
    W5                   IBUF (Prop_ibuf_I_O)         0.226     0.226 r  clk_100MHz_IBUF_inst/O
                         net (fo=1, routed)           0.631     0.858    clk_100MHz_IBUF
    BUFGCTRL_X0Y1        BUFG (Prop_bufg_I_O)         0.026     0.884 r  clk_100MHz_IBUF_BUFG_inst/O
                         net (fo=796, routed)         0.566     1.449    Inst_CPU/Inst_MemInstr/RAM_reg_0_255_7_7/WCLK
    SLICE_X10Y44         RAMS64E                                      r  Inst_CPU/Inst_MemInstr/RAM_reg_0_255_7_7/RAMS64E_B/CLK
  -------------------------------------------------------------------    -------------------
    SLICE_X10Y44         RAMS64E (Prop_rams64e_CLK_O)
                                                      0.388     1.837 r  Inst_CPU/Inst_MemInstr/RAM_reg_0_255_7_7/RAMS64E_B/O
                         net (fo=1, routed)           0.000     1.837    Inst_CPU/Inst_MemInstr/RAM_reg_0_255_7_7/OB
    SLICE_X10Y44         MUXF7 (Prop_muxf7_I0_O)      0.062     1.899 r  Inst_CPU/Inst_MemInstr/RAM_reg_0_255_7_7/F7.A/O
                         net (fo=1, routed)           0.000     1.899    Inst_CPU/Inst_MemInstr/RAM_reg_0_255_7_7/O1
    SLICE_X10Y44         MUXF8 (Prop_muxf8_I1_O)      0.019     1.918 r  Inst_CPU/Inst_MemInstr/RAM_reg_0_255_7_7/F8/O
                         net (fo=1, routed)           0.242     2.161    Inst_CPU/Inst_MemInstr/RAM_reg_0_255_7_7_n_0
    SLICE_X14Y41         LUT6 (Prop_lut6_I5_O)        0.113     2.274 r  Inst_CPU/Inst_MemInstr/REGS_reg_0_15_0_5_i_5/O
                         net (fo=64, routed)          0.853     3.127    VGA_use/AuxReg_use/REGS_reg_0_15_6_11/ADDRD0
    SLICE_X30Y72         RAMD32                                       r  VGA_use/AuxReg_use/REGS_reg_0_15_6_11/RAMA/WADR0
  -------------------------------------------------------------------    -------------------





--------------------------------------------------------------------------------------
Path Group:  (none)
From Clock:  
  To Clock:  sys_clk_pin

Max Delay          5245 Endpoints
Min Delay          5245 Endpoints
--------------------------------------------------------------------------------------


Max Delay Paths
--------------------------------------------------------------------------------------
Slack:                    inf
  Source:                 sw_addrRAM[1]
                            (input port)
  Destination:            VGA_use/DecToDigit_use/character_out_reg[3]/D
                            (rising edge-triggered cell FDRE clocked by sys_clk_pin  {rise@0.000ns fall@5.000ns period=10.000ns})
  Path Group:             (none)
  Path Type:              Setup (Max at Slow Process Corner)
  Data Path Delay:        46.025ns  (logic 8.358ns (18.160%)  route 37.667ns (81.840%))
  Logic Levels:           36  (CARRY4=6 IBUF=1 LUT1=1 LUT3=3 LUT4=2 LUT5=5 LUT6=13 MUXF7=3 MUXF8=1 RAMD64E=1)
  Clock Path Skew:        4.767ns (DCD - SCD + CPR)
    Destination Clock Delay (DCD):    4.767ns
    Source Clock Delay      (SCD):    0.000ns
    Clock Pessimism Removal (CPR):    0.000ns
  Clock Uncertainty:      0.025ns  ((TSJ^2 + TIJ^2)^1/2 + DJ) / 2 + PE
    Total System Jitter     (TSJ):    0.050ns
    Total Input Jitter      (TIJ):    0.000ns
    Discrete Jitter          (DJ):    0.000ns
    Phase Error              (PE):    0.000ns

    Location             Delay type                Incr(ns)  Path(ns)    Netlist Resource(s)
  -------------------------------------------------------------------    -------------------
    V16                                               0.000     0.000 r  sw_addrRAM[1] (IN)
                         net (fo=0)                   0.000     0.000    sw_addrRAM[1]
    V16                  IBUF (Prop_ibuf_I_O)         1.461     1.461 r  sw_addrRAM_IBUF[1]_inst/O
                         net (fo=517, routed)        13.594    15.056    VGA_use/AuxRAM_use/RAM_reg_512_639_12_12/DPRA1
    SLICE_X50Y49         RAMD64E (Prop_ramd64e_RADR1_O)
                                                      0.124    15.180 f  VGA_use/AuxRAM_use/RAM_reg_512_639_12_12/DP.HIGH/O
                         net (fo=1, routed)           0.000    15.180    VGA_use/AuxRAM_use/RAM_reg_512_639_12_12/DPO1
    SLICE_X50Y49         MUXF7 (Prop_muxf7_I1_O)      0.214    15.394 f  VGA_use/AuxRAM_use/RAM_reg_512_639_12_12/F7.DP/O
                         net (fo=1, routed)           0.804    16.198    VGA_use/AuxRAM_use/RAM_reg_512_639_12_12_n_0
    SLICE_X47Y51         LUT6 (Prop_lut6_I5_O)        0.297    16.495 f  VGA_use/AuxRAM_use/character_out[1]_i_515/O
                         net (fo=1, routed)           0.000    16.495    VGA_use/AuxRAM_use/character_out[1]_i_515_n_0
    SLICE_X47Y51         MUXF7 (Prop_muxf7_I1_O)      0.217    16.712 f  VGA_use/AuxRAM_use/character_out_reg[1]_i_461/O
                         net (fo=2, routed)           1.431    18.143    VGA_use/AuxRAM_use/s_dAux[12]
    SLICE_X55Y56         LUT1 (Prop_lut1_I0_O)        0.299    18.442 r  VGA_use/AuxRAM_use/character_out[1]_i_497/O
                         net (fo=1, routed)           0.000    18.442    VGA_use/AuxRAM_use/character_out[1]_i_497_n_0
    SLICE_X55Y56         CARRY4 (Prop_carry4_S[3]_CO[3])
                                                      0.401    18.843 r  VGA_use/AuxRAM_use/character_out_reg[1]_i_449/CO[3]
                         net (fo=1, routed)           0.000    18.843    VGA_use/AuxRAM_use/character_out_reg[1]_i_449_n_0
    SLICE_X55Y57         CARRY4 (Prop_carry4_CI_CO[3])
                                                      0.114    18.957 r  VGA_use/AuxRAM_use/character_out_reg[1]_i_505/CO[3]
                         net (fo=1, routed)           0.000    18.957    VGA_use/AuxRAM_use/character_out_reg[1]_i_505_n_0
    SLICE_X55Y58         CARRY4 (Prop_carry4_CI_CO[3])
                                                      0.114    19.071 r  VGA_use/AuxRAM_use/character_out_reg[1]_i_566/CO[3]
                         net (fo=1, routed)           0.000    19.071    VGA_use/AuxRAM_use/character_out_reg[1]_i_566_n_0
    SLICE_X55Y59         CARRY4 (Prop_carry4_CI_CO[3])
                                                      0.114    19.185 r  VGA_use/AuxRAM_use/character_out_reg[0]_i_282/CO[3]
                         net (fo=1, routed)           0.000    19.185    VGA_use/AuxRAM_use/character_out_reg[0]_i_282_n_0
    SLICE_X55Y60         CARRY4 (Prop_carry4_CI_CO[3])
                                                      0.114    19.299 r  VGA_use/AuxRAM_use/character_out_reg[1]_i_630/CO[3]
                         net (fo=1, routed)           0.000    19.299    VGA_use/AuxRAM_use/character_out_reg[1]_i_630_n_0
    SLICE_X55Y61         CARRY4 (Prop_carry4_CI_O[0])
                                                      0.222    19.521 r  VGA_use/AuxRAM_use/character_out_reg[1]_i_611/O[0]
                         net (fo=1, routed)           0.873    20.394    VGA_use/AuxRAM_use/character_out_reg[1]_i_611_n_7
    SLICE_X54Y61         LUT3 (Prop_lut3_I0_O)        0.299    20.693 r  VGA_use/AuxRAM_use/character_out[1]_i_609/O
                         net (fo=7, routed)           0.845    21.538    VGA_use/AuxRAM_use/character_out[1]_i_609_n_0
    SLICE_X54Y62         LUT6 (Prop_lut6_I1_O)        0.124    21.662 r  VGA_use/AuxRAM_use/character_out[1]_i_629/O
                         net (fo=4, routed)           0.849    22.511    VGA_use/AuxRAM_use/character_out[1]_i_629_n_0
    SLICE_X54Y61         LUT6 (Prop_lut6_I4_O)        0.124    22.635 r  VGA_use/AuxRAM_use/character_out[1]_i_632/O
                         net (fo=4, routed)           0.866    23.501    VGA_use/AuxRAM_use/character_out[1]_i_632_n_0
    SLICE_X56Y61         LUT6 (Prop_lut6_I3_O)        0.124    23.625 f  VGA_use/AuxRAM_use/character_out[1]_i_628/O
                         net (fo=4, routed)           1.169    24.794    VGA_use/AuxRAM_use/character_out[1]_i_628_n_0
    SLICE_X56Y60         LUT6 (Prop_lut6_I5_O)        0.124    24.918 r  VGA_use/AuxRAM_use/character_out[0]_i_288/O
                         net (fo=4, routed)           0.998    25.916    VGA_use/AuxRAM_use/character_out[0]_i_288_n_0
    SLICE_X56Y58         LUT6 (Prop_lut6_I5_O)        0.124    26.040 r  VGA_use/AuxRAM_use/character_out[0]_i_273/O
                         net (fo=9, routed)           0.960    27.000    VGA_use/AuxRAM_use/character_out[0]_i_273_n_0
    SLICE_X58Y58         LUT6 (Prop_lut6_I2_O)        0.124    27.124 r  VGA_use/AuxRAM_use/character_out[1]_i_564/O
                         net (fo=4, routed)           0.700    27.824    VGA_use/AuxRAM_use/character_out[1]_i_564_n_0
    SLICE_X58Y58         LUT6 (Prop_lut6_I1_O)        0.124    27.948 r  VGA_use/AuxRAM_use/character_out[1]_i_510/O
                         net (fo=4, routed)           1.189    29.137    VGA_use/AuxRAM_use/character_out[1]_i_510_n_0
    SLICE_X54Y57         LUT6 (Prop_lut6_I4_O)        0.124    29.261 r  VGA_use/AuxRAM_use/character_out[1]_i_462/O
                         net (fo=8, routed)           1.595    30.855    VGA_use/AuxRAM_use/character_out[1]_i_462_n_0
    SLICE_X63Y58         LUT6 (Prop_lut6_I5_O)        0.124    30.979 r  VGA_use/AuxRAM_use/character_out[0]_i_212/O
                         net (fo=8, routed)           0.962    31.941    VGA_use/AuxRAM_use/character_out[0]_i_212_n_0
    SLICE_X64Y59         LUT5 (Prop_lut5_I4_O)        0.152    32.093 r  VGA_use/AuxRAM_use/character_out[1]_i_403/O
                         net (fo=4, routed)           0.977    33.070    VGA_use/AuxRAM_use/character_out[1]_i_403_n_0
    SLICE_X65Y58         LUT6 (Prop_lut6_I4_O)        0.348    33.418 r  VGA_use/AuxRAM_use/character_out[1]_i_323/O
                         net (fo=5, routed)           1.169    34.588    VGA_use/AuxRAM_use/character_out[1]_i_323_n_0
    SLICE_X62Y57         LUT5 (Prop_lut5_I3_O)        0.152    34.740 r  VGA_use/AuxRAM_use/character_out[1]_i_309/O
                         net (fo=1, routed)           0.682    35.422    VGA_use/AuxRAM_use/character_out[1]_i_309_n_0
    SLICE_X62Y57         LUT3 (Prop_lut3_I2_O)        0.332    35.754 r  VGA_use/AuxRAM_use/character_out[1]_i_213/O
                         net (fo=5, routed)           0.846    36.600    VGA_use/AuxRAM_use/character_out[1]_i_213_n_0
    SLICE_X60Y57         LUT5 (Prop_lut5_I3_O)        0.117    36.717 r  VGA_use/AuxRAM_use/character_out[1]_i_227/O
                         net (fo=1, routed)           0.684    37.401    VGA_use/AuxRAM_use/character_out[1]_i_227_n_0
    SLICE_X60Y57         LUT3 (Prop_lut3_I2_O)        0.374    37.775 r  VGA_use/AuxRAM_use/character_out[1]_i_139/O
                         net (fo=8, routed)           1.265    39.040    VGA_use/AuxRAM_use/character_out[1]_i_139_n_0
    SLICE_X60Y62         LUT4 (Prop_lut4_I3_O)        0.354    39.394 r  VGA_use/AuxRAM_use/character_out[1]_i_137/O
                         net (fo=6, routed)           1.600    40.993    VGA_use/AuxRAM_use/character_out[1]_i_137_n_0
    SLICE_X60Y65         LUT5 (Prop_lut5_I2_O)        0.354    41.347 r  VGA_use/AuxRAM_use/character_out[3]_i_133/O
                         net (fo=5, routed)           1.129    42.477    VGA_use/AuxRAM_use/character_out[3]_i_133_n_0
    SLICE_X58Y63         LUT6 (Prop_lut6_I5_O)        0.348    42.825 r  VGA_use/AuxRAM_use/character_out[3]_i_135/O
                         net (fo=2, routed)           0.173    42.998    VGA_use/AuxRAM_use/character_out[3]_i_135_n_0
    SLICE_X58Y63         LUT4 (Prop_lut4_I2_O)        0.124    43.122 r  VGA_use/AuxRAM_use/character_out[3]_i_42/O
                         net (fo=1, routed)           0.804    43.926    VGA_use/AuxRAM_use/s_dAux_digits[15]
    SLICE_X60Y64         LUT5 (Prop_lut5_I2_O)        0.124    44.050 r  VGA_use/AuxRAM_use/character_out[3]_i_14/O
                         net (fo=1, routed)           1.502    45.552    VGA_use/DecToDigit_use/character_out_reg[3]_i_2_0
    SLICE_X49Y73         LUT6 (Prop_lut6_I3_O)        0.124    45.676 r  VGA_use/DecToDigit_use/character_out[3]_i_5/O
                         net (fo=1, routed)           0.000    45.676    VGA_use/DecToDigit_use/character_out[3]_i_5_n_0
    SLICE_X49Y73         MUXF7 (Prop_muxf7_I1_O)      0.245    45.921 r  VGA_use/DecToDigit_use/character_out_reg[3]_i_2/O
                         net (fo=1, routed)           0.000    45.921    VGA_use/DecToDigit_use/character_out_reg[3]_i_2_n_0
    SLICE_X49Y73         MUXF8 (Prop_muxf8_I0_O)      0.104    46.025 r  VGA_use/DecToDigit_use/character_out_reg[3]_i_1/O
                         net (fo=1, routed)           0.000    46.025    VGA_use/DecToDigit_use/character_out_reg[3]_i_1_n_0
    SLICE_X49Y73         FDRE                                         r  VGA_use/DecToDigit_use/character_out_reg[3]/D
  -------------------------------------------------------------------    -------------------

                         (clock sys_clk_pin rise edge)
                                                      0.000     0.000 r  
    W5                                                0.000     0.000 r  clk_100MHz (IN)
                         net (fo=0)                   0.000     0.000    clk_100MHz
    W5                   IBUF (Prop_ibuf_I_O)         1.388     1.388 r  clk_100MHz_IBUF_inst/O
                         net (fo=1, routed)           1.862     3.250    clk_100MHz_IBUF
    BUFGCTRL_X0Y1        BUFG (Prop_bufg_I_O)         0.091     3.341 r  clk_100MHz_IBUF_BUFG_inst/O
                         net (fo=796, routed)         1.426     4.767    VGA_use/DecToDigit_use/clk_100MHz_IBUF_BUFG
    SLICE_X49Y73         FDRE                                         r  VGA_use/DecToDigit_use/character_out_reg[3]/C

Slack:                    inf
  Source:                 sw_addrRAM[1]
                            (input port)
  Destination:            VGA_use/DecToDigit_use/character_out_reg[1]/D
                            (rising edge-triggered cell FDRE clocked by sys_clk_pin  {rise@0.000ns fall@5.000ns period=10.000ns})
  Path Group:             (none)
  Path Type:              Setup (Max at Slow Process Corner)
  Data Path Delay:        45.956ns  (logic 8.659ns (18.843%)  route 37.297ns (81.157%))
  Logic Levels:           35  (CARRY4=6 IBUF=1 LUT1=1 LUT3=3 LUT4=1 LUT5=5 LUT6=13 MUXF7=4 RAMD64E=1)
  Clock Path Skew:        4.764ns (DCD - SCD + CPR)
    Destination Clock Delay (DCD):    4.764ns
    Source Clock Delay      (SCD):    0.000ns
    Clock Pessimism Removal (CPR):    0.000ns
  Clock Uncertainty:      0.025ns  ((TSJ^2 + TIJ^2)^1/2 + DJ) / 2 + PE
    Total System Jitter     (TSJ):    0.050ns
    Total Input Jitter      (TIJ):    0.000ns
    Discrete Jitter          (DJ):    0.000ns
    Phase Error              (PE):    0.000ns

    Location             Delay type                Incr(ns)  Path(ns)    Netlist Resource(s)
  -------------------------------------------------------------------    -------------------
    V16                                               0.000     0.000 r  sw_addrRAM[1] (IN)
                         net (fo=0)                   0.000     0.000    sw_addrRAM[1]
    V16                  IBUF (Prop_ibuf_I_O)         1.461     1.461 r  sw_addrRAM_IBUF[1]_inst/O
                         net (fo=517, routed)        13.594    15.056    VGA_use/AuxRAM_use/RAM_reg_512_639_12_12/DPRA1
    SLICE_X50Y49         RAMD64E (Prop_ramd64e_RADR1_O)
                                                      0.124    15.180 f  VGA_use/AuxRAM_use/RAM_reg_512_639_12_12/DP.HIGH/O
                         net (fo=1, routed)           0.000    15.180    VGA_use/AuxRAM_use/RAM_reg_512_639_12_12/DPO1
    SLICE_X50Y49         MUXF7 (Prop_muxf7_I1_O)      0.214    15.394 f  VGA_use/AuxRAM_use/RAM_reg_512_639_12_12/F7.DP/O
                         net (fo=1, routed)           0.804    16.198    VGA_use/AuxRAM_use/RAM_reg_512_639_12_12_n_0
    SLICE_X47Y51         LUT6 (Prop_lut6_I5_O)        0.297    16.495 f  VGA_use/AuxRAM_use/character_out[1]_i_515/O
                         net (fo=1, routed)           0.000    16.495    VGA_use/AuxRAM_use/character_out[1]_i_515_n_0
    SLICE_X47Y51         MUXF7 (Prop_muxf7_I1_O)      0.217    16.712 f  VGA_use/AuxRAM_use/character_out_reg[1]_i_461/O
                         net (fo=2, routed)           1.431    18.143    VGA_use/AuxRAM_use/s_dAux[12]
    SLICE_X55Y56         LUT1 (Prop_lut1_I0_O)        0.299    18.442 r  VGA_use/AuxRAM_use/character_out[1]_i_497/O
                         net (fo=1, routed)           0.000    18.442    VGA_use/AuxRAM_use/character_out[1]_i_497_n_0
    SLICE_X55Y56         CARRY4 (Prop_carry4_S[3]_CO[3])
                                                      0.401    18.843 r  VGA_use/AuxRAM_use/character_out_reg[1]_i_449/CO[3]
                         net (fo=1, routed)           0.000    18.843    VGA_use/AuxRAM_use/character_out_reg[1]_i_449_n_0
    SLICE_X55Y57         CARRY4 (Prop_carry4_CI_CO[3])
                                                      0.114    18.957 r  VGA_use/AuxRAM_use/character_out_reg[1]_i_505/CO[3]
                         net (fo=1, routed)           0.000    18.957    VGA_use/AuxRAM_use/character_out_reg[1]_i_505_n_0
    SLICE_X55Y58         CARRY4 (Prop_carry4_CI_CO[3])
                                                      0.114    19.071 r  VGA_use/AuxRAM_use/character_out_reg[1]_i_566/CO[3]
                         net (fo=1, routed)           0.000    19.071    VGA_use/AuxRAM_use/character_out_reg[1]_i_566_n_0
    SLICE_X55Y59         CARRY4 (Prop_carry4_CI_CO[3])
                                                      0.114    19.185 r  VGA_use/AuxRAM_use/character_out_reg[0]_i_282/CO[3]
                         net (fo=1, routed)           0.000    19.185    VGA_use/AuxRAM_use/character_out_reg[0]_i_282_n_0
    SLICE_X55Y60         CARRY4 (Prop_carry4_CI_CO[3])
                                                      0.114    19.299 r  VGA_use/AuxRAM_use/character_out_reg[1]_i_630/CO[3]
                         net (fo=1, routed)           0.000    19.299    VGA_use/AuxRAM_use/character_out_reg[1]_i_630_n_0
    SLICE_X55Y61         CARRY4 (Prop_carry4_CI_O[0])
                                                      0.222    19.521 r  VGA_use/AuxRAM_use/character_out_reg[1]_i_611/O[0]
                         net (fo=1, routed)           0.873    20.394    VGA_use/AuxRAM_use/character_out_reg[1]_i_611_n_7
    SLICE_X54Y61         LUT3 (Prop_lut3_I0_O)        0.299    20.693 r  VGA_use/AuxRAM_use/character_out[1]_i_609/O
                         net (fo=7, routed)           0.845    21.538    VGA_use/AuxRAM_use/character_out[1]_i_609_n_0
    SLICE_X54Y62         LUT6 (Prop_lut6_I1_O)        0.124    21.662 r  VGA_use/AuxRAM_use/character_out[1]_i_629/O
                         net (fo=4, routed)           0.849    22.511    VGA_use/AuxRAM_use/character_out[1]_i_629_n_0
    SLICE_X54Y61         LUT6 (Prop_lut6_I4_O)        0.124    22.635 r  VGA_use/AuxRAM_use/character_out[1]_i_632/O
                         net (fo=4, routed)           0.866    23.501    VGA_use/AuxRAM_use/character_out[1]_i_632_n_0
    SLICE_X56Y61         LUT6 (Prop_lut6_I3_O)        0.124    23.625 f  VGA_use/AuxRAM_use/character_out[1]_i_628/O
                         net (fo=4, routed)           1.169    24.794    VGA_use/AuxRAM_use/character_out[1]_i_628_n_0
    SLICE_X56Y60         LUT6 (Prop_lut6_I5_O)        0.124    24.918 r  VGA_use/AuxRAM_use/character_out[0]_i_288/O
                         net (fo=4, routed)           0.998    25.916    VGA_use/AuxRAM_use/character_out[0]_i_288_n_0
    SLICE_X56Y58         LUT6 (Prop_lut6_I5_O)        0.124    26.040 r  VGA_use/AuxRAM_use/character_out[0]_i_273/O
                         net (fo=9, routed)           0.960    27.000    VGA_use/AuxRAM_use/character_out[0]_i_273_n_0
    SLICE_X58Y58         LUT6 (Prop_lut6_I2_O)        0.124    27.124 r  VGA_use/AuxRAM_use/character_out[1]_i_564/O
                         net (fo=4, routed)           0.700    27.824    VGA_use/AuxRAM_use/character_out[1]_i_564_n_0
    SLICE_X58Y58         LUT6 (Prop_lut6_I1_O)        0.124    27.948 r  VGA_use/AuxRAM_use/character_out[1]_i_510/O
                         net (fo=4, routed)           1.189    29.137    VGA_use/AuxRAM_use/character_out[1]_i_510_n_0
    SLICE_X54Y57         LUT6 (Prop_lut6_I4_O)        0.124    29.261 r  VGA_use/AuxRAM_use/character_out[1]_i_462/O
                         net (fo=8, routed)           1.595    30.855    VGA_use/AuxRAM_use/character_out[1]_i_462_n_0
    SLICE_X63Y58         LUT6 (Prop_lut6_I5_O)        0.124    30.979 r  VGA_use/AuxRAM_use/character_out[0]_i_212/O
                         net (fo=8, routed)           0.962    31.941    VGA_use/AuxRAM_use/character_out[0]_i_212_n_0
    SLICE_X64Y59         LUT5 (Prop_lut5_I4_O)        0.152    32.093 r  VGA_use/AuxRAM_use/character_out[1]_i_403/O
                         net (fo=4, routed)           0.977    33.070    VGA_use/AuxRAM_use/character_out[1]_i_403_n_0
    SLICE_X65Y58         LUT6 (Prop_lut6_I4_O)        0.348    33.418 r  VGA_use/AuxRAM_use/character_out[1]_i_323/O
                         net (fo=5, routed)           1.169    34.588    VGA_use/AuxRAM_use/character_out[1]_i_323_n_0
    SLICE_X62Y57         LUT5 (Prop_lut5_I3_O)        0.152    34.740 r  VGA_use/AuxRAM_use/character_out[1]_i_309/O
                         net (fo=1, routed)           0.682    35.422    VGA_use/AuxRAM_use/character_out[1]_i_309_n_0
    SLICE_X62Y57         LUT3 (Prop_lut3_I2_O)        0.332    35.754 r  VGA_use/AuxRAM_use/character_out[1]_i_213/O
                         net (fo=5, routed)           0.846    36.600    VGA_use/AuxRAM_use/character_out[1]_i_213_n_0
    SLICE_X60Y57         LUT5 (Prop_lut5_I3_O)        0.117    36.717 r  VGA_use/AuxRAM_use/character_out[1]_i_227/O
                         net (fo=1, routed)           0.684    37.401    VGA_use/AuxRAM_use/character_out[1]_i_227_n_0
    SLICE_X60Y57         LUT3 (Prop_lut3_I2_O)        0.374    37.775 r  VGA_use/AuxRAM_use/character_out[1]_i_139/O
                         net (fo=8, routed)           1.265    39.040    VGA_use/AuxRAM_use/character_out[1]_i_139_n_0
    SLICE_X60Y62         LUT4 (Prop_lut4_I3_O)        0.354    39.394 r  VGA_use/AuxRAM_use/character_out[1]_i_137/O
                         net (fo=6, routed)           1.600    40.993    VGA_use/AuxRAM_use/character_out[1]_i_137_n_0
    SLICE_X60Y65         LUT5 (Prop_lut5_I2_O)        0.354    41.347 r  VGA_use/AuxRAM_use/character_out[3]_i_133/O
                         net (fo=5, routed)           0.902    42.249    VGA_use/AuxRAM_use/character_out[3]_i_133_n_0
    SLICE_X59Y63         LUT6 (Prop_lut6_I5_O)        0.348    42.597 r  VGA_use/AuxRAM_use/character_out[1]_i_64/O
                         net (fo=1, routed)           0.000    42.597    VGA_use/AuxRAM_use/s_dAux_digits[13]
    SLICE_X59Y63         MUXF7 (Prop_muxf7_I0_O)      0.212    42.809 r  VGA_use/AuxRAM_use/character_out_reg[1]_i_21/O
                         net (fo=1, routed)           0.871    43.680    VGA_use/AuxRAM_use/character_out_reg[1]_i_21_n_0
    SLICE_X59Y66         LUT6 (Prop_lut6_I0_O)        0.299    43.979 r  VGA_use/AuxRAM_use/character_out[1]_i_8/O
                         net (fo=1, routed)           0.000    43.979    VGA_use/DecToDigit_use/character_out_reg[1]_2
    SLICE_X59Y66         MUXF7 (Prop_muxf7_I0_O)      0.212    44.191 r  VGA_use/DecToDigit_use/character_out_reg[1]_i_3/O
                         net (fo=1, routed)           1.466    45.657    VGA_use/DecToDigit_use/character_out_reg[1]_i_3_n_0
    SLICE_X45Y73         LUT5 (Prop_lut5_I2_O)        0.299    45.956 r  VGA_use/DecToDigit_use/character_out[1]_i_1/O
                         net (fo=1, routed)           0.000    45.956    VGA_use/DecToDigit_use/character_out[1]_i_1_n_0
    SLICE_X45Y73         FDRE                                         r  VGA_use/DecToDigit_use/character_out_reg[1]/D
  -------------------------------------------------------------------    -------------------

                         (clock sys_clk_pin rise edge)
                                                      0.000     0.000 r  
    W5                                                0.000     0.000 r  clk_100MHz (IN)
                         net (fo=0)                   0.000     0.000    clk_100MHz
    W5                   IBUF (Prop_ibuf_I_O)         1.388     1.388 r  clk_100MHz_IBUF_inst/O
                         net (fo=1, routed)           1.862     3.250    clk_100MHz_IBUF
    BUFGCTRL_X0Y1        BUFG (Prop_bufg_I_O)         0.091     3.341 r  clk_100MHz_IBUF_BUFG_inst/O
                         net (fo=796, routed)         1.423     4.764    VGA_use/DecToDigit_use/clk_100MHz_IBUF_BUFG
    SLICE_X45Y73         FDRE                                         r  VGA_use/DecToDigit_use/character_out_reg[1]/C

Slack:                    inf
  Source:                 sw_addrRAM[1]
                            (input port)
  Destination:            VGA_use/DecToDigit_use/character_out_reg[2]/D
                            (rising edge-triggered cell FDRE clocked by sys_clk_pin  {rise@0.000ns fall@5.000ns period=10.000ns})
  Path Group:             (none)
  Path Type:              Setup (Max at Slow Process Corner)
  Data Path Delay:        45.840ns  (logic 8.593ns (18.747%)  route 37.246ns (81.253%))
  Logic Levels:           36  (CARRY4=6 IBUF=1 LUT1=1 LUT3=1 LUT4=5 LUT5=5 LUT6=12 MUXF7=3 MUXF8=1 RAMD64E=1)
  Clock Path Skew:        4.765ns (DCD - SCD + CPR)
    Destination Clock Delay (DCD):    4.765ns
    Source Clock Delay      (SCD):    0.000ns
    Clock Pessimism Removal (CPR):    0.000ns
  Clock Uncertainty:      0.025ns  ((TSJ^2 + TIJ^2)^1/2 + DJ) / 2 + PE
    Total System Jitter     (TSJ):    0.050ns
    Total Input Jitter      (TIJ):    0.000ns
    Discrete Jitter          (DJ):    0.000ns
    Phase Error              (PE):    0.000ns

    Location             Delay type                Incr(ns)  Path(ns)    Netlist Resource(s)
  -------------------------------------------------------------------    -------------------
    V16                                               0.000     0.000 r  sw_addrRAM[1] (IN)
                         net (fo=0)                   0.000     0.000    sw_addrRAM[1]
    V16                  IBUF (Prop_ibuf_I_O)         1.461     1.461 r  sw_addrRAM_IBUF[1]_inst/O
                         net (fo=517, routed)        13.594    15.056    VGA_use/AuxRAM_use/RAM_reg_512_639_12_12/DPRA1
    SLICE_X50Y49         RAMD64E (Prop_ramd64e_RADR1_O)
                                                      0.124    15.180 f  VGA_use/AuxRAM_use/RAM_reg_512_639_12_12/DP.HIGH/O
                         net (fo=1, routed)           0.000    15.180    VGA_use/AuxRAM_use/RAM_reg_512_639_12_12/DPO1
    SLICE_X50Y49         MUXF7 (Prop_muxf7_I1_O)      0.214    15.394 f  VGA_use/AuxRAM_use/RAM_reg_512_639_12_12/F7.DP/O
                         net (fo=1, routed)           0.804    16.198    VGA_use/AuxRAM_use/RAM_reg_512_639_12_12_n_0
    SLICE_X47Y51         LUT6 (Prop_lut6_I5_O)        0.297    16.495 f  VGA_use/AuxRAM_use/character_out[1]_i_515/O
                         net (fo=1, routed)           0.000    16.495    VGA_use/AuxRAM_use/character_out[1]_i_515_n_0
    SLICE_X47Y51         MUXF7 (Prop_muxf7_I1_O)      0.217    16.712 f  VGA_use/AuxRAM_use/character_out_reg[1]_i_461/O
                         net (fo=2, routed)           1.431    18.143    VGA_use/AuxRAM_use/s_dAux[12]
    SLICE_X55Y56         LUT1 (Prop_lut1_I0_O)        0.299    18.442 r  VGA_use/AuxRAM_use/character_out[1]_i_497/O
                         net (fo=1, routed)           0.000    18.442    VGA_use/AuxRAM_use/character_out[1]_i_497_n_0
    SLICE_X55Y56         CARRY4 (Prop_carry4_S[3]_CO[3])
                                                      0.401    18.843 r  VGA_use/AuxRAM_use/character_out_reg[1]_i_449/CO[3]
                         net (fo=1, routed)           0.000    18.843    VGA_use/AuxRAM_use/character_out_reg[1]_i_449_n_0
    SLICE_X55Y57         CARRY4 (Prop_carry4_CI_CO[3])
                                                      0.114    18.957 r  VGA_use/AuxRAM_use/character_out_reg[1]_i_505/CO[3]
                         net (fo=1, routed)           0.000    18.957    VGA_use/AuxRAM_use/character_out_reg[1]_i_505_n_0
    SLICE_X55Y58         CARRY4 (Prop_carry4_CI_CO[3])
                                                      0.114    19.071 r  VGA_use/AuxRAM_use/character_out_reg[1]_i_566/CO[3]
                         net (fo=1, routed)           0.000    19.071    VGA_use/AuxRAM_use/character_out_reg[1]_i_566_n_0
    SLICE_X55Y59         CARRY4 (Prop_carry4_CI_CO[3])
                                                      0.114    19.185 r  VGA_use/AuxRAM_use/character_out_reg[0]_i_282/CO[3]
                         net (fo=1, routed)           0.000    19.185    VGA_use/AuxRAM_use/character_out_reg[0]_i_282_n_0
    SLICE_X55Y60         CARRY4 (Prop_carry4_CI_CO[3])
                                                      0.114    19.299 r  VGA_use/AuxRAM_use/character_out_reg[1]_i_630/CO[3]
                         net (fo=1, routed)           0.000    19.299    VGA_use/AuxRAM_use/character_out_reg[1]_i_630_n_0
    SLICE_X55Y61         CARRY4 (Prop_carry4_CI_O[0])
                                                      0.222    19.521 r  VGA_use/AuxRAM_use/character_out_reg[1]_i_611/O[0]
                         net (fo=1, routed)           0.873    20.394    VGA_use/AuxRAM_use/character_out_reg[1]_i_611_n_7
    SLICE_X54Y61         LUT3 (Prop_lut3_I0_O)        0.299    20.693 r  VGA_use/AuxRAM_use/character_out[1]_i_609/O
                         net (fo=7, routed)           0.845    21.538    VGA_use/AuxRAM_use/character_out[1]_i_609_n_0
    SLICE_X54Y62         LUT6 (Prop_lut6_I1_O)        0.124    21.662 r  VGA_use/AuxRAM_use/character_out[1]_i_629/O
                         net (fo=4, routed)           0.849    22.511    VGA_use/AuxRAM_use/character_out[1]_i_629_n_0
    SLICE_X54Y61         LUT6 (Prop_lut6_I4_O)        0.124    22.635 r  VGA_use/AuxRAM_use/character_out[1]_i_632/O
                         net (fo=4, routed)           0.866    23.501    VGA_use/AuxRAM_use/character_out[1]_i_632_n_0
    SLICE_X56Y61         LUT6 (Prop_lut6_I3_O)        0.124    23.625 f  VGA_use/AuxRAM_use/character_out[1]_i_628/O
                         net (fo=4, routed)           1.169    24.794    VGA_use/AuxRAM_use/character_out[1]_i_628_n_0
    SLICE_X56Y60         LUT6 (Prop_lut6_I5_O)        0.124    24.918 r  VGA_use/AuxRAM_use/character_out[0]_i_288/O
                         net (fo=4, routed)           0.998    25.916    VGA_use/AuxRAM_use/character_out[0]_i_288_n_0
    SLICE_X56Y58         LUT6 (Prop_lut6_I5_O)        0.124    26.040 r  VGA_use/AuxRAM_use/character_out[0]_i_273/O
                         net (fo=9, routed)           0.960    27.000    VGA_use/AuxRAM_use/character_out[0]_i_273_n_0
    SLICE_X58Y58         LUT6 (Prop_lut6_I2_O)        0.124    27.124 r  VGA_use/AuxRAM_use/character_out[1]_i_564/O
                         net (fo=4, routed)           0.700    27.824    VGA_use/AuxRAM_use/character_out[1]_i_564_n_0
    SLICE_X58Y58         LUT6 (Prop_lut6_I1_O)        0.124    27.948 r  VGA_use/AuxRAM_use/character_out[1]_i_510/O
                         net (fo=4, routed)           1.189    29.137    VGA_use/AuxRAM_use/character_out[1]_i_510_n_0
    SLICE_X54Y57         LUT6 (Prop_lut6_I4_O)        0.124    29.261 r  VGA_use/AuxRAM_use/character_out[1]_i_462/O
                         net (fo=8, routed)           1.595    30.855    VGA_use/AuxRAM_use/character_out[1]_i_462_n_0
    SLICE_X63Y58         LUT6 (Prop_lut6_I5_O)        0.124    30.979 r  VGA_use/AuxRAM_use/character_out[0]_i_212/O
                         net (fo=8, routed)           0.962    31.941    VGA_use/AuxRAM_use/character_out[0]_i_212_n_0
    SLICE_X64Y59         LUT5 (Prop_lut5_I4_O)        0.152    32.093 r  VGA_use/AuxRAM_use/character_out[1]_i_403/O
                         net (fo=4, routed)           0.980    33.073    VGA_use/AuxRAM_use/character_out[1]_i_403_n_0
    SLICE_X65Y58         LUT5 (Prop_lut5_I4_O)        0.348    33.421 r  VGA_use/AuxRAM_use/character_out[0]_i_174/O
                         net (fo=6, routed)           1.012    34.433    VGA_use/AuxRAM_use/character_out[0]_i_174_n_0
    SLICE_X62Y58         LUT4 (Prop_lut4_I2_O)        0.152    34.585 r  VGA_use/AuxRAM_use/character_out[0]_i_169/O
                         net (fo=6, routed)           1.262    35.847    VGA_use/AuxRAM_use/character_out[0]_i_169_n_0
    SLICE_X63Y63         LUT6 (Prop_lut6_I3_O)        0.326    36.173 r  VGA_use/AuxRAM_use/character_out[0]_i_144/O
                         net (fo=5, routed)           1.027    37.200    VGA_use/AuxRAM_use/character_out[0]_i_144_n_0
    SLICE_X62Y62         LUT4 (Prop_lut4_I1_O)        0.152    37.352 r  VGA_use/AuxRAM_use/character_out[0]_i_117/O
                         net (fo=5, routed)           0.600    37.952    VGA_use/AuxRAM_use/character_out[0]_i_117_n_0
    SLICE_X62Y63         LUT4 (Prop_lut4_I2_O)        0.358    38.310 r  VGA_use/AuxRAM_use/character_out[0]_i_121/O
                         net (fo=5, routed)           0.837    39.148    VGA_use/AuxRAM_use/character_out[0]_i_121_n_0
    SLICE_X63Y65         LUT4 (Prop_lut4_I2_O)        0.360    39.508 r  VGA_use/AuxRAM_use/character_out[1]_i_148/O
                         net (fo=6, routed)           0.989    40.497    VGA_use/AuxRAM_use/character_out[1]_i_148_n_0
    SLICE_X63Y68         LUT5 (Prop_lut5_I4_O)        0.360    40.857 r  VGA_use/AuxRAM_use/character_out[0]_i_75/O
                         net (fo=3, routed)           0.684    41.541    VGA_use/AuxRAM_use/character_out[0]_i_75_n_0
    SLICE_X63Y68         LUT5 (Prop_lut5_I2_O)        0.360    41.901 r  VGA_use/AuxRAM_use/character_out[1]_i_72/O
                         net (fo=3, routed)           0.883    42.784    VGA_use/AuxRAM_use/character_out[1]_i_72_n_0
    SLICE_X62Y68         LUT4 (Prop_lut4_I3_O)        0.326    43.110 r  VGA_use/AuxRAM_use/character_out[2]_i_47/O
                         net (fo=1, routed)           0.669    43.779    VGA_use/AuxRAM_use/s_dAux_digits[30]
    SLICE_X62Y68         LUT5 (Prop_lut5_I2_O)        0.124    43.903 r  VGA_use/AuxRAM_use/character_out[2]_i_15/O
                         net (fo=1, routed)           1.468    45.371    VGA_use/DecToDigit_use/character_out_reg[2]_i_2_1
    SLICE_X46Y72         LUT6 (Prop_lut6_I5_O)        0.124    45.495 r  VGA_use/DecToDigit_use/character_out[2]_i_5/O
                         net (fo=1, routed)           0.000    45.495    VGA_use/DecToDigit_use/character_out[2]_i_5_n_0
    SLICE_X46Y72         MUXF7 (Prop_muxf7_I1_O)      0.247    45.742 r  VGA_use/DecToDigit_use/character_out_reg[2]_i_2/O
                         net (fo=1, routed)           0.000    45.742    VGA_use/DecToDigit_use/character_out_reg[2]_i_2_n_0
    SLICE_X46Y72         MUXF8 (Prop_muxf8_I0_O)      0.098    45.840 r  VGA_use/DecToDigit_use/character_out_reg[2]_i_1/O
                         net (fo=1, routed)           0.000    45.840    VGA_use/DecToDigit_use/character_out_reg[2]_i_1_n_0
    SLICE_X46Y72         FDRE                                         r  VGA_use/DecToDigit_use/character_out_reg[2]/D
  -------------------------------------------------------------------    -------------------

                         (clock sys_clk_pin rise edge)
                                                      0.000     0.000 r  
    W5                                                0.000     0.000 r  clk_100MHz (IN)
                         net (fo=0)                   0.000     0.000    clk_100MHz
    W5                   IBUF (Prop_ibuf_I_O)         1.388     1.388 r  clk_100MHz_IBUF_inst/O
                         net (fo=1, routed)           1.862     3.250    clk_100MHz_IBUF
    BUFGCTRL_X0Y1        BUFG (Prop_bufg_I_O)         0.091     3.341 r  clk_100MHz_IBUF_BUFG_inst/O
                         net (fo=796, routed)         1.424     4.765    VGA_use/DecToDigit_use/clk_100MHz_IBUF_BUFG
    SLICE_X46Y72         FDRE                                         r  VGA_use/DecToDigit_use/character_out_reg[2]/C

Slack:                    inf
  Source:                 sw_addrRAM[1]
                            (input port)
  Destination:            VGA_use/DecToDigit_use/character_out_reg[0]/D
                            (rising edge-triggered cell FDRE clocked by sys_clk_pin  {rise@0.000ns fall@5.000ns period=10.000ns})
  Path Group:             (none)
  Path Type:              Setup (Max at Slow Process Corner)
  Data Path Delay:        45.762ns  (logic 8.396ns (18.348%)  route 37.366ns (81.652%))
  Logic Levels:           35  (CARRY4=6 IBUF=1 LUT1=1 LUT3=3 LUT4=1 LUT5=5 LUT6=14 MUXF7=3 RAMD64E=1)
  Clock Path Skew:        4.768ns (DCD - SCD + CPR)
    Destination Clock Delay (DCD):    4.768ns
    Source Clock Delay      (SCD):    0.000ns
    Clock Pessimism Removal (CPR):    0.000ns
  Clock Uncertainty:      0.025ns  ((TSJ^2 + TIJ^2)^1/2 + DJ) / 2 + PE
    Total System Jitter     (TSJ):    0.050ns
    Total Input Jitter      (TIJ):    0.000ns
    Discrete Jitter          (DJ):    0.000ns
    Phase Error              (PE):    0.000ns

    Location             Delay type                Incr(ns)  Path(ns)    Netlist Resource(s)
  -------------------------------------------------------------------    -------------------
    V16                                               0.000     0.000 r  sw_addrRAM[1] (IN)
                         net (fo=0)                   0.000     0.000    sw_addrRAM[1]
    V16                  IBUF (Prop_ibuf_I_O)         1.461     1.461 r  sw_addrRAM_IBUF[1]_inst/O
                         net (fo=517, routed)        13.594    15.056    VGA_use/AuxRAM_use/RAM_reg_512_639_12_12/DPRA1
    SLICE_X50Y49         RAMD64E (Prop_ramd64e_RADR1_O)
                                                      0.124    15.180 f  VGA_use/AuxRAM_use/RAM_reg_512_639_12_12/DP.HIGH/O
                         net (fo=1, routed)           0.000    15.180    VGA_use/AuxRAM_use/RAM_reg_512_639_12_12/DPO1
    SLICE_X50Y49         MUXF7 (Prop_muxf7_I1_O)      0.214    15.394 f  VGA_use/AuxRAM_use/RAM_reg_512_639_12_12/F7.DP/O
                         net (fo=1, routed)           0.804    16.198    VGA_use/AuxRAM_use/RAM_reg_512_639_12_12_n_0
    SLICE_X47Y51         LUT6 (Prop_lut6_I5_O)        0.297    16.495 f  VGA_use/AuxRAM_use/character_out[1]_i_515/O
                         net (fo=1, routed)           0.000    16.495    VGA_use/AuxRAM_use/character_out[1]_i_515_n_0
    SLICE_X47Y51         MUXF7 (Prop_muxf7_I1_O)      0.217    16.712 f  VGA_use/AuxRAM_use/character_out_reg[1]_i_461/O
                         net (fo=2, routed)           1.431    18.143    VGA_use/AuxRAM_use/s_dAux[12]
    SLICE_X55Y56         LUT1 (Prop_lut1_I0_O)        0.299    18.442 r  VGA_use/AuxRAM_use/character_out[1]_i_497/O
                         net (fo=1, routed)           0.000    18.442    VGA_use/AuxRAM_use/character_out[1]_i_497_n_0
    SLICE_X55Y56         CARRY4 (Prop_carry4_S[3]_CO[3])
                                                      0.401    18.843 r  VGA_use/AuxRAM_use/character_out_reg[1]_i_449/CO[3]
                         net (fo=1, routed)           0.000    18.843    VGA_use/AuxRAM_use/character_out_reg[1]_i_449_n_0
    SLICE_X55Y57         CARRY4 (Prop_carry4_CI_CO[3])
                                                      0.114    18.957 r  VGA_use/AuxRAM_use/character_out_reg[1]_i_505/CO[3]
                         net (fo=1, routed)           0.000    18.957    VGA_use/AuxRAM_use/character_out_reg[1]_i_505_n_0
    SLICE_X55Y58         CARRY4 (Prop_carry4_CI_CO[3])
                                                      0.114    19.071 r  VGA_use/AuxRAM_use/character_out_reg[1]_i_566/CO[3]
                         net (fo=1, routed)           0.000    19.071    VGA_use/AuxRAM_use/character_out_reg[1]_i_566_n_0
    SLICE_X55Y59         CARRY4 (Prop_carry4_CI_CO[3])
                                                      0.114    19.185 r  VGA_use/AuxRAM_use/character_out_reg[0]_i_282/CO[3]
                         net (fo=1, routed)           0.000    19.185    VGA_use/AuxRAM_use/character_out_reg[0]_i_282_n_0
    SLICE_X55Y60         CARRY4 (Prop_carry4_CI_CO[3])
                                                      0.114    19.299 r  VGA_use/AuxRAM_use/character_out_reg[1]_i_630/CO[3]
                         net (fo=1, routed)           0.000    19.299    VGA_use/AuxRAM_use/character_out_reg[1]_i_630_n_0
    SLICE_X55Y61         CARRY4 (Prop_carry4_CI_O[0])
                                                      0.222    19.521 r  VGA_use/AuxRAM_use/character_out_reg[1]_i_611/O[0]
                         net (fo=1, routed)           0.873    20.394    VGA_use/AuxRAM_use/character_out_reg[1]_i_611_n_7
    SLICE_X54Y61         LUT3 (Prop_lut3_I0_O)        0.299    20.693 r  VGA_use/AuxRAM_use/character_out[1]_i_609/O
                         net (fo=7, routed)           0.845    21.538    VGA_use/AuxRAM_use/character_out[1]_i_609_n_0
    SLICE_X54Y62         LUT6 (Prop_lut6_I1_O)        0.124    21.662 r  VGA_use/AuxRAM_use/character_out[1]_i_629/O
                         net (fo=4, routed)           0.849    22.511    VGA_use/AuxRAM_use/character_out[1]_i_629_n_0
    SLICE_X54Y61         LUT6 (Prop_lut6_I4_O)        0.124    22.635 r  VGA_use/AuxRAM_use/character_out[1]_i_632/O
                         net (fo=4, routed)           0.866    23.501    VGA_use/AuxRAM_use/character_out[1]_i_632_n_0
    SLICE_X56Y61         LUT6 (Prop_lut6_I3_O)        0.124    23.625 f  VGA_use/AuxRAM_use/character_out[1]_i_628/O
                         net (fo=4, routed)           1.169    24.794    VGA_use/AuxRAM_use/character_out[1]_i_628_n_0
    SLICE_X56Y60         LUT6 (Prop_lut6_I5_O)        0.124    24.918 r  VGA_use/AuxRAM_use/character_out[0]_i_288/O
                         net (fo=4, routed)           0.998    25.916    VGA_use/AuxRAM_use/character_out[0]_i_288_n_0
    SLICE_X56Y58         LUT6 (Prop_lut6_I5_O)        0.124    26.040 r  VGA_use/AuxRAM_use/character_out[0]_i_273/O
                         net (fo=9, routed)           0.960    27.000    VGA_use/AuxRAM_use/character_out[0]_i_273_n_0
    SLICE_X58Y58         LUT6 (Prop_lut6_I2_O)        0.124    27.124 r  VGA_use/AuxRAM_use/character_out[1]_i_564/O
                         net (fo=4, routed)           0.700    27.824    VGA_use/AuxRAM_use/character_out[1]_i_564_n_0
    SLICE_X58Y58         LUT6 (Prop_lut6_I1_O)        0.124    27.948 r  VGA_use/AuxRAM_use/character_out[1]_i_510/O
                         net (fo=4, routed)           1.189    29.137    VGA_use/AuxRAM_use/character_out[1]_i_510_n_0
    SLICE_X54Y57         LUT6 (Prop_lut6_I4_O)        0.124    29.261 r  VGA_use/AuxRAM_use/character_out[1]_i_462/O
                         net (fo=8, routed)           1.595    30.855    VGA_use/AuxRAM_use/character_out[1]_i_462_n_0
    SLICE_X63Y58         LUT6 (Prop_lut6_I5_O)        0.124    30.979 r  VGA_use/AuxRAM_use/character_out[0]_i_212/O
                         net (fo=8, routed)           0.962    31.941    VGA_use/AuxRAM_use/character_out[0]_i_212_n_0
    SLICE_X64Y59         LUT5 (Prop_lut5_I4_O)        0.152    32.093 r  VGA_use/AuxRAM_use/character_out[1]_i_403/O
                         net (fo=4, routed)           0.977    33.070    VGA_use/AuxRAM_use/character_out[1]_i_403_n_0
    SLICE_X65Y58         LUT6 (Prop_lut6_I4_O)        0.348    33.418 r  VGA_use/AuxRAM_use/character_out[1]_i_323/O
                         net (fo=5, routed)           1.169    34.588    VGA_use/AuxRAM_use/character_out[1]_i_323_n_0
    SLICE_X62Y57         LUT5 (Prop_lut5_I3_O)        0.152    34.740 r  VGA_use/AuxRAM_use/character_out[1]_i_309/O
                         net (fo=1, routed)           0.682    35.422    VGA_use/AuxRAM_use/character_out[1]_i_309_n_0
    SLICE_X62Y57         LUT3 (Prop_lut3_I2_O)        0.332    35.754 r  VGA_use/AuxRAM_use/character_out[1]_i_213/O
                         net (fo=5, routed)           0.846    36.600    VGA_use/AuxRAM_use/character_out[1]_i_213_n_0
    SLICE_X60Y57         LUT5 (Prop_lut5_I3_O)        0.117    36.717 r  VGA_use/AuxRAM_use/character_out[1]_i_227/O
                         net (fo=1, routed)           0.684    37.401    VGA_use/AuxRAM_use/character_out[1]_i_227_n_0
    SLICE_X60Y57         LUT3 (Prop_lut3_I2_O)        0.374    37.775 r  VGA_use/AuxRAM_use/character_out[1]_i_139/O
                         net (fo=8, routed)           1.265    39.040    VGA_use/AuxRAM_use/character_out[1]_i_139_n_0
    SLICE_X60Y62         LUT4 (Prop_lut4_I3_O)        0.354    39.394 r  VGA_use/AuxRAM_use/character_out[1]_i_137/O
                         net (fo=6, routed)           1.600    40.993    VGA_use/AuxRAM_use/character_out[1]_i_137_n_0
    SLICE_X60Y65         LUT5 (Prop_lut5_I2_O)        0.354    41.347 r  VGA_use/AuxRAM_use/character_out[3]_i_133/O
                         net (fo=5, routed)           0.620    41.967    VGA_use/AuxRAM_use/character_out[3]_i_133_n_0
    SLICE_X59Y63         LUT6 (Prop_lut6_I5_O)        0.348    42.315 r  VGA_use/AuxRAM_use/character_out[0]_i_55/O
                         net (fo=1, routed)           0.571    42.886    VGA_use/AuxRAM_use/s_dAux_digits[16]
    SLICE_X59Y64         LUT6 (Prop_lut6_I0_O)        0.124    43.010 r  VGA_use/AuxRAM_use/character_out[0]_i_24/O
                         net (fo=1, routed)           0.000    43.010    VGA_use/AuxRAM_use/character_out[0]_i_24_n_0
    SLICE_X59Y64         MUXF7 (Prop_muxf7_I0_O)      0.212    43.222 r  VGA_use/AuxRAM_use/character_out_reg[0]_i_9/O
                         net (fo=1, routed)           0.446    43.668    VGA_use/DecToDigit_use/character_out_reg[0]_2
    SLICE_X58Y67         LUT6 (Prop_lut6_I3_O)        0.299    43.967 r  VGA_use/DecToDigit_use/character_out[0]_i_3/O
                         net (fo=1, routed)           1.671    45.638    VGA_use/DecToDigit_use/character_out[0]_i_3_n_0
    SLICE_X45Y70         LUT5 (Prop_lut5_I2_O)        0.124    45.762 r  VGA_use/DecToDigit_use/character_out[0]_i_1/O
                         net (fo=1, routed)           0.000    45.762    VGA_use/DecToDigit_use/character_out[0]_i_1_n_0
    SLICE_X45Y70         FDRE                                         r  VGA_use/DecToDigit_use/character_out_reg[0]/D
  -------------------------------------------------------------------    -------------------

                         (clock sys_clk_pin rise edge)
                                                      0.000     0.000 r  
    W5                                                0.000     0.000 r  clk_100MHz (IN)
                         net (fo=0)                   0.000     0.000    clk_100MHz
    W5                   IBUF (Prop_ibuf_I_O)         1.388     1.388 r  clk_100MHz_IBUF_inst/O
                         net (fo=1, routed)           1.862     3.250    clk_100MHz_IBUF
    BUFGCTRL_X0Y1        BUFG (Prop_bufg_I_O)         0.091     3.341 r  clk_100MHz_IBUF_BUFG_inst/O
                         net (fo=796, routed)         1.427     4.768    VGA_use/DecToDigit_use/clk_100MHz_IBUF_BUFG
    SLICE_X45Y70         FDRE                                         r  VGA_use/DecToDigit_use/character_out_reg[0]/C

Slack:                    inf
  Source:                 sw15
                            (input port)
  Destination:            BOOTLOADER_use/ram_we_reg/D
                            (rising edge-triggered cell FDRE clocked by sys_clk_pin  {rise@0.000ns fall@5.000ns period=10.000ns})
  Path Group:             (none)
  Path Type:              Setup (Max at Slow Process Corner)
  Data Path Delay:        9.151ns  (logic 1.580ns (17.268%)  route 7.570ns (82.732%))
  Logic Levels:           2  (IBUF=1 LUT6=1)
  Clock Path Skew:        4.849ns (DCD - SCD + CPR)
    Destination Clock Delay (DCD):    4.849ns
    Source Clock Delay      (SCD):    0.000ns
    Clock Pessimism Removal (CPR):    0.000ns
  Clock Uncertainty:      0.025ns  ((TSJ^2 + TIJ^2)^1/2 + DJ) / 2 + PE
    Total System Jitter     (TSJ):    0.050ns
    Total Input Jitter      (TIJ):    0.000ns
    Discrete Jitter          (DJ):    0.000ns
    Phase Error              (PE):    0.000ns

    Location             Delay type                Incr(ns)  Path(ns)    Netlist Resource(s)
  -------------------------------------------------------------------    -------------------
    R2                                                0.000     0.000 f  sw15 (IN)
                         net (fo=0)                   0.000     0.000    sw15
    R2                   IBUF (Prop_ibuf_I_O)         1.456     1.456 f  sw15_IBUF_inst/O
                         net (fo=66, routed)          4.481     5.937    BOOTLOADER_use/leds_OBUF[8]
    SLICE_X6Y31          LUT6 (Prop_lut6_I5_O)        0.124     6.061 r  BOOTLOADER_use/ram_addr[9]_i_1/O
                         net (fo=43, routed)          3.089     9.151    BOOTLOADER_use/ram_addr[9]_i_1_n_0
    SLICE_X7Y52          FDRE                                         r  BOOTLOADER_use/ram_we_reg/D
  -------------------------------------------------------------------    -------------------

                         (clock sys_clk_pin rise edge)
                                                      0.000     0.000 r  
    W5                                                0.000     0.000 r  clk_100MHz (IN)
                         net (fo=0)                   0.000     0.000    clk_100MHz
    W5                   IBUF (Prop_ibuf_I_O)         1.388     1.388 r  clk_100MHz_IBUF_inst/O
                         net (fo=1, routed)           1.862     3.250    clk_100MHz_IBUF
    BUFGCTRL_X0Y1        BUFG (Prop_bufg_I_O)         0.091     3.341 r  clk_100MHz_IBUF_BUFG_inst/O
                         net (fo=796, routed)         1.508     4.849    BOOTLOADER_use/clk_100MHz_IBUF_BUFG
    SLICE_X7Y52          FDRE                                         r  BOOTLOADER_use/ram_we_reg/C

Slack:                    inf
  Source:                 sw15
                            (input port)
  Destination:            Inst_CPU/Inst_MemInstr/RAM_reg_512_767_2_2/RAMS64E_A/I
                            (rising edge-triggered cell RAMS64E clocked by sys_clk_pin  {rise@0.000ns fall@5.000ns period=10.000ns})
  Path Group:             (none)
  Path Type:              Setup (Max at Slow Process Corner)
  Data Path Delay:        9.087ns  (logic 1.574ns (17.324%)  route 7.513ns (82.676%))
  Logic Levels:           2  (IBUF=1 LUT2=1)
  Clock Path Skew:        4.781ns (DCD - SCD + CPR)
    Destination Clock Delay (DCD):    4.781ns
    Source Clock Delay      (SCD):    0.000ns
    Clock Pessimism Removal (CPR):    0.000ns
  Clock Uncertainty:      0.025ns  ((TSJ^2 + TIJ^2)^1/2 + DJ) / 2 + PE
    Total System Jitter     (TSJ):    0.050ns
    Total Input Jitter      (TIJ):    0.000ns
    Discrete Jitter          (DJ):    0.000ns
    Phase Error              (PE):    0.000ns

    Location             Delay type                Incr(ns)  Path(ns)    Netlist Resource(s)
  -------------------------------------------------------------------    -------------------
    R2                                                0.000     0.000 f  sw15 (IN)
                         net (fo=0)                   0.000     0.000    sw15
    R2                   IBUF (Prop_ibuf_I_O)         1.456     1.456 f  sw15_IBUF_inst/O
                         net (fo=66, routed)          5.332     6.788    BOOTLOADER_use/leds_OBUF[8]
    SLICE_X7Y33          LUT2 (Prop_lut2_I1_O)        0.118     6.906 r  BOOTLOADER_use/RAM_reg_0_255_2_2_i_1__0/O
                         net (fo=16, routed)          2.181     9.087    Inst_CPU/Inst_MemInstr/RAM_reg_512_767_2_2/D
    SLICE_X12Y53         RAMS64E                                      r  Inst_CPU/Inst_MemInstr/RAM_reg_512_767_2_2/RAMS64E_A/I
  -------------------------------------------------------------------    -------------------

                         (clock sys_clk_pin rise edge)
                                                      0.000     0.000 r  
    W5                                                0.000     0.000 r  clk_100MHz (IN)
                         net (fo=0)                   0.000     0.000    clk_100MHz
    W5                   IBUF (Prop_ibuf_I_O)         1.388     1.388 r  clk_100MHz_IBUF_inst/O
                         net (fo=1, routed)           1.862     3.250    clk_100MHz_IBUF
    BUFGCTRL_X0Y1        BUFG (Prop_bufg_I_O)         0.091     3.341 r  clk_100MHz_IBUF_BUFG_inst/O
                         net (fo=796, routed)         1.440     4.781    Inst_CPU/Inst_MemInstr/RAM_reg_512_767_2_2/WCLK
    SLICE_X12Y53         RAMS64E                                      r  Inst_CPU/Inst_MemInstr/RAM_reg_512_767_2_2/RAMS64E_A/CLK

Slack:                    inf
  Source:                 sw15
                            (input port)
  Destination:            Inst_CPU/Inst_MemInstr/RAM_reg_512_767_2_2/RAMS64E_B/I
                            (rising edge-triggered cell RAMS64E clocked by sys_clk_pin  {rise@0.000ns fall@5.000ns period=10.000ns})
  Path Group:             (none)
  Path Type:              Setup (Max at Slow Process Corner)
  Data Path Delay:        9.087ns  (logic 1.574ns (17.324%)  route 7.513ns (82.676%))
  Logic Levels:           2  (IBUF=1 LUT2=1)
  Clock Path Skew:        4.781ns (DCD - SCD + CPR)
    Destination Clock Delay (DCD):    4.781ns
    Source Clock Delay      (SCD):    0.000ns
    Clock Pessimism Removal (CPR):    0.000ns
  Clock Uncertainty:      0.025ns  ((TSJ^2 + TIJ^2)^1/2 + DJ) / 2 + PE
    Total System Jitter     (TSJ):    0.050ns
    Total Input Jitter      (TIJ):    0.000ns
    Discrete Jitter          (DJ):    0.000ns
    Phase Error              (PE):    0.000ns

    Location             Delay type                Incr(ns)  Path(ns)    Netlist Resource(s)
  -------------------------------------------------------------------    -------------------
    R2                                                0.000     0.000 f  sw15 (IN)
                         net (fo=0)                   0.000     0.000    sw15
    R2                   IBUF (Prop_ibuf_I_O)         1.456     1.456 f  sw15_IBUF_inst/O
                         net (fo=66, routed)          5.332     6.788    BOOTLOADER_use/leds_OBUF[8]
    SLICE_X7Y33          LUT2 (Prop_lut2_I1_O)        0.118     6.906 r  BOOTLOADER_use/RAM_reg_0_255_2_2_i_1__0/O
                         net (fo=16, routed)          2.181     9.087    Inst_CPU/Inst_MemInstr/RAM_reg_512_767_2_2/D
    SLICE_X12Y53         RAMS64E                                      r  Inst_CPU/Inst_MemInstr/RAM_reg_512_767_2_2/RAMS64E_B/I
  -------------------------------------------------------------------    -------------------

                         (clock sys_clk_pin rise edge)
                                                      0.000     0.000 r  
    W5                                                0.000     0.000 r  clk_100MHz (IN)
                         net (fo=0)                   0.000     0.000    clk_100MHz
    W5                   IBUF (Prop_ibuf_I_O)         1.388     1.388 r  clk_100MHz_IBUF_inst/O
                         net (fo=1, routed)           1.862     3.250    clk_100MHz_IBUF
    BUFGCTRL_X0Y1        BUFG (Prop_bufg_I_O)         0.091     3.341 r  clk_100MHz_IBUF_BUFG_inst/O
                         net (fo=796, routed)         1.440     4.781    Inst_CPU/Inst_MemInstr/RAM_reg_512_767_2_2/WCLK
    SLICE_X12Y53         RAMS64E                                      r  Inst_CPU/Inst_MemInstr/RAM_reg_512_767_2_2/RAMS64E_B/CLK

Slack:                    inf
  Source:                 sw15
                            (input port)
  Destination:            Inst_CPU/Inst_MemInstr/RAM_reg_512_767_2_2/RAMS64E_C/I
                            (rising edge-triggered cell RAMS64E clocked by sys_clk_pin  {rise@0.000ns fall@5.000ns period=10.000ns})
  Path Group:             (none)
  Path Type:              Setup (Max at Slow Process Corner)
  Data Path Delay:        9.087ns  (logic 1.574ns (17.324%)  route 7.513ns (82.676%))
  Logic Levels:           2  (IBUF=1 LUT2=1)
  Clock Path Skew:        4.781ns (DCD - SCD + CPR)
    Destination Clock Delay (DCD):    4.781ns
    Source Clock Delay      (SCD):    0.000ns
    Clock Pessimism Removal (CPR):    0.000ns
  Clock Uncertainty:      0.025ns  ((TSJ^2 + TIJ^2)^1/2 + DJ) / 2 + PE
    Total System Jitter     (TSJ):    0.050ns
    Total Input Jitter      (TIJ):    0.000ns
    Discrete Jitter          (DJ):    0.000ns
    Phase Error              (PE):    0.000ns

    Location             Delay type                Incr(ns)  Path(ns)    Netlist Resource(s)
  -------------------------------------------------------------------    -------------------
    R2                                                0.000     0.000 f  sw15 (IN)
                         net (fo=0)                   0.000     0.000    sw15
    R2                   IBUF (Prop_ibuf_I_O)         1.456     1.456 f  sw15_IBUF_inst/O
                         net (fo=66, routed)          5.332     6.788    BOOTLOADER_use/leds_OBUF[8]
    SLICE_X7Y33          LUT2 (Prop_lut2_I1_O)        0.118     6.906 r  BOOTLOADER_use/RAM_reg_0_255_2_2_i_1__0/O
                         net (fo=16, routed)          2.181     9.087    Inst_CPU/Inst_MemInstr/RAM_reg_512_767_2_2/D
    SLICE_X12Y53         RAMS64E                                      r  Inst_CPU/Inst_MemInstr/RAM_reg_512_767_2_2/RAMS64E_C/I
  -------------------------------------------------------------------    -------------------

                         (clock sys_clk_pin rise edge)
                                                      0.000     0.000 r  
    W5                                                0.000     0.000 r  clk_100MHz (IN)
                         net (fo=0)                   0.000     0.000    clk_100MHz
    W5                   IBUF (Prop_ibuf_I_O)         1.388     1.388 r  clk_100MHz_IBUF_inst/O
                         net (fo=1, routed)           1.862     3.250    clk_100MHz_IBUF
    BUFGCTRL_X0Y1        BUFG (Prop_bufg_I_O)         0.091     3.341 r  clk_100MHz_IBUF_BUFG_inst/O
                         net (fo=796, routed)         1.440     4.781    Inst_CPU/Inst_MemInstr/RAM_reg_512_767_2_2/WCLK
    SLICE_X12Y53         RAMS64E                                      r  Inst_CPU/Inst_MemInstr/RAM_reg_512_767_2_2/RAMS64E_C/CLK

Slack:                    inf
  Source:                 sw15
                            (input port)
  Destination:            Inst_CPU/Inst_MemInstr/RAM_reg_512_767_2_2/RAMS64E_D/I
                            (rising edge-triggered cell RAMS64E clocked by sys_clk_pin  {rise@0.000ns fall@5.000ns period=10.000ns})
  Path Group:             (none)
  Path Type:              Setup (Max at Slow Process Corner)
  Data Path Delay:        9.087ns  (logic 1.574ns (17.324%)  route 7.513ns (82.676%))
  Logic Levels:           2  (IBUF=1 LUT2=1)
  Clock Path Skew:        4.781ns (DCD - SCD + CPR)
    Destination Clock Delay (DCD):    4.781ns
    Source Clock Delay      (SCD):    0.000ns
    Clock Pessimism Removal (CPR):    0.000ns
  Clock Uncertainty:      0.025ns  ((TSJ^2 + TIJ^2)^1/2 + DJ) / 2 + PE
    Total System Jitter     (TSJ):    0.050ns
    Total Input Jitter      (TIJ):    0.000ns
    Discrete Jitter          (DJ):    0.000ns
    Phase Error              (PE):    0.000ns

    Location             Delay type                Incr(ns)  Path(ns)    Netlist Resource(s)
  -------------------------------------------------------------------    -------------------
    R2                                                0.000     0.000 f  sw15 (IN)
                         net (fo=0)                   0.000     0.000    sw15
    R2                   IBUF (Prop_ibuf_I_O)         1.456     1.456 f  sw15_IBUF_inst/O
                         net (fo=66, routed)          5.332     6.788    BOOTLOADER_use/leds_OBUF[8]
    SLICE_X7Y33          LUT2 (Prop_lut2_I1_O)        0.118     6.906 r  BOOTLOADER_use/RAM_reg_0_255_2_2_i_1__0/O
                         net (fo=16, routed)          2.181     9.087    Inst_CPU/Inst_MemInstr/RAM_reg_512_767_2_2/D
    SLICE_X12Y53         RAMS64E                                      r  Inst_CPU/Inst_MemInstr/RAM_reg_512_767_2_2/RAMS64E_D/I
  -------------------------------------------------------------------    -------------------

                         (clock sys_clk_pin rise edge)
                                                      0.000     0.000 r  
    W5                                                0.000     0.000 r  clk_100MHz (IN)
                         net (fo=0)                   0.000     0.000    clk_100MHz
    W5                   IBUF (Prop_ibuf_I_O)         1.388     1.388 r  clk_100MHz_IBUF_inst/O
                         net (fo=1, routed)           1.862     3.250    clk_100MHz_IBUF
    BUFGCTRL_X0Y1        BUFG (Prop_bufg_I_O)         0.091     3.341 r  clk_100MHz_IBUF_BUFG_inst/O
                         net (fo=796, routed)         1.440     4.781    Inst_CPU/Inst_MemInstr/RAM_reg_512_767_2_2/WCLK
    SLICE_X12Y53         RAMS64E                                      r  Inst_CPU/Inst_MemInstr/RAM_reg_512_767_2_2/RAMS64E_D/CLK

Slack:                    inf
  Source:                 sw15
                            (input port)
  Destination:            Inst_CPU/Inst_MemInstr/RAM_reg_768_1023_22_22/RAMS64E_A/WE
                            (rising edge-triggered cell RAMS64E clocked by sys_clk_pin  {rise@0.000ns fall@5.000ns period=10.000ns})
  Path Group:             (none)
  Path Type:              Setup (Max at Slow Process Corner)
  Data Path Delay:        8.922ns  (logic 1.606ns (18.002%)  route 7.316ns (81.998%))
  Logic Levels:           2  (IBUF=1 LUT4=1)
  Clock Path Skew:        4.851ns (DCD - SCD + CPR)
    Destination Clock Delay (DCD):    4.851ns
    Source Clock Delay      (SCD):    0.000ns
    Clock Pessimism Removal (CPR):    0.000ns
  Clock Uncertainty:      0.025ns  ((TSJ^2 + TIJ^2)^1/2 + DJ) / 2 + PE
    Total System Jitter     (TSJ):    0.050ns
    Total Input Jitter      (TIJ):    0.000ns
    Discrete Jitter          (DJ):    0.000ns
    Phase Error              (PE):    0.000ns

    Location             Delay type                Incr(ns)  Path(ns)    Netlist Resource(s)
  -------------------------------------------------------------------    -------------------
    R2                                                0.000     0.000 f  sw15 (IN)
                         net (fo=0)                   0.000     0.000    sw15
    R2                   IBUF (Prop_ibuf_I_O)         1.456     1.456 f  sw15_IBUF_inst/O
                         net (fo=66, routed)          4.127     5.583    BOOTLOADER_use/leds_OBUF[8]
    SLICE_X7Y52          LUT4 (Prop_lut4_I2_O)        0.150     5.733 r  BOOTLOADER_use/RAM_reg_768_1023_0_0_i_1/O
                         net (fo=128, routed)         3.189     8.922    Inst_CPU/Inst_MemInstr/RAM_reg_768_1023_22_22/WE
    SLICE_X2Y52          RAMS64E                                      r  Inst_CPU/Inst_MemInstr/RAM_reg_768_1023_22_22/RAMS64E_A/WE
  -------------------------------------------------------------------    -------------------

                         (clock sys_clk_pin rise edge)
                                                      0.000     0.000 r  
    W5                                                0.000     0.000 r  clk_100MHz (IN)
                         net (fo=0)                   0.000     0.000    clk_100MHz
    W5                   IBUF (Prop_ibuf_I_O)         1.388     1.388 r  clk_100MHz_IBUF_inst/O
                         net (fo=1, routed)           1.862     3.250    clk_100MHz_IBUF
    BUFGCTRL_X0Y1        BUFG (Prop_bufg_I_O)         0.091     3.341 r  clk_100MHz_IBUF_BUFG_inst/O
                         net (fo=796, routed)         1.510     4.851    Inst_CPU/Inst_MemInstr/RAM_reg_768_1023_22_22/WCLK
    SLICE_X2Y52          RAMS64E                                      r  Inst_CPU/Inst_MemInstr/RAM_reg_768_1023_22_22/RAMS64E_A/CLK





Min Delay Paths
--------------------------------------------------------------------------------------
Slack:                    inf
  Source:                 btn_reset_n
                            (input port)
  Destination:            VGA_use/vga_control_use/clk_25_reg/CLR
                            (removal check against rising-edge clock sys_clk_pin  {rise@0.000ns fall@5.000ns period=10.000ns})
  Path Group:             (none)
  Path Type:              Removal (Min at Fast Process Corner)
  Data Path Delay:        1.156ns  (logic 0.268ns (23.218%)  route 0.887ns (76.782%))
  Logic Levels:           2  (IBUF=1 LUT1=1)
  Clock Path Skew:        1.963ns (DCD - SCD - CPR)
    Destination Clock Delay (DCD):    1.963ns
    Source Clock Delay      (SCD):    0.000ns
    Clock Pessimism Removal (CPR):    -0.000ns

    Location             Delay type                Incr(ns)  Path(ns)    Netlist Resource(s)
  -------------------------------------------------------------------    -------------------
    T1                                                0.000     0.000 r  btn_reset_n (IN)
                         net (fo=0)                   0.000     0.000    btn_reset_n
    T1                   IBUF (Prop_ibuf_I_O)         0.223     0.223 r  btn_reset_n_IBUF_inst/O
                         net (fo=1, routed)           0.403     0.626    VGA_use/vga_control_use/btn_reset_n_IBUF
    SLICE_X64Y44         LUT1 (Prop_lut1_I0_O)        0.045     0.671 f  VGA_use/vga_control_use/div[0]_i_2/O
                         net (fo=42, routed)          0.484     1.156    VGA_use/vga_control_use/div[0]_i_2_n_0
    SLICE_X48Y46         FDCE                                         f  VGA_use/vga_control_use/clk_25_reg/CLR
  -------------------------------------------------------------------    -------------------

                         (clock sys_clk_pin rise edge)
                                                      0.000     0.000 r  
    W5                                                0.000     0.000 r  clk_100MHz (IN)
                         net (fo=0)                   0.000     0.000    clk_100MHz
    W5                   IBUF (Prop_ibuf_I_O)         0.414     0.414 r  clk_100MHz_IBUF_inst/O
                         net (fo=1, routed)           0.685     1.099    clk_100MHz_IBUF
    BUFGCTRL_X0Y1        BUFG (Prop_bufg_I_O)         0.029     1.128 r  clk_100MHz_IBUF_BUFG_inst/O
                         net (fo=796, routed)         0.836     1.963    VGA_use/vga_control_use/clk_100MHz_IBUF_BUFG
    SLICE_X48Y46         FDCE                                         r  VGA_use/vga_control_use/clk_25_reg/C

Slack:                    inf
  Source:                 btn_reset_n
                            (input port)
  Destination:            VGA_use/vga_control_use/div_reg[0]/CLR
                            (removal check against rising-edge clock sys_clk_pin  {rise@0.000ns fall@5.000ns period=10.000ns})
  Path Group:             (none)
  Path Type:              Removal (Min at Fast Process Corner)
  Data Path Delay:        1.156ns  (logic 0.268ns (23.218%)  route 0.887ns (76.782%))
  Logic Levels:           2  (IBUF=1 LUT1=1)
  Clock Path Skew:        1.963ns (DCD - SCD - CPR)
    Destination Clock Delay (DCD):    1.963ns
    Source Clock Delay      (SCD):    0.000ns
    Clock Pessimism Removal (CPR):    -0.000ns

    Location             Delay type                Incr(ns)  Path(ns)    Netlist Resource(s)
  -------------------------------------------------------------------    -------------------
    T1                                                0.000     0.000 r  btn_reset_n (IN)
                         net (fo=0)                   0.000     0.000    btn_reset_n
    T1                   IBUF (Prop_ibuf_I_O)         0.223     0.223 r  btn_reset_n_IBUF_inst/O
                         net (fo=1, routed)           0.403     0.626    VGA_use/vga_control_use/btn_reset_n_IBUF
    SLICE_X64Y44         LUT1 (Prop_lut1_I0_O)        0.045     0.671 f  VGA_use/vga_control_use/div[0]_i_2/O
                         net (fo=42, routed)          0.484     1.156    VGA_use/vga_control_use/div[0]_i_2_n_0
    SLICE_X48Y46         FDCE                                         f  VGA_use/vga_control_use/div_reg[0]/CLR
  -------------------------------------------------------------------    -------------------

                         (clock sys_clk_pin rise edge)
                                                      0.000     0.000 r  
    W5                                                0.000     0.000 r  clk_100MHz (IN)
                         net (fo=0)                   0.000     0.000    clk_100MHz
    W5                   IBUF (Prop_ibuf_I_O)         0.414     0.414 r  clk_100MHz_IBUF_inst/O
                         net (fo=1, routed)           0.685     1.099    clk_100MHz_IBUF
    BUFGCTRL_X0Y1        BUFG (Prop_bufg_I_O)         0.029     1.128 r  clk_100MHz_IBUF_BUFG_inst/O
                         net (fo=796, routed)         0.836     1.963    VGA_use/vga_control_use/clk_100MHz_IBUF_BUFG
    SLICE_X48Y46         FDCE                                         r  VGA_use/vga_control_use/div_reg[0]/C

Slack:                    inf
  Source:                 Inst_CPU/Inst_CP/R32_use/registro[4].FF_D_use/temp_reg/C
                            (rising edge-triggered cell FDCE)
  Destination:            Inst_CPU/Inst_MemInstr/RAM_reg_512_767_29_29/RAMS64E_A/ADR4
                            (rising edge-triggered cell RAMS64E clocked by sys_clk_pin  {rise@0.000ns fall@5.000ns period=10.000ns})
  Path Group:             (none)
  Path Type:              Hold (Min at Fast Process Corner)
  Data Path Delay:        1.223ns  (logic 0.186ns (15.205%)  route 1.037ns (84.795%))
  Logic Levels:           2  (FDCE=1 LUT3=1)
  Clock Uncertainty:      0.025ns  ((TSJ^2 + TIJ^2)^1/2 + DJ) / 2 + PE
    Total System Jitter     (TSJ):    0.050ns
    Total Input Jitter      (TIJ):    0.000ns
    Discrete Jitter          (DJ):    0.000ns
    Phase Error              (PE):    0.000ns

    Location             Delay type                Incr(ns)  Path(ns)    Netlist Resource(s)
  -------------------------------------------------------------------    -------------------
    SLICE_X37Y42         FDCE                         0.000     0.000 r  Inst_CPU/Inst_CP/R32_use/registro[4].FF_D_use/temp_reg/C
    SLICE_X37Y42         FDCE (Prop_fdce_C_Q)         0.141     0.141 r  Inst_CPU/Inst_CP/R32_use/registro[4].FF_D_use/temp_reg/Q
                         net (fo=6, routed)           0.783     0.924    BOOTLOADER_use/s_PC[4]
    SLICE_X9Y47          LUT3 (Prop_lut3_I1_O)        0.045     0.969 r  BOOTLOADER_use/RAM_reg_0_255_0_0_i_6__0/O
                         net (fo=512, routed)         0.254     1.223    Inst_CPU/Inst_MemInstr/RAM_reg_512_767_29_29/A4
    SLICE_X8Y48          RAMS64E                                      r  Inst_CPU/Inst_MemInstr/RAM_reg_512_767_29_29/RAMS64E_A/ADR4
  -------------------------------------------------------------------    -------------------

                         (clock sys_clk_pin rise edge)
                                                      0.000     0.000 r  
    W5                                                0.000     0.000 r  clk_100MHz (IN)
                         net (fo=0)                   0.000     0.000    clk_100MHz
    W5                   IBUF (Prop_ibuf_I_O)         0.414     0.414 r  clk_100MHz_IBUF_inst/O
                         net (fo=1, routed)           0.685     1.099    clk_100MHz_IBUF
    BUFGCTRL_X0Y1        BUFG (Prop_bufg_I_O)         0.029     1.128 r  clk_100MHz_IBUF_BUFG_inst/O
                         net (fo=796, routed)         0.837     1.964    Inst_CPU/Inst_MemInstr/RAM_reg_512_767_29_29/WCLK
    SLICE_X8Y48          RAMS64E                                      r  Inst_CPU/Inst_MemInstr/RAM_reg_512_767_29_29/RAMS64E_A/CLK

Slack:                    inf
  Source:                 Inst_CPU/Inst_CP/R32_use/registro[4].FF_D_use/temp_reg/C
                            (rising edge-triggered cell FDCE)
  Destination:            Inst_CPU/Inst_MemInstr/RAM_reg_512_767_29_29/RAMS64E_B/ADR4
                            (rising edge-triggered cell RAMS64E clocked by sys_clk_pin  {rise@0.000ns fall@5.000ns period=10.000ns})
  Path Group:             (none)
  Path Type:              Hold (Min at Fast Process Corner)
  Data Path Delay:        1.223ns  (logic 0.186ns (15.205%)  route 1.037ns (84.795%))
  Logic Levels:           2  (FDCE=1 LUT3=1)
  Clock Uncertainty:      0.025ns  ((TSJ^2 + TIJ^2)^1/2 + DJ) / 2 + PE
    Total System Jitter     (TSJ):    0.050ns
    Total Input Jitter      (TIJ):    0.000ns
    Discrete Jitter          (DJ):    0.000ns
    Phase Error              (PE):    0.000ns

    Location             Delay type                Incr(ns)  Path(ns)    Netlist Resource(s)
  -------------------------------------------------------------------    -------------------
    SLICE_X37Y42         FDCE                         0.000     0.000 r  Inst_CPU/Inst_CP/R32_use/registro[4].FF_D_use/temp_reg/C
    SLICE_X37Y42         FDCE (Prop_fdce_C_Q)         0.141     0.141 r  Inst_CPU/Inst_CP/R32_use/registro[4].FF_D_use/temp_reg/Q
                         net (fo=6, routed)           0.783     0.924    BOOTLOADER_use/s_PC[4]
    SLICE_X9Y47          LUT3 (Prop_lut3_I1_O)        0.045     0.969 r  BOOTLOADER_use/RAM_reg_0_255_0_0_i_6__0/O
                         net (fo=512, routed)         0.254     1.223    Inst_CPU/Inst_MemInstr/RAM_reg_512_767_29_29/A4
    SLICE_X8Y48          RAMS64E                                      r  Inst_CPU/Inst_MemInstr/RAM_reg_512_767_29_29/RAMS64E_B/ADR4
  -------------------------------------------------------------------    -------------------

                         (clock sys_clk_pin rise edge)
                                                      0.000     0.000 r  
    W5                                                0.000     0.000 r  clk_100MHz (IN)
                         net (fo=0)                   0.000     0.000    clk_100MHz
    W5                   IBUF (Prop_ibuf_I_O)         0.414     0.414 r  clk_100MHz_IBUF_inst/O
                         net (fo=1, routed)           0.685     1.099    clk_100MHz_IBUF
    BUFGCTRL_X0Y1        BUFG (Prop_bufg_I_O)         0.029     1.128 r  clk_100MHz_IBUF_BUFG_inst/O
                         net (fo=796, routed)         0.837     1.964    Inst_CPU/Inst_MemInstr/RAM_reg_512_767_29_29/WCLK
    SLICE_X8Y48          RAMS64E                                      r  Inst_CPU/Inst_MemInstr/RAM_reg_512_767_29_29/RAMS64E_B/CLK

Slack:                    inf
  Source:                 Inst_CPU/Inst_CP/R32_use/registro[4].FF_D_use/temp_reg/C
                            (rising edge-triggered cell FDCE)
  Destination:            Inst_CPU/Inst_MemInstr/RAM_reg_512_767_29_29/RAMS64E_C/ADR4
                            (rising edge-triggered cell RAMS64E clocked by sys_clk_pin  {rise@0.000ns fall@5.000ns period=10.000ns})
  Path Group:             (none)
  Path Type:              Hold (Min at Fast Process Corner)
  Data Path Delay:        1.223ns  (logic 0.186ns (15.205%)  route 1.037ns (84.795%))
  Logic Levels:           2  (FDCE=1 LUT3=1)
  Clock Uncertainty:      0.025ns  ((TSJ^2 + TIJ^2)^1/2 + DJ) / 2 + PE
    Total System Jitter     (TSJ):    0.050ns
    Total Input Jitter      (TIJ):    0.000ns
    Discrete Jitter          (DJ):    0.000ns
    Phase Error              (PE):    0.000ns

    Location             Delay type                Incr(ns)  Path(ns)    Netlist Resource(s)
  -------------------------------------------------------------------    -------------------
    SLICE_X37Y42         FDCE                         0.000     0.000 r  Inst_CPU/Inst_CP/R32_use/registro[4].FF_D_use/temp_reg/C
    SLICE_X37Y42         FDCE (Prop_fdce_C_Q)         0.141     0.141 r  Inst_CPU/Inst_CP/R32_use/registro[4].FF_D_use/temp_reg/Q
                         net (fo=6, routed)           0.783     0.924    BOOTLOADER_use/s_PC[4]
    SLICE_X9Y47          LUT3 (Prop_lut3_I1_O)        0.045     0.969 r  BOOTLOADER_use/RAM_reg_0_255_0_0_i_6__0/O
                         net (fo=512, routed)         0.254     1.223    Inst_CPU/Inst_MemInstr/RAM_reg_512_767_29_29/A4
    SLICE_X8Y48          RAMS64E                                      r  Inst_CPU/Inst_MemInstr/RAM_reg_512_767_29_29/RAMS64E_C/ADR4
  -------------------------------------------------------------------    -------------------

                         (clock sys_clk_pin rise edge)
                                                      0.000     0.000 r  
    W5                                                0.000     0.000 r  clk_100MHz (IN)
                         net (fo=0)                   0.000     0.000    clk_100MHz
    W5                   IBUF (Prop_ibuf_I_O)         0.414     0.414 r  clk_100MHz_IBUF_inst/O
                         net (fo=1, routed)           0.685     1.099    clk_100MHz_IBUF
    BUFGCTRL_X0Y1        BUFG (Prop_bufg_I_O)         0.029     1.128 r  clk_100MHz_IBUF_BUFG_inst/O
                         net (fo=796, routed)         0.837     1.964    Inst_CPU/Inst_MemInstr/RAM_reg_512_767_29_29/WCLK
    SLICE_X8Y48          RAMS64E                                      r  Inst_CPU/Inst_MemInstr/RAM_reg_512_767_29_29/RAMS64E_C/CLK

Slack:                    inf
  Source:                 Inst_CPU/Inst_CP/R32_use/registro[4].FF_D_use/temp_reg/C
                            (rising edge-triggered cell FDCE)
  Destination:            Inst_CPU/Inst_MemInstr/RAM_reg_512_767_29_29/RAMS64E_D/ADR4
                            (rising edge-triggered cell RAMS64E clocked by sys_clk_pin  {rise@0.000ns fall@5.000ns period=10.000ns})
  Path Group:             (none)
  Path Type:              Hold (Min at Fast Process Corner)
  Data Path Delay:        1.223ns  (logic 0.186ns (15.205%)  route 1.037ns (84.795%))
  Logic Levels:           2  (FDCE=1 LUT3=1)
  Clock Uncertainty:      0.025ns  ((TSJ^2 + TIJ^2)^1/2 + DJ) / 2 + PE
    Total System Jitter     (TSJ):    0.050ns
    Total Input Jitter      (TIJ):    0.000ns
    Discrete Jitter          (DJ):    0.000ns
    Phase Error              (PE):    0.000ns

    Location             Delay type                Incr(ns)  Path(ns)    Netlist Resource(s)
  -------------------------------------------------------------------    -------------------
    SLICE_X37Y42         FDCE                         0.000     0.000 r  Inst_CPU/Inst_CP/R32_use/registro[4].FF_D_use/temp_reg/C
    SLICE_X37Y42         FDCE (Prop_fdce_C_Q)         0.141     0.141 r  Inst_CPU/Inst_CP/R32_use/registro[4].FF_D_use/temp_reg/Q
                         net (fo=6, routed)           0.783     0.924    BOOTLOADER_use/s_PC[4]
    SLICE_X9Y47          LUT3 (Prop_lut3_I1_O)        0.045     0.969 r  BOOTLOADER_use/RAM_reg_0_255_0_0_i_6__0/O
                         net (fo=512, routed)         0.254     1.223    Inst_CPU/Inst_MemInstr/RAM_reg_512_767_29_29/A4
    SLICE_X8Y48          RAMS64E                                      r  Inst_CPU/Inst_MemInstr/RAM_reg_512_767_29_29/RAMS64E_D/ADR4
  -------------------------------------------------------------------    -------------------

                         (clock sys_clk_pin rise edge)
                                                      0.000     0.000 r  
    W5                                                0.000     0.000 r  clk_100MHz (IN)
                         net (fo=0)                   0.000     0.000    clk_100MHz
    W5                   IBUF (Prop_ibuf_I_O)         0.414     0.414 r  clk_100MHz_IBUF_inst/O
                         net (fo=1, routed)           0.685     1.099    clk_100MHz_IBUF
    BUFGCTRL_X0Y1        BUFG (Prop_bufg_I_O)         0.029     1.128 r  clk_100MHz_IBUF_BUFG_inst/O
                         net (fo=796, routed)         0.837     1.964    Inst_CPU/Inst_MemInstr/RAM_reg_512_767_29_29/WCLK
    SLICE_X8Y48          RAMS64E                                      r  Inst_CPU/Inst_MemInstr/RAM_reg_512_767_29_29/RAMS64E_D/CLK

Slack:                    inf
  Source:                 Inst_CPU/Inst_CP/R32_use/registro[5].FF_D_use/temp_reg/C
                            (rising edge-triggered cell FDCE)
  Destination:            Inst_CPU/Inst_MemInstr/RAM_reg_0_255_29_29/RAMS64E_A/ADR5
                            (rising edge-triggered cell RAMS64E clocked by sys_clk_pin  {rise@0.000ns fall@5.000ns period=10.000ns})
  Path Group:             (none)
  Path Type:              Hold (Min at Fast Process Corner)
  Data Path Delay:        1.226ns  (logic 0.186ns (15.165%)  route 1.040ns (84.835%))
  Logic Levels:           2  (FDCE=1 LUT3=1)
  Clock Uncertainty:      0.025ns  ((TSJ^2 + TIJ^2)^1/2 + DJ) / 2 + PE
    Total System Jitter     (TSJ):    0.050ns
    Total Input Jitter      (TIJ):    0.000ns
    Discrete Jitter          (DJ):    0.000ns
    Phase Error              (PE):    0.000ns

    Location             Delay type                Incr(ns)  Path(ns)    Netlist Resource(s)
  -------------------------------------------------------------------    -------------------
    SLICE_X40Y44         FDCE                         0.000     0.000 r  Inst_CPU/Inst_CP/R32_use/registro[5].FF_D_use/temp_reg/C
    SLICE_X40Y44         FDCE (Prop_fdce_C_Q)         0.141     0.141 r  Inst_CPU/Inst_CP/R32_use/registro[5].FF_D_use/temp_reg/Q
                         net (fo=6, routed)           0.759     0.900    BOOTLOADER_use/s_PC[5]
    SLICE_X7Y49          LUT3 (Prop_lut3_I1_O)        0.045     0.945 r  BOOTLOADER_use/RAM_reg_0_255_0_0_i_5__0/O
                         net (fo=512, routed)         0.281     1.226    Inst_CPU/Inst_MemInstr/RAM_reg_0_255_29_29/A5
    SLICE_X6Y49          RAMS64E                                      r  Inst_CPU/Inst_MemInstr/RAM_reg_0_255_29_29/RAMS64E_A/ADR5
  -------------------------------------------------------------------    -------------------

                         (clock sys_clk_pin rise edge)
                                                      0.000     0.000 r  
    W5                                                0.000     0.000 r  clk_100MHz (IN)
                         net (fo=0)                   0.000     0.000    clk_100MHz
    W5                   IBUF (Prop_ibuf_I_O)         0.414     0.414 r  clk_100MHz_IBUF_inst/O
                         net (fo=1, routed)           0.685     1.099    clk_100MHz_IBUF
    BUFGCTRL_X0Y1        BUFG (Prop_bufg_I_O)         0.029     1.128 r  clk_100MHz_IBUF_BUFG_inst/O
                         net (fo=796, routed)         0.865     1.992    Inst_CPU/Inst_MemInstr/RAM_reg_0_255_29_29/WCLK
    SLICE_X6Y49          RAMS64E                                      r  Inst_CPU/Inst_MemInstr/RAM_reg_0_255_29_29/RAMS64E_A/CLK

Slack:                    inf
  Source:                 Inst_CPU/Inst_CP/R32_use/registro[5].FF_D_use/temp_reg/C
                            (rising edge-triggered cell FDCE)
  Destination:            Inst_CPU/Inst_MemInstr/RAM_reg_0_255_29_29/RAMS64E_B/ADR5
                            (rising edge-triggered cell RAMS64E clocked by sys_clk_pin  {rise@0.000ns fall@5.000ns period=10.000ns})
  Path Group:             (none)
  Path Type:              Hold (Min at Fast Process Corner)
  Data Path Delay:        1.226ns  (logic 0.186ns (15.165%)  route 1.040ns (84.835%))
  Logic Levels:           2  (FDCE=1 LUT3=1)
  Clock Uncertainty:      0.025ns  ((TSJ^2 + TIJ^2)^1/2 + DJ) / 2 + PE
    Total System Jitter     (TSJ):    0.050ns
    Total Input Jitter      (TIJ):    0.000ns
    Discrete Jitter          (DJ):    0.000ns
    Phase Error              (PE):    0.000ns

    Location             Delay type                Incr(ns)  Path(ns)    Netlist Resource(s)
  -------------------------------------------------------------------    -------------------
    SLICE_X40Y44         FDCE                         0.000     0.000 r  Inst_CPU/Inst_CP/R32_use/registro[5].FF_D_use/temp_reg/C
    SLICE_X40Y44         FDCE (Prop_fdce_C_Q)         0.141     0.141 r  Inst_CPU/Inst_CP/R32_use/registro[5].FF_D_use/temp_reg/Q
                         net (fo=6, routed)           0.759     0.900    BOOTLOADER_use/s_PC[5]
    SLICE_X7Y49          LUT3 (Prop_lut3_I1_O)        0.045     0.945 r  BOOTLOADER_use/RAM_reg_0_255_0_0_i_5__0/O
                         net (fo=512, routed)         0.281     1.226    Inst_CPU/Inst_MemInstr/RAM_reg_0_255_29_29/A5
    SLICE_X6Y49          RAMS64E                                      r  Inst_CPU/Inst_MemInstr/RAM_reg_0_255_29_29/RAMS64E_B/ADR5
  -------------------------------------------------------------------    -------------------

                         (clock sys_clk_pin rise edge)
                                                      0.000     0.000 r  
    W5                                                0.000     0.000 r  clk_100MHz (IN)
                         net (fo=0)                   0.000     0.000    clk_100MHz
    W5                   IBUF (Prop_ibuf_I_O)         0.414     0.414 r  clk_100MHz_IBUF_inst/O
                         net (fo=1, routed)           0.685     1.099    clk_100MHz_IBUF
    BUFGCTRL_X0Y1        BUFG (Prop_bufg_I_O)         0.029     1.128 r  clk_100MHz_IBUF_BUFG_inst/O
                         net (fo=796, routed)         0.865     1.992    Inst_CPU/Inst_MemInstr/RAM_reg_0_255_29_29/WCLK
    SLICE_X6Y49          RAMS64E                                      r  Inst_CPU/Inst_MemInstr/RAM_reg_0_255_29_29/RAMS64E_B/CLK

Slack:                    inf
  Source:                 Inst_CPU/Inst_CP/R32_use/registro[5].FF_D_use/temp_reg/C
                            (rising edge-triggered cell FDCE)
  Destination:            Inst_CPU/Inst_MemInstr/RAM_reg_0_255_29_29/RAMS64E_C/ADR5
                            (rising edge-triggered cell RAMS64E clocked by sys_clk_pin  {rise@0.000ns fall@5.000ns period=10.000ns})
  Path Group:             (none)
  Path Type:              Hold (Min at Fast Process Corner)
  Data Path Delay:        1.226ns  (logic 0.186ns (15.165%)  route 1.040ns (84.835%))
  Logic Levels:           2  (FDCE=1 LUT3=1)
  Clock Uncertainty:      0.025ns  ((TSJ^2 + TIJ^2)^1/2 + DJ) / 2 + PE
    Total System Jitter     (TSJ):    0.050ns
    Total Input Jitter      (TIJ):    0.000ns
    Discrete Jitter          (DJ):    0.000ns
    Phase Error              (PE):    0.000ns

    Location             Delay type                Incr(ns)  Path(ns)    Netlist Resource(s)
  -------------------------------------------------------------------    -------------------
    SLICE_X40Y44         FDCE                         0.000     0.000 r  Inst_CPU/Inst_CP/R32_use/registro[5].FF_D_use/temp_reg/C
    SLICE_X40Y44         FDCE (Prop_fdce_C_Q)         0.141     0.141 r  Inst_CPU/Inst_CP/R32_use/registro[5].FF_D_use/temp_reg/Q
                         net (fo=6, routed)           0.759     0.900    BOOTLOADER_use/s_PC[5]
    SLICE_X7Y49          LUT3 (Prop_lut3_I1_O)        0.045     0.945 r  BOOTLOADER_use/RAM_reg_0_255_0_0_i_5__0/O
                         net (fo=512, routed)         0.281     1.226    Inst_CPU/Inst_MemInstr/RAM_reg_0_255_29_29/A5
    SLICE_X6Y49          RAMS64E                                      r  Inst_CPU/Inst_MemInstr/RAM_reg_0_255_29_29/RAMS64E_C/ADR5
  -------------------------------------------------------------------    -------------------

                         (clock sys_clk_pin rise edge)
                                                      0.000     0.000 r  
    W5                                                0.000     0.000 r  clk_100MHz (IN)
                         net (fo=0)                   0.000     0.000    clk_100MHz
    W5                   IBUF (Prop_ibuf_I_O)         0.414     0.414 r  clk_100MHz_IBUF_inst/O
                         net (fo=1, routed)           0.685     1.099    clk_100MHz_IBUF
    BUFGCTRL_X0Y1        BUFG (Prop_bufg_I_O)         0.029     1.128 r  clk_100MHz_IBUF_BUFG_inst/O
                         net (fo=796, routed)         0.865     1.992    Inst_CPU/Inst_MemInstr/RAM_reg_0_255_29_29/WCLK
    SLICE_X6Y49          RAMS64E                                      r  Inst_CPU/Inst_MemInstr/RAM_reg_0_255_29_29/RAMS64E_C/CLK

Slack:                    inf
  Source:                 Inst_CPU/Inst_CP/R32_use/registro[5].FF_D_use/temp_reg/C
                            (rising edge-triggered cell FDCE)
  Destination:            Inst_CPU/Inst_MemInstr/RAM_reg_0_255_29_29/RAMS64E_D/ADR5
                            (rising edge-triggered cell RAMS64E clocked by sys_clk_pin  {rise@0.000ns fall@5.000ns period=10.000ns})
  Path Group:             (none)
  Path Type:              Hold (Min at Fast Process Corner)
  Data Path Delay:        1.226ns  (logic 0.186ns (15.165%)  route 1.040ns (84.835%))
  Logic Levels:           2  (FDCE=1 LUT3=1)
  Clock Uncertainty:      0.025ns  ((TSJ^2 + TIJ^2)^1/2 + DJ) / 2 + PE
    Total System Jitter     (TSJ):    0.050ns
    Total Input Jitter      (TIJ):    0.000ns
    Discrete Jitter          (DJ):    0.000ns
    Phase Error              (PE):    0.000ns

    Location             Delay type                Incr(ns)  Path(ns)    Netlist Resource(s)
  -------------------------------------------------------------------    -------------------
    SLICE_X40Y44         FDCE                         0.000     0.000 r  Inst_CPU/Inst_CP/R32_use/registro[5].FF_D_use/temp_reg/C
    SLICE_X40Y44         FDCE (Prop_fdce_C_Q)         0.141     0.141 r  Inst_CPU/Inst_CP/R32_use/registro[5].FF_D_use/temp_reg/Q
                         net (fo=6, routed)           0.759     0.900    BOOTLOADER_use/s_PC[5]
    SLICE_X7Y49          LUT3 (Prop_lut3_I1_O)        0.045     0.945 r  BOOTLOADER_use/RAM_reg_0_255_0_0_i_5__0/O
                         net (fo=512, routed)         0.281     1.226    Inst_CPU/Inst_MemInstr/RAM_reg_0_255_29_29/A5
    SLICE_X6Y49          RAMS64E                                      r  Inst_CPU/Inst_MemInstr/RAM_reg_0_255_29_29/RAMS64E_D/ADR5
  -------------------------------------------------------------------    -------------------

                         (clock sys_clk_pin rise edge)
                                                      0.000     0.000 r  
    W5                                                0.000     0.000 r  clk_100MHz (IN)
                         net (fo=0)                   0.000     0.000    clk_100MHz
    W5                   IBUF (Prop_ibuf_I_O)         0.414     0.414 r  clk_100MHz_IBUF_inst/O
                         net (fo=1, routed)           0.685     1.099    clk_100MHz_IBUF
    BUFGCTRL_X0Y1        BUFG (Prop_bufg_I_O)         0.029     1.128 r  clk_100MHz_IBUF_BUFG_inst/O
                         net (fo=796, routed)         0.865     1.992    Inst_CPU/Inst_MemInstr/RAM_reg_0_255_29_29/WCLK
    SLICE_X6Y49          RAMS64E                                      r  Inst_CPU/Inst_MemInstr/RAM_reg_0_255_29_29/RAMS64E_D/CLK





